id,first_name,last_name,email,gender,ip_address
1,Mason,Nolan,mnolan0@boston.com,Male,54.74.165.119
2,Leone,Pegg,lpegg1@tinyurl.com,Female,72.195.251.82
3,Godfree,Hanley,ghanley2@blogspot.com,Male,55.249.153.174
4,Amelie,Baitman,abaitman3@arizona.edu,Female,107.122.26.192
5,Myles,Kosiada,mkosiada4@columbia.edu,Male,3.172.193.27
6,Stern,Stanett,sstanett5@msu.edu,Male,9.193.79.81
7,Helene,Jays,hjays6@theglobeandmail.com,Female,192.77.38.183
8,Lucita,Wadlow,lwadlow7@opera.com,Female,229.167.200.124
9,Tani,Dobney,tdobney8@npr.org,Female,11.68.55.174
10,Arlyn,Gasnoll,agasnoll9@ihg.com,Bigender,120.136.65.160
11,Piotr,Spiaggia,pspiaggiaa@printfriendly.com,Male,129.149.122.8
12,Mercedes,Gourdon,mgourdonb@flavors.me,Female,227.152.147.15
13,Hermine,MacGauhy,hmacgauhyc@toplist.cz,Female,194.24.5.15
14,Cole,Dignon,cdignond@cbslocal.com,Male,62.185.200.4
15,Guenna,Cork,gcorke@w3.org,Female,91.250.246.40
16,Marty,Blacksland,mblackslandf@xrea.com,Male,34.169.20.69
17,Rubia,McInally,rmcinallyg@forbes.com,Female,88.31.235.94
18,Melitta,Musico,mmusicoh@live.com,Female,166.82.107.10
19,Oliver,Dalziel,odalzieli@mapquest.com,Male,230.2.94.83
20,Alanna,Robinett,arobinettj@simplemachines.org,Female,41.162.135.249
21,Kennan,Jessup,kjessupk@census.gov,Male,167.250.29.219
22,Luci,Niesel,lniesell@shareasale.com,Female,85.80.119.2
23,Wilfred,Trittam,wtrittamm@github.com,Male,220.228.102.244
24,Hakeem,Beaven,hbeavenn@cnn.com,Male,81.63.108.62
25,Grantham,Sparham,gsparhamo@mapy.cz,Male,121.14.20.129
26,Hynda,Salerno,hsalernop@buzzfeed.com,Female,50.208.25.39
27,Ray,Dodds,rdoddsq@godaddy.com,Female,10.230.145.211
28,Ella,Wellman,ewellmanr@youtube.com,Female,32.174.2.139
29,Tammie,Meany,tmeanys@clickbank.net,Female,105.37.54.41
30,Adelbert,McNellis,amcnellist@topsy.com,Male,220.30.192.230
31,Nathanil,Gravell,ngravellu@ycombinator.com,Male,254.135.200.223
32,Twyla,Adrain,tadrainv@vk.com,Female,4.152.154.250
33,Gawain,Skirlin,gskirlinw@cnn.com,Male,61.17.62.214
34,Merry,Durston,mdurstonx@businessinsider.com,Male,233.15.164.16
35,Elfrieda,Beeching,ebeechingy@blogs.com,Female,254.199.45.247
36,Gweneth,McAlister,gmcalisterz@macromedia.com,Female,107.47.100.37
37,Job,Thurgood,jthurgood10@hugedomains.com,Male,146.57.221.118
38,Wang,Cockshtt,wcockshtt11@icq.com,Male,10.156.108.131
39,Javier,Balassa,jbalassa12@boston.com,Male,30.11.182.47
40,Sydney,Archanbault,sarchanbault13@disqus.com,Male,90.127.47.135
41,Goober,Maciejewski,gmaciejewski14@meetup.com,Male,32.179.237.69
42,Maressa,Houson,mhouson15@un.org,Female,154.117.15.85
43,Lisle,Dwerryhouse,ldwerryhouse16@angelfire.com,Male,2.2.224.36
44,Cassius,Moncreif,cmoncreif17@sogou.com,Male,58.60.165.80
45,Alvin,Rishbrook,arishbrook18@github.com,Male,28.45.78.131
46,Averyl,De Ortega,adeortega19@netscape.com,Genderfluid,129.119.120.49
47,Juditha,Heater,jheater1a@ft.com,Polygender,14.73.28.189
48,Seymour,Fronzek,sfronzek1b@house.gov,Male,206.226.69.45
49,Caryl,Metzel,cmetzel1c@sogou.com,Female,152.147.191.220
50,Phineas,Gooder,pgooder1d@scribd.com,Male,34.59.48.91
51,Nefen,Mullord,nmullord1e@patch.com,Male,62.156.207.95
52,Anthe,Gosdin,agosdin1f@ezinearticles.com,Female,169.148.206.165
53,Charin,Gibson,cgibson1g@slate.com,Female,81.69.254.97
54,Audry,Pickless,apickless1h@vistaprint.com,Female,208.244.45.3
55,Mitchel,Rotlauf,mrotlauf1i@wikimedia.org,Male,86.44.233.105
56,Mac,Blunn,mblunn1j@ning.com,Male,29.172.139.2
57,Aymer,Baulcombe,abaulcombe1k@jugem.jp,Male,231.113.57.194
58,Rosemarie,Petrichat,rpetrichat1l@nasa.gov,Female,173.120.13.95
59,Sayer,Bantick,sbantick1m@princeton.edu,Male,118.73.73.221
60,Marjy,Wash,mwash1n@furl.net,Female,206.74.12.65
61,Haydon,Kneeland,hkneeland1o@spiegel.de,Male,254.124.109.77
62,Gracia,Lillee,glillee1p@devhub.com,Female,101.188.183.172
63,Frankie,Pilling,fpilling1q@joomla.org,Female,82.24.105.217
64,Udall,Rudkin,urudkin1r@cafepress.com,Male,72.230.13.173
65,Ronny,Camamill,rcamamill1s@parallels.com,Female,192.85.241.13
66,Rayner,Deporte,rdeporte1t@seattletimes.com,Male,205.31.141.179
67,Pearla,Garthside,pgarthside1u@bigcartel.com,Female,184.232.185.85
68,Norean,Gallear,ngallear1v@arstechnica.com,Female,66.53.98.77
69,Mirabelle,Staples,mstaples1w@forbes.com,Female,194.153.95.90
70,Cristina,Starr,cstarr1x@etsy.com,Female,216.107.163.126
71,Adelbert,Dawber,adawber1y@slashdot.org,Male,129.137.250.46
72,Radcliffe,Fullerton,rfullerton1z@arstechnica.com,Male,250.249.26.129
73,Loralie,Meric,lmeric20@i2i.jp,Female,172.105.129.215
74,Fitzgerald,Cruse,fcruse21@hostgator.com,Male,65.62.56.0
75,Bennett,Stuck,bstuck22@tumblr.com,Male,196.31.0.107
76,Derron,Klyner,dklyner23@discuz.net,Male,225.3.149.44
77,Augustine,Skirrow,askirrow24@businessweek.com,Male,65.249.106.110
78,Rurik,Doey,rdoey25@irs.gov,Genderqueer,173.228.52.250
79,Mandi,Smewings,msmewings26@statcounter.com,Female,155.198.188.110
80,Emile,Azam,eazam27@kickstarter.com,Male,76.182.89.150
81,Anastassia,Eakens,aeakens28@godaddy.com,Female,207.13.7.147
82,Kaela,Clifford,kclifford29@miibeian.gov.cn,Female,128.193.51.144
83,Melany,Dyhouse,mdyhouse2a@stanford.edu,Female,246.18.244.113
84,Katharyn,Conybear,kconybear2b@wordpress.org,Female,211.129.165.72
85,Dolph,Jeanesson,djeanesson2c@stumbleupon.com,Male,6.143.103.29
86,Byrann,Gaskin,bgaskin2d@narod.ru,Male,206.74.183.164
87,Betti,Tilsley,btilsley2e@psu.edu,Female,73.210.78.252
88,Skipp,Turbern,sturbern2f@webnode.com,Genderfluid,99.141.246.139
89,Gerladina,Jeanesson,gjeanesson2g@devhub.com,Female,158.48.79.97
90,Scotty,Fellini,sfellini2h@delicious.com,Male,23.110.59.25
91,Delbert,Gherardi,dgherardi2i@technorati.com,Male,255.120.51.223
92,Billie,Ericsson,bericsson2j@over-blog.com,Female,154.66.21.83
93,Gery,Saffle,gsaffle2k@typepad.com,Bigender,124.113.48.237
94,Laney,Feige,lfeige2l@angelfire.com,Male,244.241.38.16
95,Morna,Thackham,mthackham2m@dagondesign.com,Female,75.166.152.16
96,Antin,Minchella,aminchella2n@illinois.edu,Non-binary,25.86.28.204
97,Auguste,Loseke,aloseke2o@archive.org,Genderfluid,110.46.162.215
98,Frank,Gofton,fgofton2p@senate.gov,Male,37.33.10.81
99,Ameline,Gass,agass2q@ca.gov,Non-binary,119.124.103.151
100,Timmie,Stotherfield,tstotherfield2r@freewebs.com,Male,206.0.180.73
101,Elsey,Priestland,epriestland2s@e-recht24.de,Female,232.37.216.133
102,Carry,Rann,crann2t@facebook.com,Female,207.186.223.39
103,Ethelred,Fone,efone2u@odnoklassniki.ru,Male,104.209.68.52
104,Almeta,Fosse,afosse2v@discuz.net,Female,247.80.229.167
105,Toiboid,Dignall,tdignall2w@clickbank.net,Male,186.33.20.88
106,Valry,Binder,vbinder2x@issuu.com,Female,109.229.158.29
107,Zahara,Quincey,zquincey2y@hugedomains.com,Female,142.16.209.216
108,Lemmie,Geeves,lgeeves2z@zimbio.com,Male,69.202.5.31
109,Anatollo,Churly,achurly30@ca.gov,Male,160.32.79.178
110,Ken,MacCumiskey,kmaccumiskey31@yelp.com,Male,198.32.136.117
111,Ryley,Camden,rcamden32@walmart.com,Male,157.138.63.203
112,Marc,Daniaud,mdaniaud33@sciencedirect.com,Male,66.118.189.157
113,Scot,Arndt,sarndt34@plala.or.jp,Male,116.74.157.10
114,Conchita,Hyndes,chyndes35@digg.com,Female,70.251.111.155
115,Bernette,Clarabut,bclarabut36@accuweather.com,Female,72.115.72.93
116,Agace,Gawthrope,agawthrope37@goodreads.com,Female,174.61.255.193
117,Arlyne,Winterbottom,awinterbottom38@clickbank.net,Female,242.74.104.25
118,Sax,Tyer,styer39@goodreads.com,Male,246.129.181.252
119,Bar,Blackbourn,bblackbourn3a@yahoo.co.jp,Male,253.217.251.45
120,Caroljean,Kindall,ckindall3b@gov.uk,Female,56.199.68.148
121,Rebekah,Witul,rwitul3c@oakley.com,Female,6.83.64.121
122,Henrieta,MacCard,hmaccard3d@acquirethisname.com,Female,78.169.24.109
123,Egor,Chaffen,echaffen3e@ask.com,Male,86.67.69.128
124,Manfred,Ullrich,mullrich3f@phpbb.com,Male,234.67.102.79
125,Nicolas,Brise,nbrise3g@cbsnews.com,Male,211.81.249.106
126,Izzy,Quinby,iquinby3h@hud.gov,Male,149.36.126.242
127,Jobie,Paumier,jpaumier3i@princeton.edu,Female,186.30.21.73
128,Earle,Lace,elace3j@npr.org,Male,244.15.205.57
129,Les,Jacobsson,ljacobsson3k@engadget.com,Male,234.194.67.152
130,Cece,Badman,cbadman3l@yale.edu,Genderfluid,20.51.233.170
131,Pearle,Whistlecraft,pwhistlecraft3m@hatena.ne.jp,Female,77.157.113.189
132,Mateo,Earley,mearley3n@ftc.gov,Male,176.6.33.247
133,Logan,Reidie,lreidie3o@imdb.com,Male,242.113.200.233
134,Alysa,Perell,aperell3p@dyndns.org,Female,34.124.60.29
135,Archibold,Sterley,asterley3q@admin.ch,Male,207.220.248.38
136,Sam,Treffry,streffry3r@scientificamerican.com,Female,202.88.236.38
137,Tate,Skerm,tskerm3s@dagondesign.com,Male,154.55.112.165
138,Clementia,Follen,cfollen3t@hc360.com,Polygender,62.22.20.231
139,Berti,Van Arsdalen,bvanarsdalen3u@theatlantic.com,Male,120.61.40.8
140,Twila,Wheaton,twheaton3v@canalblog.com,Female,113.35.44.1
141,Amby,Lipp,alipp3w@ustream.tv,Male,225.143.207.62
142,Brittni,Webberley,bwebberley3x@lulu.com,Female,128.116.101.73
143,Fanechka,Novik,fnovik3y@go.com,Agender,28.26.39.225
144,Ira,Binny,ibinny3z@mit.edu,Male,22.231.115.129
145,Ara,Haccleton,ahaccleton40@ted.com,Male,129.238.95.170
146,Kathryne,Hunnicutt,khunnicutt41@cafepress.com,Female,243.127.99.36
147,Tori,Johns,tjohns42@harvard.edu,Female,76.34.92.120
148,Josias,Franzman,jfranzman43@furl.net,Polygender,252.56.41.174
149,Lonnie,Tondeur,ltondeur44@blogger.com,Female,172.85.206.247
150,Brock,Scotland,bscotland45@army.mil,Male,101.245.165.15
151,Jeremiah,Patesel,jpatesel46@e-recht24.de,Male,129.148.215.128
152,Arin,Ghent,aghent47@cloudflare.com,Bigender,188.214.235.124
153,Garrik,Allender,gallender48@latimes.com,Genderqueer,96.136.213.138
154,Eddie,Bellsham,ebellsham49@webeden.co.uk,Male,228.76.100.193
155,Coriss,La Vigne,clavigne4a@rediff.com,Female,126.183.117.249
156,Lee,Gosling,lgosling4b@ft.com,Male,199.97.63.60
157,Lucais,Groll,lgroll4c@wsj.com,Male,73.55.15.204
158,Charity,Zupa,czupa4d@prnewswire.com,Female,159.107.236.110
159,Dora,Martland,dmartland4e@hugedomains.com,Female,14.196.195.249
160,Aleen,Oppery,aoppery4f@admin.ch,Female,179.40.54.136
161,Eduard,Longega,elongega4g@dyndns.org,Male,233.192.233.58
162,Osgood,Molines,omolines4h@tripadvisor.com,Male,160.17.61.120
163,Claudetta,Sammons,csammons4i@tripod.com,Female,138.67.222.8
164,Margarethe,Camber,mcamber4j@hhs.gov,Female,75.11.191.202
165,Amelina,Neads,aneads4k@mashable.com,Female,190.216.44.117
166,Adrianna,McColm,amccolm4l@prweb.com,Female,65.61.99.190
167,Carolus,Cota,ccota4m@infoseek.co.jp,Male,40.141.150.132
168,Madison,Hellwich,mhellwich4n@state.gov,Male,104.42.99.132
169,Bethina,Agron,bagron4o@amazon.com,Female,54.17.191.12
170,Dallis,Priditt,dpriditt4p@tiny.cc,Male,226.87.35.76
171,Maddi,Neesam,mneesam4q@smh.com.au,Female,15.75.0.196
172,Emmit,Balden,ebalden4r@whitehouse.gov,Male,184.248.92.57
173,Yovonnda,Maffulli,ymaffulli4s@blogtalkradio.com,Female,193.69.251.230
174,Brok,Stivens,bstivens4t@bbc.co.uk,Male,118.247.96.147
175,Alexine,Campagne,acampagne4u@businesswire.com,Female,81.4.89.218
176,Wood,Sawart,wsawart4v@squidoo.com,Male,164.50.104.186
177,Georgette,Brendel,gbrendel4w@accuweather.com,Female,130.45.177.169
178,Darell,Gajewski,dgajewski4x@tamu.edu,Female,12.78.6.65
179,Igor,Gripton,igripton4y@state.tx.us,Male,98.151.166.146
180,Keri,Jahan,kjahan4z@hp.com,Female,17.179.180.157
181,Candy,Cansdall,ccansdall50@vistaprint.com,Female,37.97.97.46
182,Addie,Bridel,abridel51@studiopress.com,Genderfluid,195.168.163.226
183,Humfried,Mullany,hmullany52@mtv.com,Male,108.59.24.228
184,Rosmunda,Road,rroad53@baidu.com,Female,103.87.62.177
185,Robbert,Godin,rgodin54@qq.com,Male,76.145.209.96
186,Shani,Goudman,sgoudman55@dailymotion.com,Non-binary,52.44.112.158
187,Lillis,Tuley,ltuley56@jigsy.com,Female,35.232.74.245
188,Marquita,Gepheart,mgepheart57@discovery.com,Female,190.214.49.229
189,Maynard,Bollin,mbollin58@reuters.com,Male,11.42.79.250
190,Oates,Thebe,othebe59@google.com,Male,55.187.15.12
191,Lauryn,Garaghan,lgaraghan5a@sourceforge.net,Female,89.36.155.53
192,Marys,Kirgan,mkirgan5b@mozilla.com,Female,203.229.150.83
193,Wylie,Palomba,wpalomba5c@msu.edu,Male,76.111.154.239
194,Donovan,Spradbery,dspradbery5d@tripadvisor.com,Genderqueer,64.165.219.62
195,Sal,Bullar,sbullar5e@guardian.co.uk,Agender,146.205.122.70
196,Celesta,Antao,cantao5f@bravesites.com,Female,222.143.64.40
197,Kitti,Buesnel,kbuesnel5g@google.com,Female,135.85.124.74
198,Cosette,Grigoli,cgrigoli5h@stumbleupon.com,Female,192.62.151.43
199,Turner,Ommanney,tommanney5i@archive.org,Male,52.10.46.7
200,Aloysius,Bolton,abolton5j@dot.gov,Male,243.18.1.56
201,Truda,Muff,tmuff5k@mail.ru,Female,180.92.34.31
202,Harriett,Gairdner,hgairdner5l@google.cn,Female,30.134.75.242
203,Arne,Northall,anorthall5m@exblog.jp,Male,64.108.18.84
204,Kevyn,Runcie,kruncie5n@bizjournals.com,Female,1.75.92.119
205,Giustina,Back,gback5o@biblegateway.com,Female,188.237.46.40
206,Marisa,Crayke,mcrayke5p@printfriendly.com,Female,106.129.181.74
207,Aldo,Bolingbroke,abolingbroke5q@gizmodo.com,Male,174.56.164.56
208,Terri,Hazlegrove,thazlegrove5r@home.pl,Female,218.138.82.31
209,Stern,Paolotto,spaolotto5s@businessinsider.com,Male,234.102.198.247
210,Merill,Keitley,mkeitley5t@ifeng.com,Male,247.137.134.55
211,Neall,Bunnell,nbunnell5u@intel.com,Male,8.33.117.189
212,Guthrie,Broske,gbroske5v@goo.gl,Male,12.178.155.42
213,Edd,Metterick,emetterick5w@hao123.com,Male,240.170.66.236
214,Sutherlan,Canellas,scanellas5x@wikimedia.org,Male,75.196.194.184
215,Vivien,Schirok,vschirok5y@earthlink.net,Female,73.165.210.90
216,Mahalia,Aubert,maubert5z@scribd.com,Female,3.240.159.69
217,Dareen,Bolter,dbolter60@ustream.tv,Female,70.189.212.104
218,Vladimir,Cant,vcant61@nytimes.com,Male,79.172.207.197
219,Patty,Kacheller,pkacheller62@prnewswire.com,Female,29.155.176.108
220,Mable,Holde,mholde63@deviantart.com,Female,252.72.74.112
221,Winny,Klesel,wklesel64@wikispaces.com,Male,178.84.123.80
222,Minor,Agostini,magostini65@typepad.com,Male,97.243.52.138
223,Derick,Dykins,ddykins66@cyberchimps.com,Male,195.21.130.128
224,Stacee,Verdy,sverdy67@123-reg.co.uk,Female,128.44.121.196
225,Estella,Twoohy,etwoohy68@e-recht24.de,Female,100.77.131.145
226,Effie,Beteriss,ebeteriss69@free.fr,Bigender,87.138.136.45
227,Trace,Stutely,tstutely6a@example.com,Male,229.72.187.111
228,Abie,Bascomb,abascomb6b@loc.gov,Male,58.160.254.93
229,Miran,Yendall,myendall6c@vistaprint.com,Female,59.13.85.5
230,Renelle,Lermit,rlermit6d@stumbleupon.com,Female,239.233.225.14
231,Fred,Rapp,frapp6e@gizmodo.com,Male,208.157.34.118
232,Nikki,Culshew,nculshew6f@surveymonkey.com,Genderfluid,82.65.16.90
233,Zara,Bridat,zbridat6g@auda.org.au,Female,53.92.49.64
234,D'arcy,Matieu,dmatieu6h@addthis.com,Male,129.244.78.232
235,Roberto,Haffner,rhaffner6i@engadget.com,Male,218.249.220.202
236,Mavis,Enderlein,menderlein6j@reuters.com,Female,24.181.100.235
237,Wolf,Spawton,wspawton6k@fema.gov,Male,247.169.165.242
238,Drusy,Broadberrie,dbroadberrie6l@webmd.com,Female,140.56.209.54
239,Amaleta,Innocenti,ainnocenti6m@zimbio.com,Female,220.94.254.90
240,Maris,Major,mmajor6n@wufoo.com,Female,229.47.143.45
241,Hedwig,Peeters,hpeeters6o@netlog.com,Female,1.34.180.101
242,Jase,Paton,jpaton6p@ovh.net,Male,10.247.117.57
243,Brianne,Smeeth,bsmeeth6q@cargocollective.com,Female,190.2.51.240
244,Marylou,Murty,mmurty6r@printfriendly.com,Female,218.119.75.249
245,Edlin,Littlecote,elittlecote6s@1688.com,Male,59.50.120.148
246,Kelley,Toman,ktoman6t@technorati.com,Female,147.1.56.165
247,Noel,Bellison,nbellison6u@samsung.com,Female,50.239.47.70
248,Genna,Rosso,grosso6v@spotify.com,Female,132.63.92.241
249,Isidora,Else,ielse6w@wp.com,Female,168.49.249.251
250,Alanson,Frow,afrow6x@exblog.jp,Male,170.13.38.143
251,Hal,Eassom,heassom6y@xrea.com,Male,38.136.41.204
252,Linc,Capp,lcapp6z@exblog.jp,Male,246.247.190.1
253,Doug,Oughton,doughton70@multiply.com,Male,100.228.153.204
254,Linnea,Otto,lotto71@123-reg.co.uk,Female,144.58.216.157
255,Christyna,Chimienti,cchimienti72@admin.ch,Female,91.190.229.179
256,Brennen,Whether,bwhether73@hexun.com,Male,90.220.51.34
257,Lynne,Welman,lwelman74@walmart.com,Female,157.0.23.210
258,Ferdie,Vassel,fvassel75@feedburner.com,Male,39.65.31.217
259,Marin,Ding,mding76@buzzfeed.com,Female,127.254.65.104
260,Bambi,McLanaghan,bmclanaghan77@skyrock.com,Female,252.194.178.14
261,Ddene,Inseal,dinseal78@e-recht24.de,Female,223.103.1.54
262,Nathanil,Seamark,nseamark79@un.org,Male,143.13.183.152
263,Cookie,Megroff,cmegroff7a@behance.net,Genderqueer,105.157.178.156
264,Cristionna,Dibb,cdibb7b@bandcamp.com,Female,31.223.201.129
265,Patric,Bartoszinski,pbartoszinski7c@admin.ch,Male,181.33.128.67
266,Dexter,Rouby,drouby7d@reddit.com,Male,29.246.208.196
267,Agustin,Norway,anorway7e@reverbnation.com,Male,103.184.131.129
268,Kylila,Lemonby,klemonby7f@prlog.org,Female,31.86.92.195
269,Natalee,Wooland,nwooland7g@w3.org,Non-binary,5.255.92.160
270,Goddart,Kail,gkail7h@unesco.org,Male,125.252.32.126
271,Hildegaard,Force,hforce7i@cafepress.com,Female,102.113.9.30
272,Hyacintha,Polson,hpolson7j@dmoz.org,Female,72.99.44.248
273,Efrem,Geator,egeator7k@networksolutions.com,Male,201.26.200.113
274,Lavinie,Earsman,learsman7l@illinois.edu,Female,227.166.196.141
275,Willamina,Widdicombe,wwiddicombe7m@opensource.org,Polygender,96.165.27.41
276,Netta,Fitchen,nfitchen7n@nationalgeographic.com,Female,86.249.149.111
277,Justinn,Tetla,jtetla7o@360.cn,Female,16.23.167.194
278,Curt,Cauldfield,ccauldfield7p@stanford.edu,Male,217.183.144.132
279,Marchelle,Ambrogioni,mambrogioni7q@adobe.com,Female,175.88.26.220
280,Jessalyn,Trassler,jtrassler7r@addtoany.com,Female,3.53.201.134
281,Jolyn,Tollerton,jtollerton7s@wiley.com,Female,30.249.17.224
282,Karlotta,Meikle,kmeikle7t@vinaora.com,Female,169.157.50.24
283,Alberik,Pencott,apencott7u@histats.com,Male,55.31.13.235
284,Jamie,Stansbie,jstansbie7v@cnet.com,Female,33.50.164.240
285,Rowland,Bertie,rbertie7w@psu.edu,Male,242.196.68.65
286,Lenci,Landman,llandman7x@about.com,Male,117.124.134.104
287,Gordie,Klesel,gklesel7y@lulu.com,Male,81.75.155.164
288,Godfree,Kearey,gkearey7z@free.fr,Male,225.19.35.210
289,Adore,Knowlden,aknowlden80@cmu.edu,Female,23.137.84.182
290,Alys,Haggard,ahaggard81@va.gov,Agender,37.185.171.119
291,Sholom,Slany,sslany82@acquirethisname.com,Male,200.241.143.229
292,Rorke,Quixley,rquixley83@blogger.com,Male,62.122.205.39
293,Estelle,McCarlich,emccarlich84@naver.com,Bigender,157.199.64.197
294,Danya,Ravelus,dravelus85@oaic.gov.au,Male,118.68.116.45
295,Ned,Mulheron,nmulheron86@naver.com,Male,160.38.54.151
296,Abbi,McNevin,amcnevin87@hud.gov,Female,88.89.221.230
297,Paula,Chrstine,pchrstine88@meetup.com,Female,106.216.149.18
298,Tallie,Siemens,tsiemens89@hugedomains.com,Female,205.82.241.19
299,Mildrid,Akenhead,makenhead8a@patch.com,Female,69.197.24.182
300,Isidro,Ausiello,iausiello8b@dell.com,Genderqueer,72.19.49.7
301,Sim,Henrys,shenrys8c@pcworld.com,Male,219.187.183.104
302,Brion,Olding,bolding8d@ehow.com,Male,38.8.229.178
303,Teresita,Herculeson,therculeson8e@eepurl.com,Female,20.194.31.237
304,Ivonne,Tilne,itilne8f@cbc.ca,Female,142.56.53.161
305,Dee,Sertin,dsertin8g@illinois.edu,Female,209.159.8.217
306,Dionis,Quartley,dquartley8h@netvibes.com,Female,183.125.235.13
307,Eydie,Drewes,edrewes8i@networksolutions.com,Female,109.106.126.192
308,Mandie,Hassett,mhassett8j@mapy.cz,Female,222.208.104.122
309,Irwin,Hadlington,ihadlington8k@eventbrite.com,Male,121.145.224.103
310,Tootsie,Trees,ttrees8l@a8.net,Female,197.120.21.234
311,Kit,Barfitt,kbarfitt8m@mtv.com,Male,66.209.103.97
312,Boris,Stronge,bstronge8n@samsung.com,Male,92.223.131.226
313,Oran,Munton,omunton8o@netscape.com,Male,88.113.72.4
314,Pinchas,Usher,pusher8p@state.gov,Male,6.25.78.12
315,Giulio,Loweth,gloweth8q@cdbaby.com,Male,106.71.113.232
316,Jordana,Clutterbuck,jclutterbuck8r@cpanel.net,Female,246.254.49.220
317,Paulie,Gawkes,pgawkes8s@addtoany.com,Female,149.211.190.253
318,Aprilette,Grammer,agrammer8t@disqus.com,Female,209.71.168.227
319,Raychel,MacVanamy,rmacvanamy8u@ox.ac.uk,Female,185.129.8.73
320,Gardener,Mattheis,gmattheis8v@cdc.gov,Male,188.142.5.96
321,Bevon,Shurville,bshurville8w@canalblog.com,Male,199.164.15.110
322,Millie,De Winton,mdewinton8x@reverbnation.com,Agender,112.158.210.140
323,Nadean,MacDuffie,nmacduffie8y@berkeley.edu,Female,58.61.175.191
324,Min,Potten,mpotten8z@zdnet.com,Female,7.216.94.138
325,Maure,Dubble,mdubble90@thetimes.co.uk,Female,43.113.250.82
326,Zorana,Bon,zbon91@fda.gov,Female,105.152.82.82
327,Gabrila,Seiler,gseiler92@mlb.com,Female,38.139.24.144
328,Sondra,Palley,spalley93@aboutads.info,Female,130.131.126.13
329,Miltie,Garrod,mgarrod94@about.me,Male,6.107.186.220
330,Rustie,Glowacki,rglowacki95@businessweek.com,Male,137.174.192.176
331,Marianne,Jolin,mjolin96@cocolog-nifty.com,Non-binary,39.116.116.50
332,Gordon,Cassius,gcassius97@mozilla.org,Male,180.74.127.64
333,Erie,Cortez,ecortez98@purevolume.com,Male,186.8.179.200
334,Beverlie,Bouts,bbouts99@bizjournals.com,Female,194.212.153.54
335,Fred,Whimp,fwhimp9a@china.com.cn,Female,225.230.5.212
336,Cale,Jelly,cjelly9b@amazonaws.com,Male,217.244.155.245
337,Izak,Le Gall,ilegall9c@samsung.com,Male,170.197.169.33
338,Travers,Downton,tdownton9d@miitbeian.gov.cn,Male,61.56.153.88
339,Tresa,Genney,tgenney9e@wiley.com,Female,77.134.248.120
340,Aryn,O'Shevlin,aoshevlin9f@icio.us,Female,202.38.162.169
341,Berthe,Torra,btorra9g@businesswire.com,Female,57.36.73.122
342,Amelie,Twinning,atwinning9h@utexas.edu,Agender,205.233.142.167
343,Ardath,Cod,acod9i@deliciousdays.com,Female,106.165.84.254
344,Sherilyn,Fraschini,sfraschini9j@fastcompany.com,Female,196.180.43.116
345,Cortie,Dauney,cdauney9k@google.com.hk,Male,175.87.156.89
346,Stillmann,Hoggan,shoggan9l@istockphoto.com,Male,93.136.247.38
347,Kippy,Creamen,kcreamen9m@fastcompany.com,Male,252.17.192.122
348,Brade,Foch,bfoch9n@loc.gov,Male,187.235.155.69
349,York,Blaxlande,yblaxlande9o@creativecommons.org,Male,223.135.88.228
350,Leisha,Grisdale,lgrisdale9p@sakura.ne.jp,Female,245.192.226.168
351,Mimi,Kohler,mkohler9q@blog.com,Female,223.226.145.88
352,Marwin,Casacchia,mcasacchia9r@zdnet.com,Male,234.117.194.65
353,Celeste,Viste,cviste9s@google.it,Female,143.46.111.139
354,Byron,Gadault,bgadault9t@vkontakte.ru,Male,106.63.238.218
355,Teresita,Mahomet,tmahomet9u@msu.edu,Female,179.53.111.205
356,Tonia,Aldren,taldren9v@seesaa.net,Female,43.252.7.233
357,Julienne,Leist,jleist9w@unc.edu,Female,87.57.111.8
358,Robbie,Beaument,rbeaument9x@google.it,Male,4.191.81.121
359,Gabrila,Brugemann,gbrugemann9y@ocn.ne.jp,Female,111.85.225.234
360,Ebony,Elder,eelder9z@example.com,Female,5.111.131.63
361,Tabina,Lemonby,tlemonbya0@domainmarket.com,Female,219.46.233.191
362,Tomlin,Reston,trestona1@dedecms.com,Male,130.154.83.60
363,Paulina,Brosi,pbrosia2@networkadvertising.org,Female,105.48.157.170
364,Oran,Bonallick,obonallicka3@google.com,Male,3.112.190.105
365,Drew,Greensted,dgreensteda4@ucla.edu,Male,107.246.106.65
366,Gran,MacSweeney,gmacsweeneya5@statcounter.com,Male,5.144.183.144
367,Osmund,Plomer,oplomera6@angelfire.com,Male,108.159.96.12
368,Dunstan,Humphris,dhumphrisa7@apache.org,Male,203.215.173.2
369,Domini,Kellington,dkellingtona8@slideshare.net,Female,168.59.176.195
370,Noby,McKinley,nmckinleya9@dagondesign.com,Genderqueer,130.83.36.15
371,Legra,Dell Casa,ldellcasaaa@theatlantic.com,Female,83.72.168.146
372,Nobie,Gaskins,ngaskinsab@cisco.com,Male,221.130.144.9
373,Gal,Vigne,gvigneac@sitemeter.com,Male,216.146.189.167
374,Floris,Iredell,firedellad@twitpic.com,Female,149.160.48.145
375,Asher,Hearson,ahearsonae@aboutads.info,Male,93.171.87.88
376,Debee,Dunnan,ddunnanaf@thetimes.co.uk,Female,73.236.193.222
377,Gail,Forman,gformanag@princeton.edu,Male,242.205.76.218
378,Ruthy,Cockle,rcockleah@ovh.net,Female,161.49.45.230
379,Carolynn,Hoult,choultai@weebly.com,Non-binary,181.236.182.45
380,Audie,Upson,aupsonaj@ebay.com,Female,83.209.167.222
381,Carry,Neubigin,cneubiginak@privacy.gov.au,Female,123.126.11.105
382,Dotty,Crinson,dcrinsonal@e-recht24.de,Female,20.240.117.66
383,Jeannine,Brydone,jbrydoneam@desdev.cn,Female,172.154.205.207
384,Edgard,Goudy,egoudyan@netscape.com,Male,32.27.138.1
385,Zach,Powland,zpowlandao@hibu.com,Male,227.155.119.96
386,Caryn,De Blasio,cdeblasioap@ftc.gov,Female,135.215.92.67
387,Johann,Gianettini,jgianettiniaq@rambler.ru,Male,218.45.38.1
388,Flossi,Roos,froosar@usgs.gov,Female,46.172.172.224
389,Elwood,Duker,edukeras@ustream.tv,Male,75.165.148.252
390,Daisey,Goldup,dgoldupat@cnbc.com,Female,111.142.185.235
391,Fritz,Morrill,fmorrillau@histats.com,Male,178.159.75.91
392,Conney,Stonary,cstonaryav@cnbc.com,Male,248.43.144.102
393,Gertrudis,Leighfield,gleighfieldaw@usa.gov,Female,180.213.153.223
394,Stacy,Casswell,scasswellax@flickr.com,Female,254.10.60.120
395,Terrye,Matteucci,tmatteucciay@yellowpages.com,Female,41.231.114.45
396,Chan,Hayselden,chayseldenaz@sfgate.com,Male,109.200.62.243
397,Violet,Nabarro,vnabarrob0@sourceforge.net,Female,229.83.193.173
398,Lenora,Erdes,lerdesb1@nps.gov,Polygender,53.102.126.2
399,Florian,Kineton,fkinetonb2@sfgate.com,Male,9.100.165.4
400,Jemie,Espinet,jespinetb3@mediafire.com,Female,109.127.14.219
401,Kellia,Brisard,kbrisardb4@imdb.com,Female,30.234.15.166
402,Adria,Stratford,astratfordb5@statcounter.com,Female,3.247.15.254
403,Delmer,Dillamore,ddillamoreb6@google.cn,Male,36.229.177.218
404,Gun,Muzzillo,gmuzzillob7@ftc.gov,Male,58.213.244.3
405,Hardy,Quin,hquinb8@wufoo.com,Male,145.135.125.193
406,Eimile,Boltwood,eboltwoodb9@about.com,Female,48.101.178.55
407,Ingar,Winnard,iwinnardba@constantcontact.com,Male,139.71.252.106
408,Eliot,Bridgestock,ebridgestockbb@smh.com.au,Male,179.106.133.217
409,Alameda,Feasey,afeaseybc@amazon.de,Female,102.79.224.51
410,Perren,Halsall,phalsallbd@dot.gov,Male,50.148.199.82
411,Donaugh,Braden,dbradenbe@washington.edu,Male,239.154.198.85
412,Gianina,Van Der Hoog,gvanderhoogbf@youtu.be,Female,233.240.199.234
413,Lane,Scantlebury,lscantleburybg@arstechnica.com,Male,151.178.83.249
414,Vivian,Trotman,vtrotmanbh@ucoz.ru,Female,241.101.155.222
415,Ronalda,O' Gara,rogarabi@reddit.com,Female,200.210.254.6
416,Saidee,Stibbs,sstibbsbj@imgur.com,Female,143.38.225.121
417,Dalis,Challiner,dchallinerbk@fema.gov,Male,189.233.182.170
418,Karla,Angerstein,kangersteinbl@whitehouse.gov,Female,100.220.205.120
419,Tony,Kingh,tkinghbm@ftc.gov,Female,105.159.70.216
420,Sergei,Gircke,sgirckebn@arizona.edu,Male,251.224.174.54
421,Sascha,Inkpen,sinkpenbo@prnewswire.com,Male,0.248.58.129
422,Ives,Hovee,ihoveebp@flavors.me,Male,72.147.48.56
423,Chickie,Wakefield,cwakefieldbq@360.cn,Male,131.154.44.45
424,Randa,Meynell,rmeynellbr@patch.com,Female,175.155.198.211
425,Meghan,Gulleford,mgullefordbs@tuttocitta.it,Female,178.165.207.161
426,Jeanie,Dankov,jdankovbt@reverbnation.com,Female,191.236.153.107
427,Bryce,Minger,bmingerbu@tripod.com,Male,89.32.29.5
428,Tymothy,Gorry,tgorrybv@ameblo.jp,Male,119.151.57.130
429,Bonnibelle,Pepler,bpeplerbw@unblog.fr,Female,147.19.132.25
430,Nanette,Rodell,nrodellbx@stumbleupon.com,Female,124.252.17.252
431,Barclay,Tremblot,btremblotby@ehow.com,Male,249.78.15.8
432,Eddy,Gynne,egynnebz@ed.gov,Male,123.167.245.92
433,Ernaline,Macieja,emaciejac0@ameblo.jp,Bigender,9.59.8.216
434,Griz,Maitland,gmaitlandc1@tamu.edu,Male,123.155.49.35
435,Mannie,Dalziel,mdalzielc2@elpais.com,Male,8.92.210.206
436,Jacklyn,Long,jlongc3@twitpic.com,Female,167.53.230.186
437,Beth,Rubinovici,brubinovicic4@fda.gov,Female,27.20.122.184
438,Mel,Surmon,msurmonc5@vimeo.com,Male,252.239.6.89
439,Carmen,Branscomb,cbranscombc6@admin.ch,Female,38.52.50.135
440,Martie,Saylor,msaylorc7@latimes.com,Female,95.179.3.209
441,Angel,De Moreno,ademorenoc8@wikimedia.org,Female,42.0.166.64
442,Red,Buxton,rbuxtonc9@twitpic.com,Male,249.178.221.198
443,Harlin,Betteriss,hbetterissca@addthis.com,Male,40.215.210.103
444,Charissa,Parlot,cparlotcb@dion.ne.jp,Female,20.14.227.241
445,Jenna,Maffei,jmaffeicc@europa.eu,Female,63.104.251.18
446,Kori,Broe,kbroecd@hp.com,Female,212.47.177.68
447,Lizzie,Capper,lcapperce@nationalgeographic.com,Female,250.15.201.31
448,Otes,Klezmski,oklezmskicf@g.co,Male,166.96.228.140
449,Pascal,Reame,preamecg@bravesites.com,Male,56.95.154.88
450,Hasheem,Ovitts,hovittsch@marriott.com,Male,242.65.3.173
451,Edward,Wickerson,ewickersonci@wikimedia.org,Male,171.92.180.254
452,Myrilla,Eat,meatcj@bloglovin.com,Female,146.216.70.38
453,Kory,Kield,kkieldck@w3.org,Male,211.164.29.82
454,Shamus,Cathersides,scathersidescl@techcrunch.com,Male,89.124.212.234
455,Carolee,Patifield,cpatifieldcm@miibeian.gov.cn,Female,117.189.127.131
456,Aidan,Tresler,atreslercn@washingtonpost.com,Female,143.21.21.26
457,Thea,Erley,terleyco@smh.com.au,Female,31.136.61.79
458,Eliot,Honack,ehonackcp@uiuc.edu,Male,61.85.64.61
459,Rosana,Berringer,rberringercq@storify.com,Female,220.106.0.235
460,Kaleb,Braunlein,kbraunleincr@amazon.co.uk,Male,195.213.190.150
461,Vin,Cranney,vcranneycs@youtu.be,Male,24.227.96.207
462,Michal,Camilleri,mcamillerict@addthis.com,Female,116.205.220.56
463,Peyton,Sudworth,psudworthcu@wordpress.org,Genderqueer,183.175.79.96
464,Imogene,Roglieri,irogliericv@t.co,Female,109.22.4.11
465,Raymond,Godridge,rgodridgecw@theglobeandmail.com,Male,188.51.141.11
466,Brock,Achurch,bachurchcx@ovh.net,Male,115.240.224.224
467,Renard,Skocroft,rskocroftcy@blogs.com,Male,128.91.146.179
468,Emmet,Lissemore,elissemorecz@fema.gov,Male,196.109.19.253
469,Shandee,Witterick,switterickd0@gizmodo.com,Female,93.86.185.242
470,Deane,Dellatorre,ddellatorred1@weibo.com,Female,143.241.237.110
471,Adler,Tate,atated2@fastcompany.com,Male,153.131.43.95
472,Aubrette,Obeney,aobeneyd3@issuu.com,Genderqueer,81.200.190.127
473,Gottfried,Geratasch,ggerataschd4@google.de,Male,147.80.1.86
474,Patton,Cornewall,pcornewalld5@alexa.com,Polygender,20.6.147.119
475,Jeremiah,Polglaze,jpolglazed6@house.gov,Male,253.153.11.253
476,Archibaldo,Count,acountd7@fastcompany.com,Male,123.0.180.9
477,Judas,Wisam,jwisamd8@answers.com,Male,202.47.138.158
478,Herb,Anersen,hanersend9@npr.org,Male,140.188.174.116
479,Marsha,Humphrey,mhumphreyda@theatlantic.com,Female,193.8.242.157
480,Tracy,Risbie,trisbiedb@loc.gov,Female,209.110.33.39
481,El,Kornel,ekorneldc@biblegateway.com,Male,187.3.148.194
482,Roslyn,Rait,rraitdd@yellowpages.com,Female,219.121.154.38
483,Yorgo,Kilbride,ykilbridede@e-recht24.de,Male,86.8.130.97
484,Lindy,McCaffrey,lmccaffreydf@un.org,Male,80.168.112.119
485,Urban,Kilty,ukiltydg@amazon.co.jp,Male,28.62.148.87
486,Nadeen,Morgon,nmorgondh@tripadvisor.com,Female,218.147.125.34
487,Nerta,Forsard,nforsarddi@statcounter.com,Genderfluid,72.46.90.4
488,Yance,Garvill,ygarvilldj@ameblo.jp,Male,126.39.173.234
489,Jozef,Grahamslaw,jgrahamslawdk@bloomberg.com,Male,77.66.112.106
490,Abagael,Shewen,ashewendl@blogspot.com,Female,172.16.46.20
491,Georgeanne,Ellerington,gelleringtondm@answers.com,Female,69.254.140.116
492,Silvia,MacCaughey,smaccaugheydn@reference.com,Female,122.138.166.40
493,Delmer,Fruish,dfruishdo@intel.com,Male,47.26.254.91
494,Flo,Jeyes,fjeyesdp@ustream.tv,Female,96.159.61.186
495,Grantham,Rotherham,grotherhamdq@stanford.edu,Male,17.68.3.195
496,Iosep,Sherlaw,isherlawdr@miibeian.gov.cn,Genderqueer,35.241.4.90
497,Rhodie,Lennard,rlennardds@uiuc.edu,Non-binary,114.14.99.232
498,Mitchell,Reah,mreahdt@who.int,Male,228.138.96.229
499,Phillie,Pitkethly,ppitkethlydu@fema.gov,Female,223.189.121.101
500,Deck,Clyburn,dclyburndv@mac.com,Male,157.98.48.59
501,Conny,Cohr,ccohrdw@nyu.edu,Male,30.79.137.255
502,Odie,Fenelow,ofenelowdx@myspace.com,Male,176.83.35.37
503,Flori,Haldon,fhaldondy@chron.com,Female,150.52.32.21
504,Leonardo,Gowar,lgowardz@baidu.com,Male,190.66.221.104
505,Alla,Broscombe,abroscombee0@tuttocitta.it,Female,2.43.112.128
506,Tammara,Hallstone,thallstonee1@youtu.be,Female,167.58.156.25
507,Thelma,Rouzet,trouzete2@nbcnews.com,Female,59.67.2.16
508,Angelika,Pinwill,apinwille3@who.int,Female,79.119.227.202
509,Blancha,Kinver,bkinvere4@list-manage.com,Female,71.193.168.51
510,Ed,Brammer,ebrammere5@sciencedaily.com,Polygender,26.224.191.243
511,Earl,Strickett,estrickette6@usgs.gov,Male,57.250.205.198
512,Sascha,Flaune,sflaunee7@nationalgeographic.com,Male,57.134.202.217
513,Nickolaus,Meredith,nmeredithe8@nytimes.com,Male,113.211.121.113
514,Cointon,Duggan,cduggane9@amazon.com,Male,77.216.194.27
515,Efren,Trunkfield,etrunkfieldea@cpanel.net,Male,38.97.183.101
516,Giffer,Imbrey,gimbreyeb@twitpic.com,Male,114.59.127.42
517,Elga,Turley,eturleyec@yelp.com,Genderfluid,118.16.185.205
518,Gav,Servis,gservised@qq.com,Male,163.93.30.186
519,Michelle,Virr,mvirree@joomla.org,Female,88.82.198.147
520,Christos,Toseland,ctoselandef@sohu.com,Male,173.124.119.238
521,Waldemar,Tamsett,wtamsetteg@stanford.edu,Genderqueer,100.37.122.31
522,Darius,Elsey,delseyeh@whitehouse.gov,Male,0.140.184.60
523,Leslie,Arpur,larpurei@washington.edu,Male,105.66.213.155
524,Johann,Counsell,jcounsellej@google.com.br,Male,71.167.65.232
525,Michail,Veschambes,mveschambesek@princeton.edu,Male,19.171.15.239
526,Tisha,Khomich,tkhomichel@cam.ac.uk,Female,118.138.115.222
527,Jacklyn,Skamal,jskamalem@thetimes.co.uk,Genderfluid,248.122.105.9
528,Heddie,Yukhnev,hyukhneven@posterous.com,Female,85.204.7.200
529,Pris,McGenn,pmcgenneo@blog.com,Female,213.107.107.103
530,Erastus,Stanner,estannerep@berkeley.edu,Male,108.86.237.191
531,Romonda,Liptrod,rliptrodeq@sbwire.com,Female,242.241.161.72
532,Theodosia,Lusted,tlusteder@so-net.ne.jp,Female,5.127.29.102
533,Eldin,Perin,eperines@liveinternet.ru,Male,182.215.127.83
534,Lonee,Rudiger,lrudigeret@nsw.gov.au,Female,219.172.106.225
535,Rob,Janku,rjankueu@w3.org,Male,153.98.63.66
536,Demott,Pratt,dprattev@blogs.com,Male,202.111.240.38
537,Kermit,Verry,kverryew@privacy.gov.au,Bigender,78.7.88.188
538,Alisun,Scurry,ascurryex@mashable.com,Female,113.181.56.28
539,Vin,Beeble,vbeebleey@icq.com,Male,150.211.184.85
540,Dallis,Falkous,dfalkousez@discovery.com,Male,24.133.35.146
541,Chrissy,Sutworth,csutworthf0@netvibes.com,Genderfluid,87.161.74.163
542,Lesley,Sheen,lsheenf1@omniture.com,Male,250.212.208.217
543,Gisella,Phorsby,gphorsbyf2@biblegateway.com,Female,146.119.146.149
544,Allie,Drissell,adrissellf3@shareasale.com,Male,44.205.88.84
545,Twyla,Lassey,tlasseyf4@hugedomains.com,Female,147.191.138.57
546,Dasi,Longshaw,dlongshawf5@usnews.com,Female,58.251.203.48
547,Junette,Vaissiere,jvaissieref6@ovh.net,Female,214.44.9.244
548,Livvyy,Maleney,lmaleneyf7@myspace.com,Female,24.111.43.81
549,Rhiamon,Acarson,racarsonf8@unicef.org,Female,204.98.197.89
550,Silvanus,Guinn,sguinnf9@nbcnews.com,Male,180.121.142.149
551,Wilbur,Ivantyev,wivantyevfa@phoca.cz,Bigender,46.23.241.87
552,Elvira,Laflin,elaflinfb@marketwatch.com,Female,114.15.197.199
553,Antonino,Heinz,aheinzfc@xinhuanet.com,Male,1.225.46.160
554,Clyde,Turford,cturfordfd@a8.net,Agender,74.149.250.255
555,Bobbe,Tylor,btylorfe@pagesperso-orange.fr,Female,39.53.196.58
556,Zaneta,Donizeau,zdonizeauff@si.edu,Female,125.151.99.74
557,Roland,Lening,rleningfg@oaic.gov.au,Male,245.248.200.11
558,Barnebas,Leggs,bleggsfh@flickr.com,Male,83.27.51.196
559,Raimundo,Lyddyard,rlyddyardfi@hud.gov,Male,212.44.162.27
560,Archibald,Gockelen,agockelenfj@plala.or.jp,Male,210.152.197.69
561,Jean,Stanners,jstannersfk@deliciousdays.com,Female,252.116.191.155
562,Meade,Livingstone,mlivingstonefl@tripadvisor.com,Female,224.123.196.97
563,Murry,Dingwall,mdingwallfm@weather.com,Male,33.44.232.35
564,Thedric,Gollop,tgollopfn@zdnet.com,Male,212.241.197.178
565,Tad,Andryushchenko,tandryushchenkofo@google.de,Male,13.120.161.212
566,Marten,Dark,mdarkfp@de.vu,Genderqueer,189.91.20.143
567,Henry,Langcaster,hlangcasterfq@bbc.co.uk,Male,24.139.14.92
568,Cissy,Vine,cvinefr@tuttocitta.it,Genderfluid,138.0.51.219
569,Yance,Cheetham,ycheethamfs@fc2.com,Male,61.55.178.136
570,Micky,Easman,measmanft@ox.ac.uk,Male,115.233.80.63
571,Annetta,Phillipps,aphillippsfu@sphinn.com,Bigender,72.166.93.207
572,Franni,Tutsell,ftutsellfv@wikia.com,Female,25.99.146.91
573,Jacintha,Kornacki,jkornackifw@ebay.co.uk,Bigender,167.119.6.231
574,Blaine,Castelyn,bcastelynfx@npr.org,Male,7.84.213.95
575,Rosalynd,Hamel,rhamelfy@usa.gov,Female,118.218.255.10
576,Rickert,Garstang,rgarstangfz@reference.com,Agender,45.86.208.11
577,Dido,Chapleo,dchapleog0@weebly.com,Non-binary,189.36.171.40
578,Barret,Dany,bdanyg1@chicagotribune.com,Male,132.105.130.234
579,Nickolas,Daber,ndaberg2@nymag.com,Male,24.74.180.191
580,Hadrian,Dunston,hdunstong3@opera.com,Male,36.143.68.112
581,Patti,McCaughen,pmccaugheng4@google.nl,Female,126.141.172.47
582,Hewett,Sherrington,hsherringtong5@wisc.edu,Male,66.105.14.48
583,Archaimbaud,Culcheth,aculchethg6@google.cn,Male,135.50.159.239
584,Grata,Poat,gpoatg7@dailymail.co.uk,Female,214.223.251.85
585,Antonietta,Quigg,aquiggg8@ibm.com,Genderqueer,191.15.146.182
586,Niccolo,Tendahl,ntendahlg9@foxnews.com,Male,23.139.74.26
587,Marena,d' Eye,mdeyega@globo.com,Female,66.151.175.3
588,Clarence,Yellowley,cyellowleygb@bravesites.com,Male,75.51.120.96
589,Yale,McAlees,ymcaleesgc@t.co,Male,228.90.246.117
590,Jabez,Jagoe,jjagoegd@sbwire.com,Bigender,173.206.98.121
591,Ranee,Beauly,rbeaulyge@nba.com,Female,53.211.130.97
592,Angus,Mumbray,amumbraygf@si.edu,Male,92.76.89.101
593,Koenraad,Hayworth,khayworthgg@jugem.jp,Male,124.116.27.61
594,Consolata,Freed,cfreedgh@storify.com,Female,229.247.168.227
595,Kurtis,Butler,kbutlergi@shutterfly.com,Genderqueer,99.98.56.131
596,Pat,Mattiato,pmattiatogj@google.es,Female,241.191.128.234
597,Forster,Biggin,fbiggingk@sogou.com,Male,146.41.162.25
598,Laverne,Spong,lsponggl@icq.com,Female,124.252.168.200
599,Mandie,Lillee,mlilleegm@hhs.gov,Female,46.27.135.219
600,Alonso,Hagland,ahaglandgn@addtoany.com,Male,113.116.27.74
601,Wiley,Slowly,wslowlygo@seesaa.net,Male,147.161.149.193
602,Lauri,Gerber,lgerbergp@jiathis.com,Female,201.20.54.112
603,Natale,Shirland,nshirlandgq@g.co,Male,159.134.30.68
604,Augie,Burgh,aburghgr@sina.com.cn,Male,150.200.163.21
605,Brenden,Omond,bomondgs@domainmarket.com,Male,204.89.61.210
606,Crystie,Hamly,chamlygt@multiply.com,Female,90.76.190.147
607,Antons,Marmyon,amarmyongu@geocities.com,Male,106.137.198.0
608,Cornell,Martinets,cmartinetsgv@indiatimes.com,Male,122.233.186.64
609,Hildagarde,Clemencon,hclemencongw@reference.com,Female,242.100.124.127
610,Caril,Annets,cannetsgx@aol.com,Bigender,171.135.61.140
611,Brittan,Losselyong,blosselyonggy@java.com,Female,93.120.96.149
612,Beverly,Dufore,bduforegz@cpanel.net,Female,75.246.218.219
613,Aubree,McElory,amceloryh0@yandex.ru,Female,30.89.17.99
614,Sherm,Measor,smeasorh1@msu.edu,Male,141.87.77.36
615,Tore,Revens,trevensh2@ifeng.com,Male,62.97.152.143
616,Gardy,Rawlins,grawlinsh3@furl.net,Male,65.150.88.18
617,Johna,Laurenzi,jlaurenzih4@sfgate.com,Female,11.36.100.174
618,Farrah,Fells,ffellsh5@woothemes.com,Female,81.207.6.139
619,Sella,Tressler,stresslerh6@indiegogo.com,Female,112.230.229.37
620,Lorrayne,Koppeck,lkoppeckh7@webeden.co.uk,Female,134.255.65.43
621,Desmond,Rodenborch,drodenborchh8@xinhuanet.com,Male,222.248.145.225
622,Elita,Cope,ecopeh9@goodreads.com,Female,249.159.52.177
623,Myer,Erswell,merswellha@g.co,Male,36.100.142.39
624,Alvin,Rawne,arawnehb@arizona.edu,Male,74.120.141.138
625,Mavis,Coie,mcoiehc@theatlantic.com,Female,217.229.64.33
626,Rebecka,Farden,rfardenhd@cocolog-nifty.com,Female,151.132.136.31
627,Berne,Hatje,bhatjehe@google.com.au,Genderfluid,226.220.24.167
628,Colin,Sawter,csawterhf@patch.com,Male,48.203.21.181
629,Janenna,Maffey,jmaffeyhg@whitehouse.gov,Female,56.21.155.175
630,Gisele,Nairne,gnairnehh@home.pl,Female,164.145.59.83
631,Emogene,O'Giany,eogianyhi@hugedomains.com,Female,188.131.75.200
632,Osbert,Lambdin,olambdinhj@fda.gov,Bigender,113.40.107.244
633,Stephan,Curnow,scurnowhk@buzzfeed.com,Male,36.177.161.18
634,Ripley,Dutt,rdutthl@indiegogo.com,Male,183.227.117.160
635,Ram,Mahody,rmahodyhm@merriam-webster.com,Non-binary,206.145.59.152
636,Dot,Malam,dmalamhn@telegraph.co.uk,Female,129.125.73.171
637,Tymon,Searight,tsearightho@oakley.com,Male,10.22.10.136
638,Vassily,McCutcheon,vmccutcheonhp@constantcontact.com,Male,87.218.96.203
639,Violante,Alp,valphq@squidoo.com,Female,98.93.216.235
640,Afton,Velasquez,avelasquezhr@shinystat.com,Female,141.191.243.41
641,Carrissa,Tett,ctetths@aol.com,Female,11.130.105.141
642,Tonie,Slocumb,tslocumbht@ed.gov,Female,111.158.90.13
643,Koenraad,Dumberell,kdumberellhu@ocn.ne.jp,Male,123.185.68.123
644,Monika,Adamiak,madamiakhv@wisc.edu,Female,182.201.47.117
645,Wilhelmina,Gotecliffe,wgotecliffehw@facebook.com,Female,82.97.138.101
646,Meredeth,Caser,mcaserhx@oracle.com,Male,185.123.170.203
647,Sancho,Van de Velde,svandeveldehy@accuweather.com,Male,54.173.194.143
648,Pattin,Kmietsch,pkmietschhz@gnu.org,Agender,179.14.24.188
649,Lexine,Botte,lbottei0@wordpress.org,Female,48.213.100.15
650,Verge,Ellerker,vellerkeri1@slashdot.org,Male,210.58.238.99
651,Millard,Gammie,mgammiei2@ox.ac.uk,Male,167.150.54.83
652,Clarinda,Verecker,cvereckeri3@w3.org,Female,62.226.35.218
653,Sylas,Rippingall,srippingalli4@1688.com,Male,33.37.227.229
654,Klaus,Barriball,kbarriballi5@pbs.org,Male,14.186.3.225
655,Jaclyn,Cottis,jcottisi6@ca.gov,Female,165.59.9.207
656,Minda,Demangel,mdemangeli7@jimdo.com,Female,151.129.250.46
657,Waylon,de Marco,wdemarcoi8@wiley.com,Male,97.68.85.188
658,Yank,Minigo,yminigoi9@europa.eu,Male,57.230.101.102
659,Zerk,Evers,zeversia@shop-pro.jp,Male,213.200.247.176
660,Florina,St Leger,fstlegerib@constantcontact.com,Female,40.110.244.72
661,Inger,Bidmead,ibidmeadic@acquirethisname.com,Female,133.204.142.176
662,Hercules,Cowlam,hcowlamid@vimeo.com,Male,64.9.56.12
663,Zarah,Parke,zparkeie@desdev.cn,Female,140.173.109.54
664,Vivienne,Bugdale,vbugdaleif@home.pl,Female,34.170.149.83
665,Hershel,Eaton,heatonig@fc2.com,Male,39.189.255.127
666,Tirrell,Skeffington,tskeffingtonih@sciencedaily.com,Male,203.121.34.234
667,Eamon,Jelly,ejellyii@exblog.jp,Male,195.114.114.90
668,Wilt,Ayre,wayreij@cbc.ca,Male,146.83.182.162
669,Maridel,Nobes,mnobesik@php.net,Female,185.133.184.107
670,Evonne,Mort,emortil@uiuc.edu,Female,106.187.35.137
671,Meggie,Crambie,mcrambieim@alibaba.com,Female,208.16.200.107
672,Chery,Mancer,cmancerin@comsenz.com,Female,222.186.75.61
673,Skippie,Vasyagin,svasyaginio@guardian.co.uk,Male,213.89.100.244
674,Aleksandr,Danit,adanitip@altervista.org,Male,244.95.129.97
675,Anita,Blunsen,ablunseniq@opera.com,Female,109.86.56.148
676,Brander,Boshell,bboshellir@wired.com,Male,28.190.64.41
677,Emilie,Pogue,epogueis@plala.or.jp,Female,141.52.109.181
678,Anica,Scrimshire,ascrimshireit@digg.com,Female,239.134.2.16
679,Anthiathia,Reary,arearyiu@ucsd.edu,Female,32.158.163.83
680,Brooks,Obee,bobeeiv@microsoft.com,Female,41.55.181.67
681,Sheffy,Turmall,sturmalliw@shutterfly.com,Male,143.85.14.241
682,Ursulina,Defty,udeftyix@mashable.com,Female,120.200.16.72
683,Jarrod,Bewshea,jbewsheaiy@wikimedia.org,Male,154.125.169.23
684,Blondelle,Dunphy,bdunphyiz@weibo.com,Female,62.186.96.143
685,Emelyne,Andrus,eandrusj0@posterous.com,Female,205.124.45.43
686,Eldin,Percy,epercyj1@blogspot.com,Male,162.53.185.32
687,Jereme,Voules,jvoulesj2@fc2.com,Male,85.226.235.141
688,Filmer,Kissack,fkissackj3@nydailynews.com,Male,157.12.185.101
689,Luisa,Mitten,lmittenj4@opensource.org,Female,64.96.161.217
690,Jewelle,Swane,jswanej5@mysql.com,Female,175.34.34.87
691,Abelard,Ranald,aranaldj6@google.de,Male,187.89.171.44
692,Delmar,Lyttle,dlyttlej7@delicious.com,Male,140.172.90.63
693,Vikky,Borghese,vborghesej8@phoca.cz,Bigender,124.123.1.158
694,Tremain,Hadland,thadlandj9@unesco.org,Male,94.164.190.36
695,Tatiana,Nightingale,tnightingaleja@so-net.ne.jp,Polygender,205.29.144.3
696,Free,Wynrehame,fwynrehamejb@dedecms.com,Male,199.93.178.37
697,Babette,Land,blandjc@examiner.com,Female,227.22.7.249
698,Maribel,Baldwin,mbaldwinjd@wufoo.com,Female,118.138.41.87
699,Rianon,Morstatt,rmorstattje@independent.co.uk,Genderfluid,203.174.2.190
700,Yovonnda,Le Teve,yletevejf@marriott.com,Female,101.106.249.113
701,Reiko,Cringle,rcringlejg@fema.gov,Female,20.165.167.186
702,Alvina,Juett,ajuettjh@mapy.cz,Female,36.171.172.215
703,Charita,Dicey,cdiceyji@dyndns.org,Female,3.1.16.223
704,Corry,Gossan,cgossanjj@mail.ru,Female,194.180.59.187
705,Mercedes,Caraher,mcaraherjk@weather.com,Female,237.81.183.187
706,Cami,Trimble,ctrimblejl@pbs.org,Female,75.202.34.144
707,Juanita,Gogay,jgogayjm@flavors.me,Female,205.189.12.37
708,Adel,Shears,ashearsjn@geocities.jp,Polygender,40.150.76.144
709,Felicia,Lethley,flethleyjo@bing.com,Female,114.121.106.92
710,Netty,Hince,nhincejp@sogou.com,Female,216.89.153.1
711,Stacia,Creany,screanyjq@google.com.au,Polygender,71.195.58.112
712,Raddie,Bonnyson,rbonnysonjr@dion.ne.jp,Male,137.199.205.114
713,Merrilee,Sammons,msammonsjs@photobucket.com,Female,79.218.39.209
714,Joan,Bartalin,jbartalinjt@chron.com,Female,140.45.116.128
715,Dev,Pfeuffer,dpfeufferju@skyrock.com,Male,19.239.204.237
716,Vonni,Heinsen,vheinsenjv@slideshare.net,Female,222.26.78.112
717,Ulrika,Kirkby,ukirkbyjw@sfgate.com,Female,171.192.174.13
718,Hercules,Sinnock,hsinnockjx@amazon.com,Male,58.157.154.40
719,Michel,Spare,msparejy@facebook.com,Male,13.174.249.177
720,Bridie,MacDowal,bmacdowaljz@live.com,Female,17.103.133.196
721,Michell,Bodman,mbodmank0@dmoz.org,Agender,179.48.43.174
722,Jimmie,Kellogg,jkelloggk1@constantcontact.com,Male,153.81.155.225
723,Aridatha,Keggin,akeggink2@4shared.com,Female,87.189.113.60
724,Teddy,Sywell,tsywellk3@thetimes.co.uk,Male,25.26.130.77
725,Di,Hadcock,dhadcockk4@nyu.edu,Female,176.203.176.253
726,Steve,Simounet,ssimounetk5@elegantthemes.com,Male,82.195.72.89
727,Will,Scholard,wscholardk6@feedburner.com,Genderfluid,30.238.146.140
728,Felicdad,Markl,fmarklk7@youku.com,Female,167.43.99.8
729,Dee,Parfrey,dparfreyk8@comsenz.com,Female,22.180.26.118
730,Laural,Handmore,lhandmorek9@independent.co.uk,Female,80.178.195.155
731,Anne-marie,Liccardi,aliccardika@addtoany.com,Agender,210.20.180.184
732,Alexi,Tulleth,atullethkb@time.com,Female,17.62.181.234
733,Allx,Gout,agoutkc@sogou.com,Female,13.195.184.163
734,Maddi,Tocher,mtocherkd@wikia.com,Female,12.187.244.198
735,Jeffy,Mengo,jmengoke@spotify.com,Bigender,160.181.158.204
736,Nolly,Manuello,nmanuellokf@nydailynews.com,Male,192.69.117.226
737,Tomasine,Coudray,tcoudraykg@howstuffworks.com,Female,12.59.176.18
738,Sena,Robic,srobickh@ebay.com,Female,75.195.126.36
739,Corine,Whelpdale,cwhelpdaleki@sohu.com,Genderqueer,18.220.236.144
740,Benoite,Fishby,bfishbykj@posterous.com,Female,1.246.72.124
741,Steffane,Selesnick,sselesnickkk@infoseek.co.jp,Female,82.4.175.62
742,Ty,Marshalleck,tmarshalleckkl@usa.gov,Male,124.93.113.162
743,Merry,Mertel,mmertelkm@seattletimes.com,Genderqueer,139.21.144.187
744,Kennith,Waylen,kwaylenkn@ted.com,Male,210.50.127.122
745,Derron,Huguet,dhuguetko@t.co,Male,165.15.170.157
746,Phip,Ubank,pubankkp@netscape.com,Male,61.159.153.161
747,Maribelle,Priter,mpriterkq@photobucket.com,Female,176.109.244.96
748,Lucho,Summerlie,lsummerliekr@wikimedia.org,Male,205.73.217.117
749,Anestassia,Duferie,aduferieks@harvard.edu,Female,167.88.118.93
750,Hillyer,Bussell,hbussellkt@behance.net,Male,237.169.156.35
751,Kara-lynn,Streater,kstreaterku@is.gd,Female,133.109.177.172
752,Jacquie,Shotboulte,jshotboultekv@netvibes.com,Female,96.82.39.127
753,Douglass,Branch,dbranchkw@thetimes.co.uk,Male,185.5.142.238
754,Eleanor,Boanas,eboanaskx@nifty.com,Female,116.25.10.48
755,Michelina,Andreacci,mandreacciky@netlog.com,Genderfluid,81.164.241.59
756,Afton,Borkin,aborkinkz@wisc.edu,Female,2.208.248.173
757,Bartholemy,Tennick,btennickl0@homestead.com,Male,82.18.91.12
758,Zelig,Dawltrey,zdawltreyl1@cnet.com,Non-binary,214.227.196.67
759,Evangeline,Sirman,esirmanl2@cyberchimps.com,Female,191.198.154.228
760,Diahann,Titford,dtitfordl3@wordpress.com,Genderqueer,109.0.239.198
761,Rafaellle,MacCostye,rmaccostyel4@unesco.org,Male,172.151.69.18
762,Valaree,Recke,vreckel5@earthlink.net,Female,135.114.118.192
763,Mamie,Bodechon,mbodechonl6@example.com,Female,134.171.91.157
764,Thomasine,Shah,tshahl7@blogs.com,Female,230.105.5.32
765,Nicolle,Dryden,ndrydenl8@chronoengine.com,Female,139.224.236.135
766,Chaunce,Ryce,crycel9@artisteer.com,Male,164.102.194.16
767,Brigitta,Jocelyn,bjocelynla@ucoz.com,Female,216.219.147.128
768,Eugenie,Lerhinan,elerhinanlb@fda.gov,Female,16.65.188.199
769,Natale,Nicolson,nnicolsonlc@flickr.com,Male,89.200.130.47
770,Tucker,Mercy,tmercyld@seesaa.net,Male,4.238.87.131
771,Alister,Woodfin,awoodfinle@nsw.gov.au,Male,61.57.159.200
772,Krystalle,Sharrock,ksharrocklf@hc360.com,Female,228.106.18.36
773,Aldus,De Nisco,adeniscolg@theatlantic.com,Male,200.105.10.222
774,Deedee,Roskruge,droskrugelh@booking.com,Female,22.33.155.254
775,Tiena,Sokell,tsokellli@ezinearticles.com,Female,132.136.17.46
776,Clementius,Chavez,cchavezlj@surveymonkey.com,Male,50.21.255.125
777,Marsiella,Cawthry,mcawthrylk@ustream.tv,Female,85.24.119.231
778,Rutger,Burborough,rburboroughll@creativecommons.org,Male,156.6.129.121
779,Jessika,Calvard,jcalvardlm@army.mil,Female,146.145.94.224
780,Crysta,Bottlestone,cbottlestoneln@sfgate.com,Female,46.108.24.117
781,Kyle,Durgan,kdurganlo@economist.com,Male,52.38.123.69
782,Rasla,Fesby,rfesbylp@meetup.com,Female,231.111.241.140
783,Jefferson,Marcq,jmarcqlq@cbc.ca,Male,214.149.11.157
784,Calli,Branca,cbrancalr@quantcast.com,Female,30.206.134.242
785,Joann,Sackett,jsackettls@ezinearticles.com,Female,243.56.254.80
786,Anallise,Luca,alucalt@diigo.com,Genderqueer,13.201.247.149
787,Desdemona,Negal,dnegallu@latimes.com,Female,36.9.59.0
788,Layton,Bigrigg,lbigrigglv@squarespace.com,Male,5.89.169.77
789,Ora,Jewitt,ojewittlw@economist.com,Female,79.110.215.247
790,Claudette,Paolazzi,cpaolazzilx@freewebs.com,Female,208.49.219.44
791,Cinderella,Bristo,cbristoly@ifeng.com,Female,25.175.63.0
792,Friedrick,Gerard,fgerardlz@plala.or.jp,Male,5.62.31.49
793,Leia,Alldis,lalldism0@blinklist.com,Female,78.97.68.177
794,Gibby,Leadbetter,gleadbetterm1@dagondesign.com,Male,233.188.163.41
795,Aurelie,Dyment,adymentm2@cam.ac.uk,Genderfluid,208.235.255.204
796,Lisbeth,Theobalds,ltheobaldsm3@harvard.edu,Female,71.163.166.98
797,Quinlan,Pideon,qpideonm4@networkadvertising.org,Male,206.160.81.106
798,Raphael,Thumnel,rthumnelm5@godaddy.com,Agender,66.96.7.116
799,Tuck,Slee,tsleem6@a8.net,Male,41.245.11.237
800,Mateo,Keele,mkeelem7@jalbum.net,Male,241.25.42.206
801,Katusha,Leavy,kleavym8@printfriendly.com,Female,176.228.57.21
802,Agretha,Bulpitt,abulpittm9@marriott.com,Genderfluid,175.91.95.23
803,Chrysler,Stealy,cstealyma@soundcloud.com,Female,202.225.149.202
804,Burgess,Kubas,bkubasmb@geocities.com,Male,3.99.182.3
805,Patti,McIlheran,pmcilheranmc@dmoz.org,Female,129.155.80.209
806,Peder,Jaggar,pjaggarmd@unblog.fr,Genderfluid,159.108.132.158
807,Ethel,Loader,eloaderme@studiopress.com,Female,117.32.28.204
808,Osborne,Slay,oslaymf@bloglines.com,Male,177.6.195.238
809,Candide,Canto,ccantomg@com.com,Female,222.135.223.100
810,Lincoln,Croad,lcroadmh@upenn.edu,Male,227.161.174.62
811,Madelina,Boldero,mbolderomi@pen.io,Female,132.112.240.227
812,Martina,Cescon,mcesconmj@blogger.com,Female,59.69.47.20
813,Ambrosio,Eckersall,aeckersallmk@soundcloud.com,Male,223.155.201.133
814,Ogdan,Alker,oalkerml@toplist.cz,Male,16.117.192.70
815,Sally,Revell,srevellmm@ovh.net,Female,210.4.80.98
816,Susy,Garrattley,sgarrattleymn@cloudflare.com,Female,100.102.99.101
817,Patric,Lipman,plipmanmo@sfgate.com,Male,103.25.0.53
818,Natassia,Eddington,neddingtonmp@yahoo.com,Female,94.130.160.133
819,Chelsie,Connick,cconnickmq@ed.gov,Female,178.51.160.55
820,Jake,Klausen,jklausenmr@timesonline.co.uk,Male,139.146.210.216
821,Viviana,Hurleston,vhurlestonms@dedecms.com,Female,63.186.54.136
822,Oliver,Beazleigh,obeazleighmt@discuz.net,Male,164.157.163.186
823,Hallie,Birkbeck,hbirkbeckmu@yahoo.co.jp,Female,185.156.188.17
824,Brew,Braban,bbrabanmv@over-blog.com,Male,108.41.87.71
825,Davy,Cripin,dcripinmw@paginegialle.it,Male,173.193.94.78
826,Perla,Capps,pcappsmx@blinklist.com,Female,227.87.158.5
827,Roseanne,Grancher,rgranchermy@usnews.com,Female,26.203.140.18
828,Carolan,Pettegre,cpettegremz@wikipedia.org,Female,226.191.211.102
829,Malorie,Layburn,mlayburnn0@goo.gl,Female,203.246.13.83
830,Buck,Skeemor,bskeemorn1@go.com,Male,161.171.195.209
831,Ted,Crockford,tcrockfordn2@bizjournals.com,Male,166.185.141.33
832,Leroi,Fagan,lfagann3@topsy.com,Polygender,103.166.111.235
833,Darleen,Buntin,dbuntinn4@eventbrite.com,Female,241.98.105.54
834,Julie,Scoone,jscoonen5@java.com,Male,68.83.117.221
835,Grantley,Barge,gbargen6@cargocollective.com,Male,167.37.178.205
836,Tabbie,Daveran,tdaverann7@indiegogo.com,Female,203.14.7.127
837,Melloney,Poveleye,mpoveleyen8@unblog.fr,Female,240.246.20.252
838,Kakalina,Aggett,kaggettn9@mayoclinic.com,Female,58.246.248.169
839,Stacy,McMinn,smcminnna@parallels.com,Bigender,0.103.89.148
840,Helene,Lerigo,hlerigonb@comsenz.com,Female,210.90.159.74
841,Ara,Prazor,aprazornc@fc2.com,Male,248.97.239.197
842,Hewitt,Fronek,hfroneknd@loc.gov,Male,250.156.133.218
843,Terri,Brash,tbrashne@psu.edu,Male,43.159.119.37
844,Daphene,Rivallant,drivallantnf@statcounter.com,Female,86.224.171.251
845,Euphemia,Manlow,emanlowng@salon.com,Female,55.232.203.141
846,Kellsie,Whiterod,kwhiterodnh@twitter.com,Female,88.167.82.166
847,Gerri,Pattini,gpattinini@github.io,Male,65.229.154.125
848,Emanuel,Fielden,efieldennj@illinois.edu,Male,191.139.252.26
849,Sayre,Halvosen,shalvosennk@odnoklassniki.ru,Male,44.160.47.2
850,Laney,Cherry Holme,lcherryholmenl@illinois.edu,Male,80.128.141.42
851,Thorn,Plowman,tplowmannm@theguardian.com,Male,155.156.230.253
852,Arleyne,Glavias,aglaviasnn@privacy.gov.au,Bigender,31.206.10.67
853,Vally,Largan,vlarganno@godaddy.com,Female,184.57.210.203
854,Christopher,Habble,chabblenp@gizmodo.com,Genderfluid,204.155.160.83
855,Orelee,Fee,ofeenq@newsvine.com,Female,168.210.27.35
856,Denyse,Molson,dmolsonnr@deliciousdays.com,Non-binary,114.128.236.18
857,Kathy,Blazdell,kblazdellns@go.com,Female,46.191.172.225
858,Darla,MacGille,dmacgillent@mapy.cz,Female,94.11.50.229
859,Lorilyn,Leyfield,lleyfieldnu@deliciousdays.com,Female,84.39.71.126
860,Vevay,Angood,vangoodnv@is.gd,Female,112.106.144.208
861,Reggie,Pladen,rpladennw@sina.com.cn,Male,139.19.68.118
862,Beverlie,Cornelleau,bcornelleaunx@delicious.com,Female,97.209.40.40
863,Florella,Fearne,ffearneny@goodreads.com,Female,96.115.245.140
864,Alvis,Gorey,agoreynz@tinyurl.com,Male,133.86.229.62
865,Hoyt,Bern,hberno0@bluehost.com,Male,248.154.228.170
866,Robb,Elliott,relliotto1@list-manage.com,Male,78.198.134.173
867,Bee,MacAnelley,bmacanelleyo2@umich.edu,Non-binary,108.237.23.215
868,Henrik,Tutchener,htutchenero3@boston.com,Male,198.142.94.208
869,Marian,Sneesby,msneesbyo4@tinypic.com,Female,54.248.211.133
870,Gillian,Januszkiewicz,gjanuszkiewiczo5@shop-pro.jp,Polygender,109.214.104.145
871,Tiffany,Lailey,tlaileyo6@skype.com,Female,190.111.152.73
872,Carilyn,Liver,clivero7@hubpages.com,Female,203.161.138.85
873,Bern,Skeldinge,bskeldingeo8@ning.com,Male,69.225.54.159
874,Rosemonde,Maginot,rmaginoto9@wordpress.com,Female,122.68.9.233
875,Moll,Thynn,mthynnoa@ibm.com,Female,136.226.74.98
876,Aldus,Borge,aborgeob@adobe.com,Male,66.53.9.197
877,Mabel,Montes,mmontesoc@reverbnation.com,Female,86.182.241.218
878,Stefania,Speddin,sspeddinod@google.pl,Female,35.23.10.203
879,Jerrilyn,Fance,jfanceoe@alibaba.com,Female,70.249.178.69
880,Morley,Vina,mvinaof@webnode.com,Male,25.75.113.91
881,Julie,Pantin,jpantinog@g.co,Female,231.33.131.8
882,Hamnet,Slocom,hslocomoh@ifeng.com,Male,19.239.116.157
883,Boycey,Cotesford,bcotesfordoi@go.com,Male,243.236.146.77
884,Nicola,Littlefair,nlittlefairoj@w3.org,Male,226.123.70.233
885,Daven,Hache,dhacheok@nbcnews.com,Male,112.242.34.108
886,Thacher,MacIlriach,tmacilriachol@wix.com,Male,231.38.11.136
887,Gerardo,MacConneely,gmacconneelyom@merriam-webster.com,Male,94.82.172.234
888,Malynda,Offiler,moffileron@mac.com,Female,74.242.46.9
889,Ignaz,Hawe,ihaweoo@etsy.com,Bigender,151.191.177.14
890,Bethany,Gavahan,bgavahanop@sciencedirect.com,Female,121.148.216.41
891,Carey,Shevelin,cshevelinoq@typepad.com,Female,159.24.227.63
892,Levy,Lambrick,llambrickor@example.com,Male,15.136.202.154
893,Walton,Qusklay,wqusklayos@economist.com,Male,237.125.148.211
894,Briney,Hinners,bhinnersot@trellian.com,Female,119.73.252.200
895,Mirabel,Doerr,mdoerrou@elpais.com,Female,131.73.117.94
896,Vivianna,Willimont,vwillimontov@comcast.net,Female,219.40.233.119
897,Sig,Wharfe,swharfeow@soundcloud.com,Male,2.188.163.201
898,Rafael,Navarro,rnavarroox@gmpg.org,Male,108.3.214.40
899,Vasily,Owtram,vowtramoy@wp.com,Male,150.203.188.64
900,Franky,Tackley,ftackleyoz@senate.gov,Male,33.142.26.39
901,Siouxie,MacCostigan,smaccostiganp0@mit.edu,Female,16.209.92.191
902,Sollie,Panting,spantingp1@japanpost.jp,Male,63.184.61.255
903,Launce,Bras,lbrasp2@is.gd,Male,125.109.173.182
904,Hashim,Ancell,hancellp3@boston.com,Male,250.185.105.243
905,Tobin,Fettes,tfettesp4@joomla.org,Male,95.198.127.53
906,Ludwig,Persehouse,lpersehousep5@amazon.co.uk,Male,162.62.90.243
907,Inge,Yukhtin,iyukhtinp6@opera.com,Female,44.55.197.190
908,Diane,Lightoller,dlightollerp7@ning.com,Female,184.172.145.198
909,Sharity,Lovekin,slovekinp8@cbc.ca,Female,155.189.191.123
910,Jolie,Delepine,jdelepinep9@geocities.jp,Female,54.255.17.226
911,Jermayne,Harsnipe,jharsnipepa@sohu.com,Male,117.168.23.144
912,Amabelle,Pippard,apippardpb@indiatimes.com,Female,180.205.248.148
913,Pascal,Castagneto,pcastagnetopc@cpanel.net,Male,93.39.55.75
914,Mallory,Itscowicz,mitscowiczpd@biglobe.ne.jp,Agender,63.218.243.130
915,Urban,Kopacek,ukopacekpe@360.cn,Male,224.76.167.227
916,Margaretha,Carefull,mcarefullpf@etsy.com,Female,81.85.159.155
917,Pattie,Gosby,pgosbypg@prlog.org,Female,110.159.185.62
918,Amelina,Watton,awattonph@discovery.com,Female,189.196.158.9
919,Maggie,Guite,mguitepi@indiatimes.com,Female,75.173.86.69
920,Harbert,Orritt,horrittpj@shareasale.com,Male,246.236.76.11
921,Leanor,Halsted,lhalstedpk@nbcnews.com,Female,184.206.59.120
922,Arlin,Faraday,afaradaypl@cam.ac.uk,Male,155.158.38.253
923,Karylin,Whichelow,kwhichelowpm@noaa.gov,Female,78.59.58.56
924,Gerhard,Eyckelberg,geyckelbergpn@last.fm,Male,155.196.164.209
925,Isabeau,Ziebart,iziebartpo@house.gov,Female,129.255.190.12
926,Stearne,Sherrett,ssherrettpp@people.com.cn,Male,67.100.79.17
927,Kitty,Prendeguest,kprendeguestpq@networkadvertising.org,Female,49.72.210.151
928,Gertrudis,Bartod,gbartodpr@theglobeandmail.com,Female,221.217.134.104
929,Grace,Broomhall,gbroomhallps@telegraph.co.uk,Male,239.244.161.85
930,Britteny,Bridgewater,bbridgewaterpt@usa.gov,Female,10.192.113.112
931,Gerty,Siggee,gsiggeepu@npr.org,Female,212.161.204.27
932,Lev,Thatcher,lthatcherpv@dailymail.co.uk,Agender,29.248.136.190
933,Willabella,Solland,wsollandpw@cbc.ca,Female,64.1.157.35
934,Ruperto,Aubrey,raubreypx@census.gov,Polygender,208.91.233.135
935,Barr,Phittiplace,bphittiplacepy@independent.co.uk,Male,114.36.77.253
936,Udall,Douglass,udouglasspz@indiatimes.com,Male,58.83.137.235
937,Meyer,Pinnell,mpinnellq0@cdc.gov,Male,226.55.218.46
938,Kayley,Gillmor,kgillmorq1@indiegogo.com,Female,128.140.37.134
939,Seline,Dallywater,sdallywaterq2@cam.ac.uk,Female,192.185.34.129
940,Kristina,Karmel,kkarmelq3@squidoo.com,Female,1.152.191.119
941,Tomaso,Le Batteur,tlebatteurq4@salon.com,Male,215.229.189.21
942,Taylor,Murkin,tmurkinq5@multiply.com,Male,133.92.116.255
943,Valentia,Dabell,vdabellq6@gizmodo.com,Female,47.247.204.144
944,Timmi,Vigours,tvigoursq7@rakuten.co.jp,Female,235.15.156.171
945,Marjie,Doggart,mdoggartq8@soundcloud.com,Female,52.196.127.17
946,Gregoire,de Cullip,gdecullipq9@globo.com,Male,28.137.144.24
947,Emmy,Gedge,egedgeqa@zdnet.com,Male,242.228.195.163
948,Miranda,Gregorace,mgregoraceqb@printfriendly.com,Female,200.131.148.77
949,Chance,Broggini,cbrogginiqc@blinklist.com,Male,102.115.137.116
950,Marieann,Joseph,mjosephqd@smugmug.com,Female,183.86.173.84
951,Margaretta,Le Blanc,mleblancqe@unicef.org,Female,68.195.121.199
952,Neel,Glander,nglanderqf@cnn.com,Male,10.140.33.94
953,Grannie,Southgate,gsouthgateqg@1688.com,Male,199.55.107.246
954,Cecilio,Peeke,cpeekeqh@sciencedirect.com,Genderfluid,46.189.100.148
955,Lek,Somerled,lsomerledqi@sohu.com,Male,164.57.43.77
956,Corney,Andino,candinoqj@ca.gov,Male,47.221.244.148
957,Blondelle,Denington,bdeningtonqk@arstechnica.com,Female,89.171.103.104
958,Jefferey,Satch,jsatchql@nsw.gov.au,Male,194.22.95.135
959,Chloette,Lutton,cluttonqm@hhs.gov,Female,144.131.230.77
960,Olenolin,Bowerbank,obowerbankqn@dagondesign.com,Male,128.106.159.68
961,Benjy,Beaston,bbeastonqo@nih.gov,Male,64.114.130.162
962,Efren,Clinton,eclintonqp@phoca.cz,Male,212.95.116.39
963,Brynne,O'Dogherty,bodoghertyqq@mtv.com,Female,192.229.202.17
964,Winnifred,Edgler,wedglerqr@slideshare.net,Genderfluid,52.157.45.114
965,Bondy,Goosey,bgooseyqs@un.org,Male,249.213.218.172
966,Giulietta,Puvia,gpuviaqt@themeforest.net,Female,205.147.110.247
967,Nevile,Bownde,nbowndequ@census.gov,Male,81.106.150.126
968,Alicea,Dmytryk,admytrykqv@nih.gov,Polygender,211.136.195.146
969,Kial,Lasslett,klasslettqw@gnu.org,Female,93.148.17.155
970,Kelby,Tarburn,ktarburnqx@npr.org,Male,125.235.110.216
971,Schuyler,Leer,sleerqy@ask.com,Male,99.33.93.104
972,Valentia,Dmych,vdmychqz@liveinternet.ru,Non-binary,24.126.197.124
973,Camala,Darlington,cdarlingtonr0@plala.or.jp,Female,172.18.237.2
974,Dannye,Rutley,drutleyr1@princeton.edu,Female,36.102.40.111
975,Dorise,Isles,dislesr2@drupal.org,Female,97.163.62.95
976,Cordi,Abell,cabellr3@topsy.com,Female,110.37.40.48
977,Tanney,Tyer,ttyerr4@people.com.cn,Male,121.224.66.61
978,Jenny,Lomen,jlomenr5@taobao.com,Female,97.238.188.145
979,Bernie,Regler,breglerr6@simplemachines.org,Female,139.58.157.178
980,Catlaina,Jerrolt,cjerroltr7@rediff.com,Female,36.182.233.188
981,Shanan,Webster,swebsterr8@diigo.com,Male,93.33.98.44
982,Thorn,McMurdo,tmcmurdor9@dropbox.com,Male,99.156.159.240
983,Jerri,Alyutin,jalyutinra@smugmug.com,Agender,60.141.119.174
984,Millard,Beaumont,mbeaumontrb@eventbrite.com,Male,146.87.242.24
985,Sherwin,Eric,sericrc@redcross.org,Male,82.4.32.22
986,Sherilyn,Krzyzaniak,skrzyzaniakrd@soup.io,Female,189.103.8.120
987,Jolyn,Atrill,jatrillre@hatena.ne.jp,Female,57.120.242.207
988,Erina,Dacks,edacksrf@google.com.au,Bigender,77.131.227.156
989,Dew,Vine,dvinerg@spiegel.de,Male,32.206.9.13
990,Lizzie,Osbaldeston,losbaldestonrh@tmall.com,Female,30.119.151.101
991,Skell,Dearle,sdearleri@gmpg.org,Male,176.160.242.246
992,Andeee,Satterfitt,asatterfittrj@seesaa.net,Female,243.195.158.232
993,Desmond,McElmurray,dmcelmurrayrk@earthlink.net,Male,23.209.77.123
994,Fraser,Curragh,fcurraghrl@fc2.com,Male,154.80.226.230
995,Harli,Oldis,holdisrm@google.de,Female,103.101.32.86
996,Walker,Smallbone,wsmallbonern@sina.com.cn,Male,156.241.94.116
997,Marcie,Chrystal,mchrystalro@sakura.ne.jp,Bigender,41.202.39.97
998,Fenelia,Henri,fhenrirp@apple.com,Female,123.143.94.242
999,Johnath,Ewart,jewartrq@livejournal.com,Female,114.87.207.103
1000,Wilton,Richardes,wrichardesrr@icio.us,Male,31.247.89.247
