id,first_name,last_name,email,gender,ip_address
1,Horace,Hame,hhame0@ameblo.jp,Male,220.241.210.187
2,Jessa,Howard,jhoward1@zdnet.com,Female,229.178.38.28
3,Mallorie,Congrave,mcongrave2@mediafire.com,Female,213.112.231.180
4,Shell,Stener,sstener3@hibu.com,Male,36.164.205.59
5,Darelle,Woolcocks,dwoolcocks4@buzzfeed.com,Female,205.81.239.207
6,Kandy,Coltherd,kcoltherd5@instagram.com,Female,88.103.55.129
7,Raine,Nicklinson,rnicklinson6@discovery.com,Female,191.153.92.220
8,Abagael,Duncklee,aduncklee7@whitehouse.gov,Female,74.189.11.61
9,Ethelyn,Ferri,eferri8@techcrunch.com,Female,69.197.192.97
10,Mame,Melin,mmelin9@smugmug.com,Female,180.248.219.208
11,Edie,Conws,econwsa@meetup.com,Non-binary,134.76.153.83
12,Sherm,Iannini,sianninib@indiatimes.com,Male,104.31.7.250
13,Bailey,Worton,bwortonc@cnn.com,Male,236.139.215.159
14,Dinnie,Vasilchikov,dvasilchikovd@microsoft.com,Female,102.100.47.107
15,Vera,MacGebenay,vmacgebenaye@chronoengine.com,Female,42.44.231.116
16,Danna,Reisen,dreisenf@ameblo.jp,Female,205.17.35.37
17,Paulie,Mila,pmilag@cdc.gov,Bigender,38.71.157.242
18,Marney,Laight,mlaighth@moonfruit.com,Female,85.123.90.75
19,Jeanette,Dmisek,jdmiseki@youtu.be,Female,255.192.234.23
20,Horst,Davydzenko,hdavydzenkoj@usgs.gov,Male,92.163.77.197
21,Trace,Tellwright,ttellwrightk@epa.gov,Male,240.102.239.190
22,Calida,Lithcow,clithcowl@mtv.com,Female,5.71.194.95
23,Ezequiel,Bunning,ebunningm@ezinearticles.com,Male,206.216.212.190
24,Ellie,Pedlow,epedlown@hexun.com,Female,106.225.90.44
25,Jacquenette,Garlic,jgarlico@craigslist.org,Female,122.53.82.184
26,Andre,Delahunty,adelahuntyp@gov.uk,Male,53.241.98.98
27,Astrix,Tolussi,atolussiq@businessinsider.com,Female,156.57.230.200
28,Griffin,Phalp,gphalpr@github.com,Male,158.9.234.53
29,Humbert,Slocomb,hslocombs@howstuffworks.com,Male,32.105.146.13
30,Bevin,Dorkens,bdorkenst@si.edu,Male,87.53.155.255
31,Bryna,Beames,bbeamesu@meetup.com,Female,235.72.89.26
32,Deanne,Cultcheth,dcultchethv@technorati.com,Female,216.71.23.217
33,Brade,Bottini,bbottiniw@google.com.br,Male,145.115.3.85
34,Ashlan,Semkins,asemkinsx@shutterfly.com,Female,41.47.123.159
35,Briana,McAlinden,bmcalindeny@aboutads.info,Female,138.63.86.50
36,Clemmie,Bastable,cbastablez@imageshack.us,Female,114.167.197.246
37,Quintina,McRinn,qmcrinn10@msn.com,Genderfluid,143.75.224.224
38,Merrily,Grewer,mgrewer11@adobe.com,Female,128.237.9.22
39,Uriel,Dyble,udyble12@amazon.co.uk,Non-binary,20.212.236.184
40,Vanya,Hopkins,vhopkins13@marketwatch.com,Female,247.8.33.170
41,Issiah,Sole,isole14@liveinternet.ru,Agender,106.235.117.181
42,Darb,Krier,dkrier15@ox.ac.uk,Male,67.180.128.255
43,Farica,Weightman,fweightman16@cnbc.com,Female,175.249.13.135
44,Cecilius,Masterson,cmasterson17@wikispaces.com,Male,169.71.188.61
45,Nancy,Vedishchev,nvedishchev18@wunderground.com,Female,14.39.169.113
46,Ros,Raithby,rraithby19@shop-pro.jp,Female,205.31.194.160
47,Ware,Plumridege,wplumridege1a@ow.ly,Agender,196.47.44.82
48,Annaliese,Sannes,asannes1b@adobe.com,Female,53.125.227.200
49,Gabey,Simcock,gsimcock1c@auda.org.au,Female,198.229.202.72
50,Randal,Arnason,rarnason1d@163.com,Male,141.203.250.108
51,Mikael,Thridgould,mthridgould1e@smugmug.com,Male,89.7.130.215
52,Norean,Russell,nrussell1f@liveinternet.ru,Female,28.39.63.133
53,Malvina,Beeck,mbeeck1g@opensource.org,Female,185.105.255.245
54,Wini,Aitkenhead,waitkenhead1h@google.fr,Female,101.71.55.116
55,Clay,Averall,caverall1i@fc2.com,Male,102.42.98.156
56,Jemmie,Youle,jyoule1j@amazon.co.uk,Female,163.201.180.246
57,Ros,Peschka,rpeschka1k@epa.gov,Female,109.193.206.54
58,Martyn,Gidney,mgidney1l@examiner.com,Male,94.249.112.50
59,Daisy,Ormes,dormes1m@t-online.de,Female,31.45.225.134
60,Logan,Riddington,lriddington1n@umn.edu,Male,8.63.177.139
61,Benson,Drissell,bdrissell1o@nsw.gov.au,Male,78.201.217.124
62,Sherlocke,Manclark,smanclark1p@macromedia.com,Male,34.96.124.118
63,Frederica,Franciotti,ffranciotti1q@nhs.uk,Female,83.17.123.85
64,Joya,Allcock,jallcock1r@sciencedaily.com,Female,38.26.45.254
65,Virginie,Cisec,vcisec1s@cyberchimps.com,Female,252.111.17.190
66,Crystal,Thickin,cthickin1t@comcast.net,Female,133.109.222.6
67,Sapphire,Mattusevich,smattusevich1u@tamu.edu,Female,19.246.155.61
68,Lyon,Dyster,ldyster1v@sogou.com,Genderqueer,65.43.32.187
69,Terrell,Cartmer,tcartmer1w@jalbum.net,Male,203.242.204.204
70,Lyndsay,Sibbert,lsibbert1x@163.com,Female,146.159.67.161
71,Jeth,Whiterod,jwhiterod1y@com.com,Male,87.88.190.186
72,Mitchel,Hentze,mhentze1z@accuweather.com,Male,228.226.254.121
73,Bran,Claringbold,bclaringbold20@bloomberg.com,Male,143.252.95.97
74,Chaddie,Hancill,chancill21@last.fm,Male,25.183.36.205
75,Shaine,Frudd,sfrudd22@engadget.com,Male,88.77.129.203
76,Quintana,Frandsen,qfrandsen23@indiatimes.com,Female,153.136.5.24
77,Frederick,Mac Geaney,fmacgeaney24@gnu.org,Male,106.208.106.72
78,Raine,Khilkov,rkhilkov25@photobucket.com,Female,129.110.253.235
79,Cassi,Hanwell,chanwell26@washington.edu,Female,133.232.65.77
80,Victoria,Burless,vburless27@vkontakte.ru,Female,118.192.94.115
81,Nikolai,Kabisch,nkabisch28@goo.gl,Male,249.34.204.56
82,Stanton,Peak,speak29@phoca.cz,Male,37.198.67.148
83,Levin,Goulder,lgoulder2a@mapy.cz,Male,196.138.80.45
84,Franky,Swindlehurst,fswindlehurst2b@wunderground.com,Bigender,25.87.85.71
85,Genovera,Scanterbury,gscanterbury2c@ycombinator.com,Female,139.76.197.14
86,Harrison,Ettles,hettles2d@paginegialle.it,Male,129.197.73.58
87,Jewel,Catherine,jcatherine2e@google.nl,Female,12.234.26.241
88,Chelsie,Ranns,cranns2f@nature.com,Female,194.17.86.92
89,Natalya,Stodit,nstodit2g@pen.io,Female,32.29.60.164
90,Erick,Cassin,ecassin2h@wix.com,Male,236.97.195.1
91,Angeline,Rusling,arusling2i@ustream.tv,Female,245.46.238.234
92,Antonino,Carder,acarder2j@shutterfly.com,Male,250.164.190.103
93,Raquela,Cowdrey,rcowdrey2k@topsy.com,Non-binary,19.95.9.222
94,Alano,Tomsett,atomsett2l@gov.uk,Male,1.177.2.43
95,Reilly,Scutter,rscutter2m@twitter.com,Male,91.0.251.73
96,Pascal,Kilty,pkilty2n@privacy.gov.au,Male,27.230.44.23
97,Ellary,Gantlett,egantlett2o@hubpages.com,Male,184.200.17.111
98,Darb,Aimable,daimable2p@opensource.org,Male,195.171.92.170
99,Read,Aasaf,raasaf2q@wikimedia.org,Bigender,70.105.255.222
100,Elise,More,emore2r@senate.gov,Female,175.188.221.154
101,Addy,Hopfer,ahopfer2s@seattletimes.com,Male,127.247.189.63
102,Mirabella,Slowley,mslowley2t@dyndns.org,Female,180.79.208.173
103,Zacharie,Evens,zevens2u@fema.gov,Male,204.48.118.14
104,Harriet,Sollner,hsollner2v@geocities.com,Female,242.190.67.35
105,Sal,Stendell,sstendell2w@upenn.edu,Female,192.239.160.114
106,Cherianne,Geockle,cgeockle2x@fc2.com,Female,180.157.189.35
107,Lorry,Southern,lsouthern2y@samsung.com,Male,127.132.64.152
108,Neysa,Cornner,ncornner2z@youtube.com,Female,100.7.56.217
109,Charlene,Walesa,cwalesa30@exblog.jp,Female,14.170.158.128
110,Alexandr,Woodfine,awoodfine31@plala.or.jp,Male,118.95.16.155
111,Townie,Draisey,tdraisey32@va.gov,Male,197.13.233.67
112,Tarrance,Paternoster,tpaternoster33@amazon.com,Male,114.18.60.96
113,Sandor,McOnie,smconie34@columbia.edu,Male,53.82.146.248
114,Dorothee,Gunner,dgunner35@wsj.com,Female,146.78.59.206
115,Gerhardt,Maude,gmaude36@vistaprint.com,Male,100.131.119.176
116,Myranda,Shank,mshank37@twitter.com,Female,45.7.230.141
117,Agustin,Forte,aforte38@virginia.edu,Male,1.144.85.115
118,Ebba,Haslam,ehaslam39@google.com.au,Female,250.215.162.52
119,Antonietta,O'Crotty,aocrotty3a@miibeian.gov.cn,Female,17.60.195.40
120,Kelwin,Horsewood,khorsewood3b@nyu.edu,Male,98.66.69.91
121,Anetta,Ashpole,aashpole3c@parallels.com,Female,78.184.183.67
122,Lenore,Middiff,lmiddiff3d@sbwire.com,Female,122.16.7.37
123,Binni,Doggart,bdoggart3e@usnews.com,Female,30.5.118.62
124,Holt,Tayspell,htayspell3f@oracle.com,Male,59.44.159.26
125,Jonathan,Nevinson,jnevinson3g@sphinn.com,Male,203.252.146.139
126,Dudley,Priestner,dpriestner3h@about.com,Male,61.89.245.23
127,Collie,Dallon,cdallon3i@hugedomains.com,Female,79.136.53.86
128,Launce,Greiser,lgreiser3j@wp.com,Male,231.189.168.4
129,Dina,Greatrakes,dgreatrakes3k@creativecommons.org,Non-binary,162.14.255.11
130,Haywood,Davidy,hdavidy3l@topsy.com,Male,133.39.18.13
131,Salomon,Boate,sboate3m@whitehouse.gov,Male,61.62.242.154
132,Basia,Riediger,briediger3n@cdbaby.com,Female,231.127.211.213
133,Sheree,Godin,sgodin3o@mozilla.org,Female,92.183.217.139
134,Robena,Cropp,rcropp3p@go.com,Female,192.54.249.223
135,Kesley,Tremouille,ktremouille3q@mozilla.org,Non-binary,63.162.61.68
136,Justin,Huot,jhuot3r@github.com,Polygender,50.251.176.218
137,Wilburt,Rontsch,wrontsch3s@java.com,Male,9.226.245.245
138,Buddie,Berrecloth,bberrecloth3t@acquirethisname.com,Male,195.65.232.196
139,Milo,Stiggles,mstiggles3u@github.io,Male,191.116.198.82
140,Randolf,Sharland,rsharland3v@utexas.edu,Genderfluid,125.188.67.55
141,Brittaney,Strudwick,bstrudwick3w@indiegogo.com,Female,32.55.181.61
142,Bree,Shernock,bshernock3x@mac.com,Female,177.28.144.202
143,Ddene,Joysey,djoysey3y@dyndns.org,Female,167.244.19.121
144,Sylvester,Screas,sscreas3z@hubpages.com,Male,76.228.152.89
145,Laural,Rowlands,lrowlands40@networksolutions.com,Female,201.26.238.203
146,Katharyn,Schleicher,kschleicher41@independent.co.uk,Female,33.15.246.8
147,Uri,Philippet,uphilippet42@indiegogo.com,Male,27.233.144.12
148,Darrell,Peatt,dpeatt43@xing.com,Male,231.83.33.107
149,Fee,Bogaert,fbogaert44@geocities.jp,Male,186.92.222.6
150,Jehanna,Owers,jowers45@youku.com,Female,239.254.6.64
151,Agnesse,Tomsen,atomsen46@adobe.com,Female,180.143.72.64
152,Jacquetta,Tavinor,jtavinor47@tiny.cc,Female,123.192.109.186
153,Eugine,De Ruggero,ederuggero48@digg.com,Female,153.195.159.100
154,Abramo,Melby,amelby49@statcounter.com,Male,149.252.64.247
155,Peria,Stagg,pstagg4a@cocolog-nifty.com,Female,120.232.159.14
156,Abie,Bramford,abramford4b@examiner.com,Male,216.243.108.97
157,Erinn,Lune,elune4c@tmall.com,Female,130.87.238.119
158,Calvin,MacTeggart,cmacteggart4d@techcrunch.com,Male,37.65.80.100
159,Teresita,Blazejewski,tblazejewski4e@nasa.gov,Bigender,78.178.56.5
160,Ricky,Pauluzzi,rpauluzzi4f@example.com,Female,86.128.52.89
161,Rossie,Tomicki,rtomicki4g@homestead.com,Male,77.248.20.55
162,Kip,Di Bartolommeo,kdibartolommeo4h@google.com.au,Female,170.167.84.208
163,Sharleen,Huckel,shuckel4i@desdev.cn,Female,66.166.210.245
164,Cloe,Fyrth,cfyrth4j@ucoz.ru,Female,203.182.172.64
165,Janeen,Kraft,jkraft4k@yellowpages.com,Genderfluid,213.106.36.100
166,Lorne,Bountiff,lbountiff4l@tinyurl.com,Female,239.55.109.122
167,Merissa,Kime,mkime4m@wordpress.org,Female,229.192.59.152
168,Alick,Waudby,awaudby4n@instagram.com,Agender,5.14.168.189
169,Lacie,McGarva,lmcgarva4o@cnn.com,Female,84.89.127.11
170,Orlando,Cumine,ocumine4p@addthis.com,Male,23.249.133.95
171,Hali,Stronack,hstronack4q@scribd.com,Female,117.110.57.255
172,Ashlie,Fourmy,afourmy4r@shinystat.com,Female,243.109.23.213
173,Merle,Sidnall,msidnall4s@altervista.org,Female,149.72.41.15
174,Isiahi,Maxted,imaxted4t@feedburner.com,Male,104.174.14.9
175,Hersh,Pennuzzi,hpennuzzi4u@timesonline.co.uk,Male,112.81.194.39
176,Brana,Counsell,bcounsell4v@oaic.gov.au,Female,83.20.62.159
177,Faydra,Iggulden,figgulden4w@usnews.com,Female,169.251.244.222
178,Gayle,Sharpous,gsharpous4x@theguardian.com,Male,176.67.242.14
179,Casandra,Rodger,crodger4y@netvibes.com,Female,238.132.54.23
180,Emlynn,Neary,eneary4z@clickbank.net,Female,86.172.28.236
181,Vaughan,Standering,vstandering50@spotify.com,Male,78.162.166.63
182,Michele,Broddle,mbroddle51@google.co.uk,Non-binary,78.244.92.99
183,Terry,Pendry,tpendry52@shinystat.com,Female,148.55.219.46
184,Sibeal,Shier,sshier53@utexas.edu,Female,221.209.173.199
185,Rudolph,Chedgey,rchedgey54@vimeo.com,Male,25.197.224.40
186,Sonnnie,Ellard,sellard55@github.com,Female,99.19.65.239
187,Sella,Laudham,slaudham56@vk.com,Female,43.235.54.73
188,Josi,Tchaikovsky,jtchaikovsky57@cmu.edu,Female,149.234.197.227
189,Reginald,Zanetto,rzanetto58@last.fm,Male,12.216.163.217
190,Tucky,Radke,tradke59@sbwire.com,Male,161.84.22.139
191,Keenan,Evemy,kevemy5a@reverbnation.com,Male,194.41.239.155
192,Aldous,Cundey,acundey5b@engadget.com,Male,157.30.37.145
193,Krystyna,Gifford,kgifford5c@cmu.edu,Female,125.162.86.25
194,Arthur,Kobiela,akobiela5d@accuweather.com,Male,122.239.0.243
195,Molly,Keeping,mkeeping5e@un.org,Female,219.192.216.249
196,Fleurette,Keepe,fkeepe5f@csmonitor.com,Genderfluid,1.122.143.2
197,Brandice,Dobney,bdobney5g@nature.com,Female,242.103.32.141
198,Amara,Bewshaw,abewshaw5h@cornell.edu,Female,247.126.223.189
199,Jamal,Hruska,jhruska5i@sogou.com,Male,223.207.206.215
200,Clotilda,Waistall,cwaistall5j@is.gd,Female,1.171.90.11
201,Selinda,Avramow,savramow5k@google.it,Female,76.97.44.133
202,Jim,Satterlee,jsatterlee5l@goo.gl,Male,242.108.226.51
203,Monica,Reary,mreary5m@dmoz.org,Female,195.213.248.207
204,Jayme,Titcomb,jtitcomb5n@netlog.com,Male,129.171.79.174
205,Hastie,Eggleton,heggleton5o@technorati.com,Male,221.101.185.44
206,Clara,Musso,cmusso5p@newsvine.com,Female,85.74.97.237
207,Row,Whitters,rwhitters5q@netlog.com,Female,250.119.230.222
208,Egan,Evequot,eevequot5r@list-manage.com,Genderqueer,4.56.34.89
209,Orelie,Tremelling,otremelling5s@nasa.gov,Female,105.239.197.77
210,Rex,Kadwallider,rkadwallider5t@flickr.com,Male,229.163.180.231
211,Blinnie,Borsi,bborsi5u@amazon.co.uk,Female,158.249.227.81
212,Gerik,Whitmarsh,gwhitmarsh5v@diigo.com,Non-binary,193.118.9.250
213,Elisha,Gronaller,egronaller5w@shinystat.com,Female,131.109.172.77
214,Ealasaid,Eslinger,eeslinger5x@businesswire.com,Female,137.151.219.182
215,Dolly,Skoggings,dskoggings5y@pcworld.com,Female,170.76.52.229
216,Jaime,Leydon,jleydon5z@posterous.com,Male,105.90.202.34
217,Gabriellia,Metham,gmetham60@cdbaby.com,Genderqueer,32.28.1.86
218,Gladi,Louis,glouis61@freewebs.com,Female,253.77.22.20
219,Bliss,Syce,bsyce62@discovery.com,Female,55.96.83.241
220,Maisey,McTurk,mmcturk63@twitter.com,Female,133.215.83.91
221,Lyn,Giannasi,lgiannasi64@123-reg.co.uk,Female,214.112.115.148
222,Alasteir,Trenaman,atrenaman65@senate.gov,Male,252.33.36.210
223,Rutherford,Roseburgh,rroseburgh66@opensource.org,Male,105.72.6.5
224,Noland,Feria,nferia67@godaddy.com,Male,165.45.25.121
225,Gib,Clist,gclist68@4shared.com,Male,227.202.161.153
226,Thaddus,Corhard,tcorhard69@etsy.com,Male,5.225.39.237
227,Kilian,Gawkes,kgawkes6a@google.co.jp,Male,158.180.233.67
228,Case,Philippet,cphilippet6b@examiner.com,Male,173.214.58.162
229,Gal,Gourley,ggourley6c@facebook.com,Male,15.99.30.99
230,Maddi,Winder,mwinder6d@apple.com,Female,129.189.138.65
231,Melesa,Whyard,mwhyard6e@umich.edu,Female,112.135.74.145
232,Alica,Burril,aburril6f@istockphoto.com,Agender,51.18.20.72
233,Ev,Lyptrade,elyptrade6g@psu.edu,Male,95.241.208.116
234,Zared,Bandt,zbandt6h@yale.edu,Male,105.26.1.116
235,Kimble,Casterou,kcasterou6i@chicagotribune.com,Male,8.93.159.221
236,Kincaid,Sate,ksate6j@unesco.org,Male,129.95.136.131
237,See,Delyth,sdelyth6k@unesco.org,Male,39.51.223.224
238,Bette-ann,Biddy,bbiddy6l@addtoany.com,Polygender,97.228.84.22
239,Tamarra,Hamon,thamon6m@myspace.com,Female,250.255.26.111
240,Korella,Ornelas,kornelas6n@hostgator.com,Female,7.90.185.226
241,Riley,Stollenbeck,rstollenbeck6o@i2i.jp,Male,181.49.81.80
242,Kissie,Toplin,ktoplin6p@wikimedia.org,Female,236.148.78.23
243,Yardley,Buy,ybuy6q@yahoo.com,Male,199.190.228.133
244,Dannye,Rainey,drainey6r@issuu.com,Female,72.186.173.109
245,Robby,Olliver,rolliver6s@unesco.org,Male,241.49.69.153
246,Reynolds,Kleinbaum,rkleinbaum6t@cloudflare.com,Male,13.128.66.101
247,Boycey,Bradnum,bbradnum6u@amazon.de,Male,139.247.206.68
248,Felice,Decort,fdecort6v@xrea.com,Female,161.30.8.161
249,Jess,Ayto,jayto6w@twitter.com,Male,9.119.255.172
250,Lira,Medcraft,lmedcraft6x@de.vu,Female,239.31.81.152
251,Sandy,Mathie,smathie6y@themeforest.net,Polygender,70.243.84.46
252,Page,Raraty,praraty6z@cnn.com,Male,251.107.36.253
253,Eldon,Couldwell,ecouldwell70@dagondesign.com,Male,160.143.150.78
254,Northrop,Zanre,nzanre71@unicef.org,Male,238.254.147.176
255,Maddi,Novak,mnovak72@surveymonkey.com,Female,156.238.113.21
256,Elena,Kenwright,ekenwright73@altervista.org,Female,53.130.233.113
257,Meghan,De Ortega,mdeortega74@wikispaces.com,Female,76.213.52.28
258,Meggy,Shadfourth,mshadfourth75@tinypic.com,Bigender,235.54.152.30
259,Duncan,Clapton,dclapton76@posterous.com,Male,136.231.52.70
260,Rog,Carnie,rcarnie77@newsvine.com,Male,186.81.93.81
261,Sylvan,Wickersham,swickersham78@mayoclinic.com,Male,231.153.211.193
262,Ginny,Currell,gcurrell79@parallels.com,Bigender,99.209.185.176
263,Harcourt,Grimshaw,hgrimshaw7a@php.net,Polygender,179.163.51.171
264,Dare,Kitter,dkitter7b@guardian.co.uk,Male,109.78.179.162
265,Cchaddie,Prosh,cprosh7c@mozilla.com,Male,188.156.60.141
266,Marissa,Poulney,mpoulney7d@foxnews.com,Female,186.245.6.64
267,Cathy,Pull,cpull7e@rambler.ru,Female,66.37.55.232
268,Sherm,Pordal,spordal7f@squidoo.com,Male,112.31.50.51
269,Christye,Deverson,cdeverson7g@abc.net.au,Female,57.184.194.18
270,Hale,Fassmann,hfassmann7h@jugem.jp,Male,116.234.5.108
271,Korrie,Gever,kgever7i@tamu.edu,Female,116.49.254.176
272,Tobye,Gittis,tgittis7j@independent.co.uk,Female,50.33.4.0
273,Eliza,Benley,ebenley7k@webnode.com,Female,184.62.247.120
274,Clyve,De Biasio,cdebiasio7l@sogou.com,Male,124.35.55.145
275,Dudley,Commuzzo,dcommuzzo7m@time.com,Male,101.11.4.233
276,Matthieu,Frances,mfrances7n@un.org,Male,234.225.55.19
277,Lesli,Trehearn,ltrehearn7o@vimeo.com,Female,52.211.213.40
278,Damara,Richter,drichter7p@blogger.com,Female,224.101.152.190
279,Larissa,Clement,lclement7q@naver.com,Female,127.50.170.101
280,Nanon,Lavielle,nlavielle7r@geocities.com,Female,61.96.124.204
281,Natal,Guildford,nguildford7s@gov.uk,Male,29.63.214.63
282,Ashely,Sanderson,asanderson7t@marketwatch.com,Female,233.110.89.100
283,Shirley,Ferrand,sferrand7u@loc.gov,Female,247.44.55.83
284,Brynne,Probart,bprobart7v@cisco.com,Female,155.79.138.141
285,Horatio,Chasney,hchasney7w@economist.com,Male,111.224.232.196
286,Ketti,Estcourt,kestcourt7x@webnode.com,Genderqueer,18.176.11.121
287,Kate,Roll,kroll7y@jiathis.com,Female,15.146.7.32
288,Craig,Senett,csenett7z@cisco.com,Male,140.49.250.73
289,Leodora,Really,lreally80@t.co,Female,104.24.132.112
290,Rafael,Rozanski,rrozanski81@w3.org,Male,8.49.147.23
291,Ali,Bruckmann,abruckmann82@rakuten.co.jp,Female,45.46.3.157
292,Renee,Lawling,rlawling83@tmall.com,Female,80.121.243.199
293,Shanna,Kinkade,skinkade84@twitter.com,Genderfluid,121.135.30.212
294,Annora,Miebes,amiebes85@alexa.com,Female,153.199.136.124
295,Edgard,Reina,ereina86@oracle.com,Male,164.140.14.76
296,Cacilie,Swan,cswan87@themeforest.net,Female,158.244.1.113
297,Meryl,Cromblehome,mcromblehome88@sciencedirect.com,Male,89.153.136.35
298,Raff,O'Hoolahan,rohoolahan89@reddit.com,Male,122.154.192.189
299,Daniela,Bilsland,dbilsland8a@blogtalkradio.com,Female,254.160.69.88
300,Anatol,Luckey,aluckey8b@shareasale.com,Male,117.181.215.114
301,Vincent,Gowenlock,vgowenlock8c@fema.gov,Male,53.2.57.240
302,Gweneth,Milkins,gmilkins8d@nifty.com,Agender,231.205.215.245
303,Cordy,Eivers,ceivers8e@prnewswire.com,Male,37.187.13.235
304,Osbourne,Kabisch,okabisch8f@creativecommons.org,Male,179.43.200.93
305,Holly,Dominichelli,hdominichelli8g@sakura.ne.jp,Female,12.153.17.241
306,Jo,Avrahamoff,javrahamoff8h@phpbb.com,Male,241.237.31.106
307,Torrey,Glassford,tglassford8i@wp.com,Male,68.105.38.120
308,Rikki,Hemerijk,rhemerijk8j@arizona.edu,Male,222.40.31.134
309,Evin,Biggerdike,ebiggerdike8k@tumblr.com,Non-binary,181.59.7.214
310,Norby,Vina,nvina8l@mail.ru,Male,153.34.68.99
311,Brook,Brealey,bbrealey8m@nydailynews.com,Female,8.168.106.219
312,Lida,Bizzey,lbizzey8n@creativecommons.org,Female,25.106.145.60
313,Valentine,Gleadhall,vgleadhall8o@google.com,Female,232.53.61.224
314,Phoebe,Gilffilland,pgilffilland8p@amazonaws.com,Female,61.162.89.194
315,Zacharie,Rendbaek,zrendbaek8q@google.de,Male,227.212.66.131
316,Lianne,Maunders,lmaunders8r@mapy.cz,Female,30.248.75.205
317,Lannie,Craighall,lcraighall8s@vimeo.com,Male,23.36.125.46
318,Konstantin,Sproston,ksproston8t@ask.com,Male,139.130.227.5
319,Liv,Saundercock,lsaundercock8u@macromedia.com,Female,43.242.220.190
320,Anabella,Labin,alabin8v@jimdo.com,Female,218.18.197.94
321,Valry,Creamer,vcreamer8w@addtoany.com,Non-binary,15.109.222.6
322,Eudora,Lambregts,elambregts8x@newyorker.com,Female,216.182.11.169
323,Alia,Carrington,acarrington8y@umn.edu,Female,130.250.2.226
324,Vere,Davidek,vdavidek8z@fotki.com,Female,59.172.0.95
325,Joscelin,Malin,jmalin90@mtv.com,Female,184.161.228.35
326,Sim,Tute,stute91@mediafire.com,Male,220.205.156.205
327,Annabal,Keniwell,akeniwell92@nydailynews.com,Female,222.41.22.183
328,Rhianon,Rozenzweig,rrozenzweig93@a8.net,Female,210.115.101.129
329,Arabela,Entissle,aentissle94@google.co.uk,Female,218.48.107.43
330,Reina,Hankins,rhankins95@de.vu,Female,120.230.15.226
331,Karissa,Seiffert,kseiffert96@rediff.com,Female,174.170.202.120
332,Martin,Leworthy,mleworthy97@bing.com,Male,54.175.63.249
333,Neil,Lere,nlere98@chronoengine.com,Male,122.244.214.99
334,Francois,Tittershill,ftittershill99@oracle.com,Male,230.220.68.128
335,Pembroke,Alvarado,palvarado9a@wordpress.org,Male,153.225.227.79
336,Galen,Gaylor,ggaylor9b@ted.com,Male,184.152.150.203
337,Godwin,Heakey,gheakey9c@youtu.be,Male,251.130.95.161
338,Morse,Birchner,mbirchner9d@sakura.ne.jp,Agender,233.37.34.28
339,Stavros,Abbatucci,sabbatucci9e@ft.com,Male,78.82.50.6
340,Leonard,Friatt,lfriatt9f@last.fm,Male,29.97.122.75
341,Huberto,Cankett,hcankett9g@example.com,Male,24.209.137.22
342,Constantine,McGarrell,cmcgarrell9h@omniture.com,Female,239.19.174.49
343,Deloria,O'Dyvoie,dodyvoie9i@surveymonkey.com,Female,42.84.149.96
344,Sandra,Meijer,smeijer9j@google.ca,Genderfluid,16.86.197.4
345,Bertina,Wort,bwort9k@ocn.ne.jp,Female,25.67.3.87
346,Belicia,Kiezler,bkiezler9l@jimdo.com,Female,253.189.117.221
347,Christophe,Farnfield,cfarnfield9m@istockphoto.com,Male,73.221.65.164
348,Antoine,McLevie,amclevie9n@uol.com.br,Male,66.61.222.41
349,Geri,Sarrell,gsarrell9o@hostgator.com,Male,251.224.223.236
350,Hilda,Brunstan,hbrunstan9p@tripadvisor.com,Female,78.224.10.244
351,Jacqui,Tilzey,jtilzey9q@php.net,Female,27.86.147.249
352,Stepha,McFeat,smcfeat9r@wordpress.org,Female,148.95.168.162
353,Jobye,Darmody,jdarmody9s@home.pl,Female,88.200.218.40
354,Staford,Lyman,slyman9t@marriott.com,Male,83.95.200.62
355,Rudolph,Wyles,rwyles9u@clickbank.net,Male,55.154.207.57
356,Armstrong,Lamlin,alamlin9v@tmall.com,Male,104.153.250.49
357,Mattias,Oliphard,moliphard9w@paypal.com,Male,199.76.4.64
358,Adelaide,Heavy,aheavy9x@sakura.ne.jp,Female,71.173.211.119
359,Ches,Pavlovsky,cpavlovsky9y@forbes.com,Male,29.7.30.91
360,Meriel,Allnutt,mallnutt9z@blogs.com,Female,217.61.253.180
361,Felipa,Chatburn,fchatburna0@bandcamp.com,Female,74.243.158.94
362,Wendye,Meriguet,wmerigueta1@shareasale.com,Female,67.169.133.246
363,Christiana,Giller,cgillera2@sitemeter.com,Female,149.241.203.88
364,Teresita,Dring,tdringa3@deliciousdays.com,Female,230.92.164.48
365,Ossie,Dana,odanaa4@sogou.com,Male,184.62.32.27
366,Dougie,Biaggioni,dbiaggionia5@mayoclinic.com,Male,229.133.184.248
367,Loydie,Mourant,lmouranta6@ycombinator.com,Male,114.54.29.94
368,Jeth,MacFarlane,jmacfarlanea7@vimeo.com,Agender,1.201.1.230
369,Sharl,Arthan,sarthana8@is.gd,Female,219.191.191.190
370,Diandra,Guittet,dguitteta9@go.com,Female,169.55.245.64
371,Murvyn,O'Mahoney,momahoneyaa@stanford.edu,Male,64.231.194.244
372,Scotty,Gass,sgassab@vimeo.com,Male,156.23.99.232
373,Rudolfo,Wadie,rwadieac@dion.ne.jp,Male,150.94.220.85
374,Daron,Whitton,dwhittonad@bluehost.com,Polygender,181.43.131.166
375,Rae,Hambrook,rhambrookae@livejournal.com,Female,215.255.90.231
376,Ethelind,Reeman,ereemanaf@xing.com,Female,220.71.109.180
377,Garwin,Westrey,gwestreyag@mapquest.com,Male,189.150.112.179
378,Jessalyn,Danhel,jdanhelah@oracle.com,Female,248.200.87.18
379,Hansiain,Ghidelli,hghidelliai@about.com,Male,155.204.149.92
380,Benyamin,Hadgraft,bhadgraftaj@discuz.net,Male,49.40.220.135
381,Vanessa,Staite,vstaiteak@va.gov,Female,246.175.5.46
382,Deborah,Pardy,dpardyal@japanpost.jp,Female,39.50.161.166
383,Michal,Layland,mlaylandam@techcrunch.com,Bigender,196.82.147.203
384,Abdel,Presland,apreslandan@surveymonkey.com,Male,124.74.190.100
385,Teena,Pepineaux,tpepineauxao@netlog.com,Female,60.207.36.7
386,Sibilla,Goacher,sgoacherap@sphinn.com,Female,167.3.110.188
387,Jefferson,Rangell,jrangellaq@istockphoto.com,Male,40.125.95.176
388,Kettie,Chimes,kchimesar@smh.com.au,Female,60.38.209.176
389,Neille,McQuarrie,nmcquarrieas@telegraph.co.uk,Female,176.219.140.48
390,Thorvald,Cassie,tcassieat@nyu.edu,Male,135.209.96.106
391,Ermina,Perchard,eperchardau@ifeng.com,Female,0.218.131.91
392,Janis,Affron,jaffronav@yale.edu,Female,57.111.186.72
393,Carley,Meadowcroft,cmeadowcroftaw@omniture.com,Female,95.213.87.193
394,Marlyn,Ousby,mousbyax@networkadvertising.org,Female,188.160.203.190
395,Lizzie,Hasnney,lhasnneyay@unesco.org,Female,126.10.125.230
396,Enid,Partington,epartingtonaz@statcounter.com,Female,158.98.148.131
397,Corella,Pinner,cpinnerb0@hubpages.com,Female,246.54.199.177
398,Mile,Bispham,mbisphamb1@yale.edu,Male,110.233.215.230
399,Ortensia,Mowday,omowdayb2@tinypic.com,Female,230.225.47.129
400,Bruis,Harness,bharnessb3@disqus.com,Polygender,29.26.74.235
401,Devora,Nulty,dnultyb4@dailymotion.com,Female,168.10.102.75
402,Cathrine,Wykes,cwykesb5@slideshare.net,Female,225.183.160.120
403,Jacqui,Shoebridge,jshoebridgeb6@arizona.edu,Female,224.144.31.24
404,Aeriell,Allmen,aallmenb7@furl.net,Female,133.255.159.231
405,Joannes,Threadgall,jthreadgallb8@sfgate.com,Female,254.121.43.88
406,Mechelle,Dowbakin,mdowbakinb9@senate.gov,Female,169.39.241.133
407,Colas,Stempe,cstempeba@nationalgeographic.com,Male,148.77.130.226
408,Pete,Linnard,plinnardbb@salon.com,Agender,46.51.243.64
409,Frederich,Munkton,fmunktonbc@1688.com,Male,157.187.61.62
410,Saxe,Cossar,scossarbd@columbia.edu,Male,226.130.117.211
411,Sully,McNair,smcnairbe@wsj.com,Male,156.76.141.144
412,Kellina,Waller,kwallerbf@hugedomains.com,Female,0.243.216.103
413,Paolo,Van de Castele,pvandecastelebg@hp.com,Male,132.247.79.121
414,Eugenius,McCutcheon,emccutcheonbh@redcross.org,Male,57.195.31.108
415,Paige,Driver,pdriverbi@utexas.edu,Female,244.147.201.251
416,Domenico,Joppich,djoppichbj@acquirethisname.com,Male,217.225.52.180
417,Farrah,Rideout,frideoutbk@list-manage.com,Female,230.92.180.51
418,Hugo,Itzkovici,hitzkovicibl@state.tx.us,Male,113.71.232.25
419,Antons,Muat,amuatbm@hc360.com,Male,166.16.25.63
420,Saba,Gillingwater,sgillingwaterbn@sogou.com,Female,88.40.201.162
421,Eddie,Dannehl,edannehlbo@shop-pro.jp,Female,58.221.66.244
422,Annadiane,Snibson,asnibsonbp@altervista.org,Female,245.77.242.43
423,Orsola,Pearmain,opearmainbq@prnewswire.com,Female,70.188.94.155
424,Fabian,Bowdon,fbowdonbr@answers.com,Male,112.88.205.121
425,Kamilah,Dowthwaite,kdowthwaitebs@biglobe.ne.jp,Female,194.53.88.22
426,Lindsay,Wetherhead,lwetherheadbt@bing.com,Agender,242.224.66.190
427,Timothea,Culy,tculybu@hibu.com,Female,227.36.168.56
428,Vikki,Agg,vaggbv@chronoengine.com,Genderqueer,110.134.97.251
429,Haskel,Romain,hromainbw@weibo.com,Male,73.59.146.10
430,Levi,Bolles,lbollesbx@jigsy.com,Male,170.69.78.222
431,Eve,Rozec,erozecby@goo.ne.jp,Female,1.122.9.244
432,Katleen,Szubert,kszubertbz@lulu.com,Female,91.169.79.55
433,Roxane,Hullot,rhullotc0@youtube.com,Female,155.5.171.47
434,Gearard,Canas,gcanasc1@mtv.com,Male,81.63.40.41
435,Biddy,Bonwick,bbonwickc2@who.int,Female,42.215.175.22
436,Loreen,See,lseec3@shinystat.com,Non-binary,125.70.166.3
437,Noah,Bramich,nbramichc4@prlog.org,Male,208.204.32.47
438,Mic,Smittoune,msmittounec5@fda.gov,Male,131.127.210.63
439,Basilius,Goodhall,bgoodhallc6@arstechnica.com,Male,91.152.233.51
440,Hort,Urlich,hurlichc7@si.edu,Male,159.183.250.62
441,Marlene,Lattie,mlattiec8@quantcast.com,Female,209.148.139.253
442,Wilmar,Brunsen,wbrunsenc9@mediafire.com,Male,174.88.183.147
443,Pearline,Tolussi,ptolussica@prlog.org,Female,8.15.115.194
444,Ronna,Spellworth,rspellworthcb@clickbank.net,Female,232.150.195.225
445,Marybelle,Dugald,mdugaldcc@imgur.com,Agender,76.126.73.206
446,Cymbre,Quinnelly,cquinnellycd@ezinearticles.com,Female,114.152.147.9
447,Ola,Derrick,oderrickce@youtu.be,Female,55.186.60.231
448,Tristan,Delgardillo,tdelgardillocf@scribd.com,Male,7.36.152.100
449,Jenn,Cator,jcatorcg@deviantart.com,Female,96.50.154.142
450,Eleonora,Kavanagh,ekavanaghch@etsy.com,Female,120.232.56.121
451,Eb,Luisetti,eluisettici@guardian.co.uk,Male,126.71.19.86
452,Verge,Kulas,vkulascj@lycos.com,Male,95.89.169.110
453,Ward,Prinn,wprinnck@histats.com,Male,50.20.190.100
454,Melisa,Binyon,mbinyoncl@cam.ac.uk,Female,36.20.188.149
455,Katlin,Gilbane,kgilbanecm@adobe.com,Female,50.42.25.194
456,Alejoa,Boyat,aboyatcn@comcast.net,Male,226.167.104.96
457,Junie,Kenny,jkennyco@examiner.com,Female,5.25.166.78
458,Daisie,Caselick,dcaselickcp@gmpg.org,Female,92.82.184.6
459,Aggi,O'Lehane,aolehanecq@cornell.edu,Female,132.245.175.72
460,Rutherford,Novotni,rnovotnicr@omniture.com,Bigender,15.86.162.8
461,Olin,Habercham,ohaberchamcs@salon.com,Male,152.102.63.251
462,Madison,McLaine,mmclainect@pbs.org,Male,247.84.29.113
463,Dael,MacAskie,dmacaskiecu@google.fr,Male,67.83.127.231
464,Archambault,Blinkhorn,ablinkhorncv@psu.edu,Male,45.237.53.198
465,Debbi,Perrins,dperrinscw@blinklist.com,Female,31.184.91.47
466,Donnie,Soans,dsoanscx@blogs.com,Male,33.159.150.137
467,Orelia,Backshaw,obackshawcy@amazon.co.jp,Female,250.13.200.217
468,Heriberto,Gripton,hgriptoncz@bluehost.com,Male,94.77.118.231
469,Erie,Maine,emained0@oaic.gov.au,Male,192.224.10.92
470,Nanci,Spare,nspared1@cyberchimps.com,Female,253.137.165.70
471,Jolie,Coram,jcoramd2@themeforest.net,Female,85.75.226.61
472,Dareen,Bryers,dbryersd3@yellowbook.com,Female,206.75.76.72
473,Byron,Gronauer,bgronauerd4@cargocollective.com,Male,123.163.141.136
474,Brooke,Zupo,bzupod5@imdb.com,Female,154.63.172.175
475,Erina,Mangeney,emangeneyd6@ca.gov,Polygender,177.45.238.141
476,Oliy,Pareman,oparemand7@drupal.org,Female,234.50.122.71
477,Mitchael,MacIllrick,mmacillrickd8@woothemes.com,Male,206.31.63.251
478,Xena,Goulbourn,xgoulbournd9@yandex.ru,Female,55.105.172.84
479,Davon,Cavanagh,dcavanaghda@auda.org.au,Male,123.132.55.190
480,Valera,Welberry,vwelberrydb@reddit.com,Female,148.56.126.159
481,Leif,Novis,lnovisdc@opensource.org,Male,120.19.115.187
482,Farlee,Calcraft,fcalcraftdd@wikimedia.org,Male,206.233.247.107
483,Maje,Cooley,mcooleyde@samsung.com,Male,19.145.212.130
484,Guthrie,Hartrick,ghartrickdf@ifeng.com,Male,122.10.193.109
485,Nerta,Stoyles,nstoylesdg@illinois.edu,Female,176.70.235.26
486,Eydie,Agutter,eagutterdh@google.ru,Female,182.71.151.179
487,Gard,Rosenbusch,grosenbuschdi@t-online.de,Male,188.71.62.170
488,Sansone,Lillywhite,slillywhitedj@boston.com,Agender,106.151.198.0
489,Keriann,Pagon,kpagondk@mit.edu,Female,41.56.233.90
490,Benton,Locke,blockedl@plala.or.jp,Male,152.197.218.126
491,Claudell,McCall,cmccalldm@virginia.edu,Male,254.194.84.167
492,Hart,Gurnell,hgurnelldn@examiner.com,Male,64.42.90.203
493,Constantia,Boyes,cboyesdo@google.fr,Female,6.69.133.120
494,Keenan,Duerden,kduerdendp@house.gov,Genderqueer,172.108.148.115
495,Micah,Shipton,mshiptondq@weather.com,Male,87.7.207.138
496,Serge,Lezemore,slezemoredr@friendfeed.com,Male,93.239.149.250
497,Dion,Threlkeld,dthrelkeldds@cyberchimps.com,Male,57.208.128.89
498,Hollis,Tellenbach,htellenbachdt@abc.net.au,Polygender,50.99.230.11
499,Calvin,Redpath,credpathdu@nature.com,Male,79.140.116.88
500,Shanda,Andreotti,sandreottidv@google.com.au,Female,248.154.59.159
501,Emmalee,Pickwell,epickwelldw@php.net,Female,146.89.146.6
502,Wolfie,Cattemull,wcattemulldx@tmall.com,Male,232.102.153.149
503,Early,Sherbrooke,esherbrookedy@etsy.com,Male,229.138.168.235
504,Sly,Barrett,sbarrettdz@uiuc.edu,Male,206.12.214.103
505,Gabie,Petronis,gpetronise0@quantcast.com,Male,175.83.189.217
506,Ivor,Horche,ihorchee1@wikipedia.org,Male,69.147.77.61
507,Gordan,Nesey,gneseye2@flickr.com,Male,237.81.109.16
508,Nathanil,Linzey,nlinzeye3@ed.gov,Male,241.242.248.159
509,Huey,Duck,hducke4@imgur.com,Male,231.176.162.224
510,Trisha,Devoy,tdevoye5@redcross.org,Female,143.246.18.157
511,Penelopa,Lavington,plavingtone6@sfgate.com,Female,245.132.43.41
512,Andris,Feenan,afeenane7@adobe.com,Male,30.205.31.190
513,Delores,Torn,dtorne8@cmu.edu,Female,136.190.7.25
514,Kennett,Candlish,kcandlishe9@wikia.com,Male,25.202.72.99
515,Salvidor,Whittuck,swhittuckea@imgur.com,Male,247.120.27.44
516,Nessi,Ellicock,nellicockeb@cyberchimps.com,Female,36.241.73.232
517,Melli,Willerstone,mwillerstoneec@archive.org,Female,211.119.170.195
518,Krystal,Gooms,kgoomsed@hp.com,Female,11.165.114.99
519,Bernhard,McLarty,bmclartyee@intel.com,Male,204.117.244.83
520,Anet,Irlam,airlamef@list-manage.com,Female,124.116.125.171
521,Andrej,Wynn,awynneg@accuweather.com,Male,61.47.179.241
522,Terrance,Rumney,trumneyeh@cnn.com,Male,90.208.185.211
523,Immanuel,DelaField,idelafieldei@bing.com,Male,103.34.160.118
524,Roma,Burbridge,rburbridgeej@whitehouse.gov,Male,117.42.80.144
525,Shannon,Sanbroke,ssanbrokeek@e-recht24.de,Male,143.174.188.117
526,Howey,Matresse,hmatresseel@hubpages.com,Male,149.126.86.117
527,Ysabel,Knapper,yknapperem@va.gov,Female,205.54.205.144
528,Pam,Harmant,pharmanten@exblog.jp,Female,192.5.135.220
529,Kellia,Hammor,khammoreo@mapquest.com,Female,13.115.236.7
530,Nichole,Boykett,nboykettep@europa.eu,Male,1.223.196.87
531,Berkie,Dendon,bdendoneq@paypal.com,Male,169.65.46.116
532,Melli,Storek,mstoreker@google.com.au,Female,139.243.249.52
533,Ado,Heyns,aheynses@mac.com,Male,45.166.188.129
534,Keely,Garnar,kgarnaret@guardian.co.uk,Female,113.157.170.92
535,Shawna,Nowlan,snowlaneu@mysql.com,Female,253.51.82.236
536,Jock,Shoosmith,jshoosmithev@reverbnation.com,Male,53.164.122.83
537,Sarita,Huriche,shuricheew@prweb.com,Genderqueer,183.203.196.147
538,Raine,Biscomb,rbiscombex@jalbum.net,Female,34.47.235.174
539,Jayme,Lowrey,jlowreyey@youtube.com,Female,65.117.245.29
540,Tandi,Giacobbo,tgiacobboez@berkeley.edu,Female,243.43.219.39
541,Olenolin,Myner,omynerf0@hhs.gov,Male,38.202.83.125
542,Kesley,Armit,karmitf1@wufoo.com,Female,43.110.239.236
543,Neil,Shorter,nshorterf2@pbs.org,Bigender,34.58.21.57
544,Marcy,Myers,mmyersf3@cargocollective.com,Female,40.99.30.243
545,Rand,Swabey,rswabeyf4@businessinsider.com,Male,146.125.6.182
546,Dru,Chasteney,dchasteneyf5@npr.org,Female,104.246.118.241
547,Harrison,Dimmne,hdimmnef6@joomla.org,Male,155.31.57.160
548,Mehetabel,Akister,makisterf7@dailymail.co.uk,Female,97.251.35.75
549,Cthrine,McPhaden,cmcphadenf8@list-manage.com,Female,26.243.60.186
550,Horst,Bikker,hbikkerf9@altervista.org,Male,10.102.12.179
551,Latisha,Tye,ltyefa@diigo.com,Female,7.143.207.254
552,Katie,Forson,kforsonfb@sbwire.com,Female,183.149.240.124
553,Beck,Hedon,bhedonfc@trellian.com,Male,186.2.83.230
554,Benson,Proby,bprobyfd@youtu.be,Male,191.64.218.162
555,Shermy,Stirton,sstirtonfe@latimes.com,Male,0.104.97.209
556,Vidovik,Menichi,vmenichiff@infoseek.co.jp,Male,122.165.126.117
557,Reggy,Beining,rbeiningfg@cisco.com,Male,27.33.132.45
558,Adrian,Lambert-Ciorwyn,alambertciorwynfh@japanpost.jp,Female,191.213.172.239
559,Tiffanie,Cunningham,tcunninghamfi@cnn.com,Female,224.246.109.117
560,Bonnee,Edards,bedardsfj@timesonline.co.uk,Female,139.50.193.75
561,Monte,Edgeller,medgellerfk@twitpic.com,Male,138.28.149.248
562,Keeley,Ayshford,kayshfordfl@alibaba.com,Female,253.140.180.25
563,Leland,Stearn,lstearnfm@hibu.com,Male,58.123.203.84
564,Carter,Swaden,cswadenfn@mozilla.com,Male,18.35.149.87
565,Gaby,Matheson,gmathesonfo@comcast.net,Male,123.18.104.173
566,Lock,Holdron,lholdronfp@dion.ne.jp,Male,248.59.88.204
567,Sorcha,Gunn,sgunnfq@networksolutions.com,Female,117.163.161.161
568,Deina,D'Oyley,ddoyleyfr@skype.com,Female,93.206.114.90
569,Fredra,Attac,fattacfs@bloglines.com,Female,70.174.0.174
570,Worthington,Diperaus,wdiperausft@cpanel.net,Male,150.233.105.29
571,Timmy,Garratt,tgarrattfu@angelfire.com,Female,172.50.251.6
572,Nesta,Obee,nobeefv@engadget.com,Female,206.34.20.143
573,Antonina,Farguhar,afarguharfw@imgur.com,Female,207.224.215.80
574,Freeland,Bretland,fbretlandfx@go.com,Bigender,97.127.11.234
575,Winni,De Hoogh,wdehooghfy@cdbaby.com,Female,5.164.91.160
576,Fidela,Olufsen,folufsenfz@vk.com,Female,244.96.46.79
577,Trudy,Blakiston,tblakistong0@netvibes.com,Female,248.145.44.124
578,Francesca,Dakhno,fdakhnog1@house.gov,Female,255.2.5.232
579,Wendall,Benini,wbeninig2@yolasite.com,Genderfluid,230.157.14.6
580,Gladys,Mansford,gmansfordg3@about.com,Female,52.228.35.4
581,Rolfe,Featherstonhaugh,rfeatherstonhaughg4@delicious.com,Male,28.195.66.77
582,Barbabas,Ormes,bormesg5@jigsy.com,Male,174.187.255.129
583,Luise,Armor,larmorg6@comcast.net,Female,4.30.116.140
584,Stearn,Deverose,sdeveroseg7@nasa.gov,Male,235.61.253.62
585,Lorilyn,Monkton,lmonktong8@so-net.ne.jp,Female,63.244.223.88
586,Andie,Abbatt,aabbattg9@theglobeandmail.com,Male,174.95.205.73
587,Midge,Finci,mfinciga@phoca.cz,Female,105.188.121.124
588,Lyndsey,Able,lablegb@chron.com,Female,111.215.242.236
589,Ruthi,Godthaab,rgodthaabgc@si.edu,Female,0.245.150.36
590,Gaynor,Ybarra,gybarragd@yahoo.co.jp,Female,127.141.74.240
591,Joyan,Josskovitz,jjosskovitzge@japanpost.jp,Female,22.32.150.167
592,Rudyard,Draaisma,rdraaismagf@forbes.com,Male,230.204.163.254
593,Johann,Ciciura,jciciuragg@dagondesign.com,Male,57.32.213.183
594,Margarette,Coyish,mcoyishgh@wiley.com,Female,195.40.150.71
595,Johan,Tales,jtalesgi@is.gd,Male,34.0.28.40
596,Michale,Mangham,mmanghamgj@cbsnews.com,Polygender,216.13.180.188
597,Sonja,Clethro,sclethrogk@weibo.com,Female,91.86.199.43
598,Risa,Honatsch,rhonatschgl@samsung.com,Female,138.8.132.109
599,Aaron,Worsnip,aworsnipgm@prlog.org,Male,88.248.192.67
600,Gertruda,Boult,gboultgn@chron.com,Female,148.3.8.58
601,Marleen,McGarrie,mmcgarriego@fda.gov,Bigender,90.180.210.202
602,Michal,Smale,msmalegp@nymag.com,Non-binary,133.65.131.199
603,Aylmer,Domotor,adomotorgq@soundcloud.com,Male,15.118.97.106
604,Una,Elt,ueltgr@independent.co.uk,Female,227.153.184.237
605,Gaultiero,Dulieu,gdulieugs@theatlantic.com,Male,16.205.23.158
606,Clyde,Hunting,chuntinggt@statcounter.com,Male,166.115.71.156
607,Anny,Fishpoole,afishpoolegu@reverbnation.com,Female,175.58.141.61
608,Luke,Sailes,lsailesgv@ifeng.com,Male,250.253.141.114
609,Gayle,Loweth,glowethgw@archive.org,Female,120.57.116.218
610,Berk,Okenden,bokendengx@businessweek.com,Male,86.86.210.231
611,Dominick,Anstey,dansteygy@wisc.edu,Male,19.24.169.27
612,Karrah,Achrameev,kachrameevgz@squidoo.com,Female,55.65.63.214
613,Saxe,Lamke,slamkeh0@unc.edu,Male,143.65.118.11
614,Hedda,Beacom,hbeacomh1@dmoz.org,Female,2.246.55.89
615,Marie,Hanford,mhanfordh2@odnoklassniki.ru,Female,70.26.133.237
616,Tove,Olufsen,tolufsenh3@ihg.com,Female,138.115.79.254
617,Tiff,Barkhouse,tbarkhouseh4@pinterest.com,Female,212.81.243.101
618,Raddy,Lamers,rlamersh5@woothemes.com,Male,193.239.121.81
619,Lock,Enderwick,lenderwickh6@last.fm,Male,34.241.191.116
620,Celina,Scotchforth,cscotchforthh7@meetup.com,Female,5.1.41.179
621,Harley,Spandley,hspandleyh8@walmart.com,Male,210.37.229.209
622,Simonne,Venard,svenardh9@discuz.net,Female,192.163.233.146
623,Kelsey,Dorgan,kdorganha@google.es,Female,234.8.3.143
624,Ronnie,De Caroli,rdecarolihb@google.fr,Male,115.213.198.232
625,Talya,Tosney,ttosneyhc@vk.com,Female,60.39.172.98
626,Kandy,Pauleau,kpauleauhd@weather.com,Female,15.194.82.103
627,Fifine,Willers,fwillershe@google.com.br,Female,15.255.63.50
628,Phillip,Caldron,pcaldronhf@elegantthemes.com,Male,115.1.13.192
629,Marguerite,Elintune,melintunehg@ameblo.jp,Female,29.10.13.213
630,Chance,Schusterl,cschusterlhh@jiathis.com,Male,215.54.184.251
631,Zara,de Clerq,zdeclerqhi@g.co,Genderfluid,255.112.255.214
632,Tye,Cubin,tcubinhj@mashable.com,Genderqueer,159.72.218.123
633,Sandy,Adkin,sadkinhk@si.edu,Male,254.15.187.248
634,Karina,Dulanty,kdulantyhl@soup.io,Female,55.216.135.232
635,Brett,MacConnel,bmacconnelhm@goo.ne.jp,Male,176.144.233.19
636,Anastasie,Slator,aslatorhn@wp.com,Female,118.72.57.72
637,Sammie,Hunnicot,shunnicotho@etsy.com,Male,252.18.105.128
638,Charmine,Berrisford,cberrisfordhp@qq.com,Genderqueer,225.190.159.80
639,Tulley,Jardein,tjardeinhq@woothemes.com,Male,73.8.240.58
640,Clair,Redgewell,credgewellhr@github.io,Male,107.192.176.182
641,Odette,Vanyashkin,ovanyashkinhs@bbb.org,Female,1.71.151.103
642,Suzanne,Harback,sharbackht@themeforest.net,Female,192.203.58.212
643,Guido,Matelaitis,gmatelaitishu@mediafire.com,Male,38.149.208.7
644,Marcia,Renne,mrennehv@vk.com,Female,228.40.205.198
645,Zelma,Rounsivall,zrounsivallhw@histats.com,Female,85.83.65.26
646,Guillaume,Povlsen,gpovlsenhx@ucoz.ru,Male,108.236.202.95
647,Arel,Denisard,adenisardhy@walmart.com,Male,71.160.146.74
648,Lotti,Ferronel,lferronelhz@live.com,Female,72.226.108.46
649,Orsa,Vasilenko,ovasilenkoi0@blogtalkradio.com,Female,117.7.39.151
650,Lombard,Freckingham,lfreckinghami1@mozilla.com,Male,241.21.57.5
651,Richmond,Osipenko,rosipenkoi2@mashable.com,Male,190.171.174.211
652,Meryl,Skelton,mskeltoni3@imageshack.us,Male,173.113.140.201
653,Karisa,Carlucci,kcarluccii4@addtoany.com,Female,250.186.170.225
654,Cassaundra,McKinley,cmckinleyi5@ucsd.edu,Female,233.49.116.61
655,Brenn,Jacobssen,bjacobsseni6@tinyurl.com,Polygender,81.150.165.201
656,Annadiane,Sherel,ashereli7@usda.gov,Female,179.72.40.249
657,Nettie,Voce,nvocei8@cargocollective.com,Female,253.166.42.94
658,Mommy,McIlvoray,mmcilvorayi9@sciencedirect.com,Female,123.138.214.76
659,Papagena,Tytcomb,ptytcombia@microsoft.com,Female,236.195.65.90
660,Cecilio,Backshall,cbackshallib@a8.net,Male,2.30.57.8
661,Elisha,Ffoulkes,effoulkesic@tamu.edu,Male,0.93.173.184
662,Lorilee,Offin,loffinid@free.fr,Female,93.205.15.98
663,Ephraim,Crampsy,ecrampsyie@toplist.cz,Male,62.67.165.48
664,Rupert,Cawte,rcawteif@gnu.org,Male,191.187.245.146
665,Clive,Grinstead,cgrinsteadig@usgs.gov,Male,112.245.200.214
666,Brewster,Crookes,bcrookesih@bbb.org,Male,251.212.141.225
667,Laurie,Corton,lcortonii@live.com,Female,79.156.48.129
668,Perceval,Roggero,proggeroij@chronoengine.com,Male,162.64.44.250
669,Sada,Arnecke,sarneckeik@ibm.com,Female,141.142.69.43
670,Sibbie,Glyn,sglynil@privacy.gov.au,Female,166.160.123.74
671,Katey,Castagna,kcastagnaim@deviantart.com,Female,94.91.164.230
672,Serena,Jordine,sjordinein@privacy.gov.au,Female,18.246.155.157
673,Baldwin,World,bworldio@diigo.com,Male,112.98.169.66
674,Brandyn,Keyson,bkeysonip@51.la,Male,223.4.194.149
675,Jeniece,Shouler,jshouleriq@addthis.com,Polygender,50.140.124.45
676,Minnnie,Ginnell,mginnellir@nyu.edu,Female,175.145.136.50
677,Thia,Marriner,tmarrineris@mtv.com,Female,46.251.249.87
678,Adella,Hixson,ahixsonit@facebook.com,Female,229.245.203.150
679,Everard,Hubbold,ehubboldiu@oracle.com,Male,40.10.186.122
680,Blaine,Habden,bhabdeniv@sun.com,Polygender,211.50.182.56
681,Clarke,Youle,cyouleiw@e-recht24.de,Male,137.227.231.69
682,Doy,Kuhlen,dkuhlenix@independent.co.uk,Male,58.254.252.113
683,Zora,Young,zyoungiy@posterous.com,Female,58.242.22.53
684,Pincus,Pelzer,ppelzeriz@umn.edu,Male,150.255.220.27
685,Jordana,O'Corren,jocorrenj0@vimeo.com,Agender,183.22.217.247
686,Clarie,Kropp,ckroppj1@moonfruit.com,Female,26.112.127.6
687,Rayna,Gildersleaves,rgildersleavesj2@wikipedia.org,Female,116.129.113.96
688,Emiline,Brownill,ebrownillj3@cornell.edu,Female,190.230.50.237
689,Norina,Crewther,ncrewtherj4@hugedomains.com,Female,198.105.27.251
690,Meyer,Aizlewood,maizlewoodj5@free.fr,Male,142.40.152.225
691,Nance,Brailey,nbraileyj6@ed.gov,Female,155.157.185.243
692,Kipp,Yitzovitz,kyitzovitzj7@themeforest.net,Female,121.217.20.57
693,Salomone,Sappell,ssappellj8@uiuc.edu,Male,17.177.67.111
694,Frankie,Perris,fperrisj9@who.int,Female,93.205.47.211
695,Natalee,Elletson,nelletsonja@geocities.com,Female,76.199.138.1
696,Michail,Deane,mdeanejb@nationalgeographic.com,Male,254.220.136.152
697,Augy,Stiggers,astiggersjc@chronoengine.com,Male,17.236.168.66
698,Baillie,Ferruzzi,bferruzzijd@unesco.org,Male,187.138.78.210
699,Nananne,Dehmel,ndehmelje@msu.edu,Female,24.225.64.125
700,Tabb,Grelak,tgrelakjf@csmonitor.com,Male,196.132.10.81
701,Celestyna,Boise,cboisejg@nyu.edu,Female,8.42.165.247
702,Zulema,Keneleyside,zkeneleysidejh@arizona.edu,Female,3.125.251.25
703,Cyrille,Syphas,csyphasji@furl.net,Male,109.163.47.121
704,Gates,Winsome,gwinsomejj@pinterest.com,Female,144.149.147.3
705,Briny,Friend,bfriendjk@redcross.org,Non-binary,152.25.95.112
706,Elfrida,Aynold,eaynoldjl@linkedin.com,Female,232.187.87.8
707,Witty,Touret,wtouretjm@ustream.tv,Male,22.120.19.136
708,Cris,Spritt,csprittjn@dailymotion.com,Female,16.223.209.164
709,Vick,Pritchitt,vpritchittjo@utexas.edu,Male,242.112.32.95
710,Dyna,Digweed,ddigweedjp@gnu.org,Female,80.193.55.99
711,Cob,Tibols,ctibolsjq@google.es,Male,65.152.84.31
712,Guillermo,Stowe,gstowejr@reuters.com,Male,188.30.13.236
713,Frances,Sydney,fsydneyjs@oracle.com,Female,106.199.173.130
714,Paddy,Dracey,pdraceyjt@sina.com.cn,Male,191.24.188.70
715,Farlie,Culbard,fculbardju@last.fm,Male,109.215.211.242
716,Ronnie,Fison,rfisonjv@va.gov,Female,76.254.51.126
717,Benn,Cote,bcotejw@princeton.edu,Male,101.245.8.36
718,Jason,Stretton,jstrettonjx@bbc.co.uk,Male,93.201.81.235
719,Washington,Gutierrez,wgutierrezjy@hhs.gov,Male,188.172.49.95
720,Sander,Glazer,sglazerjz@google.fr,Male,64.165.142.161
721,Rice,Digg,rdiggk0@cpanel.net,Genderfluid,44.254.163.37
722,Neda,Gudd,nguddk1@ocn.ne.jp,Female,143.241.171.111
723,Cortie,Brownlea,cbrownleak2@istockphoto.com,Male,118.155.69.77
724,Roseanna,Beavers,rbeaversk3@com.com,Female,225.208.233.31
725,Erna,Challiner,echallinerk4@usatoday.com,Female,127.236.3.15
726,Kienan,Kenwell,kkenwellk5@usa.gov,Male,159.136.199.30
727,Pamelina,McCorrie,pmccorriek6@foxnews.com,Female,237.86.247.227
728,Der,Salman,dsalmank7@xinhuanet.com,Male,97.9.233.247
729,Gabie,Rolph,grolphk8@infoseek.co.jp,Male,74.186.166.195
730,Jaclyn,Longo,jlongok9@sourceforge.net,Female,21.183.73.184
731,Evaleen,Maplethorp,emaplethorpka@eventbrite.com,Female,241.38.124.68
732,Jehu,McEwan,jmcewankb@blogs.com,Male,132.9.192.123
733,Chadd,Shackel,cshackelkc@answers.com,Male,153.67.117.182
734,Cyndy,Glantz,cglantzkd@techcrunch.com,Female,252.58.46.23
735,Deanne,Rasher,drasherke@omniture.com,Female,56.134.155.143
736,Milty,Killgus,mkillguskf@apache.org,Male,137.12.19.240
737,Chad,Giraldon,cgiraldonkg@blog.com,Non-binary,193.134.56.123
738,Andeee,Cloney,acloneykh@miibeian.gov.cn,Female,96.107.128.175
739,Lindsey,De Mattei,ldematteiki@ftc.gov,Male,83.224.118.138
740,Bary,Nelles,bnelleskj@tmall.com,Male,137.171.147.230
741,Michelle,Sarch,msarchkk@tinyurl.com,Female,180.110.70.62
742,Perren,Demschke,pdemschkekl@unblog.fr,Male,24.76.242.88
743,Taryn,McMonies,tmcmonieskm@pinterest.com,Female,213.117.248.236
744,Ludvig,Poundford,lpoundfordkn@chronoengine.com,Male,19.226.184.93
745,Sophia,Billingham,sbillinghamko@prweb.com,Female,23.47.241.13
746,Arabele,Visco,aviscokp@forbes.com,Female,56.161.117.98
747,Malynda,Franseco,mfransecokq@yolasite.com,Polygender,43.149.216.202
748,Winona,Girardy,wgirardykr@exblog.jp,Female,196.181.84.117
749,Galina,Khrishtafovich,gkhrishtafovichks@netscape.com,Genderfluid,229.2.69.37
750,Elmo,Tuer,etuerkt@prnewswire.com,Male,234.226.195.132
751,Ulick,Gossipin,ugossipinku@addtoany.com,Male,110.54.236.13
752,Ruthe,Teliga,rteligakv@fda.gov,Genderqueer,165.45.146.134
753,Bradney,How to preserve,bhowtopreservekw@uol.com.br,Male,63.13.14.35
754,Nollie,Brewood,nbrewoodkx@linkedin.com,Male,55.201.206.49
755,Ransom,Hapke,rhapkeky@dailymotion.com,Male,59.189.30.252
756,Wright,Poure,wpourekz@goo.gl,Male,126.93.68.251
757,Tanner,Davidovsky,tdavidovskyl0@odnoklassniki.ru,Male,46.70.35.165
758,Bealle,Iannuzzelli,biannuzzellil1@oaic.gov.au,Male,182.22.246.92
759,Kelcey,Basketter,kbasketterl2@utexas.edu,Female,214.64.48.220
760,Carmine,Shorbrook,cshorbrookl3@webnode.com,Male,53.165.197.4
761,Tilda,Jorcke,tjorckel4@hhs.gov,Female,151.190.0.72
762,Barde,Croall,bcroalll5@webs.com,Male,216.75.122.162
763,Lamar,McGinny,lmcginnyl6@foxnews.com,Male,61.126.148.3
764,Harrietta,Schurcke,hschurckel7@gravatar.com,Female,189.253.218.244
765,Karla,Brammar,kbrammarl8@linkedin.com,Female,147.57.227.225
766,Giraud,Shreeve,gshreevel9@unesco.org,Male,197.119.108.247
767,Gerardo,Holligan,gholliganla@utexas.edu,Male,182.116.50.58
768,Rodi,Bydaway,rbydawaylb@quantcast.com,Female,97.60.235.40
769,Franciska,Chevolleau,fchevolleaulc@wikispaces.com,Female,183.223.64.148
770,Kienan,Graeme,kgraemeld@joomla.org,Male,205.224.22.170
771,Braden,Dominguez,bdominguezle@about.com,Polygender,39.134.105.57
772,Merwin,O'Corhane,mocorhanelf@patch.com,Male,203.12.199.183
773,Enriqueta,Campos,ecamposlg@youtube.com,Female,95.247.30.123
774,Linet,Yearne,lyearnelh@marriott.com,Female,141.82.207.225
775,Port,Ostridge,postridgeli@domainmarket.com,Male,0.119.213.151
776,Jocelyn,Gunter,jgunterlj@bloglines.com,Female,88.128.94.204
777,Brendin,Posen,bposenlk@amazon.co.uk,Male,189.145.7.93
778,Nathan,Marielle,nmariellell@slideshare.net,Polygender,191.87.230.162
779,Dorey,Hentze,dhentzelm@cmu.edu,Male,140.162.218.16
780,Eleni,O'Griffin,eogriffinln@i2i.jp,Female,51.122.65.169
781,Foss,Holston,fholstonlo@so-net.ne.jp,Genderfluid,58.39.119.45
782,Cecil,Blewitt,cblewittlp@cdbaby.com,Female,199.182.70.161
783,Nanci,Siggee,nsiggeelq@blogs.com,Female,94.53.229.67
784,Cristobal,Molian,cmolianlr@xinhuanet.com,Male,6.187.128.217
785,Aurel,Rimer,arimerls@tinyurl.com,Female,209.219.190.211
786,Alic,Osman,aosmanlt@cnn.com,Male,199.204.253.175
787,Nick,Sorsbie,nsorsbielu@php.net,Male,193.138.254.132
788,Trixie,Aim,taimlv@examiner.com,Female,58.37.170.75
789,Karim,Andree,kandreelw@desdev.cn,Male,157.118.130.82
790,Alice,De Malchar,ademalcharlx@google.it,Female,137.134.248.156
791,Win,Katz,wkatzly@so-net.ne.jp,Male,155.150.208.199
792,Vanya,Philippon,vphilipponlz@furl.net,Genderfluid,228.0.130.140
793,Alvira,Jaume,ajaumem0@craigslist.org,Female,175.90.229.139
794,Jolene,Cubbon,jcubbonm1@ebay.co.uk,Female,96.195.143.39
795,Theodora,Whitmarsh,twhitmarshm2@mit.edu,Female,194.254.199.168
796,Angelika,Ladewig,aladewigm3@rediff.com,Female,62.81.215.239
797,Malcolm,Stothart,mstothartm4@github.io,Male,158.9.230.214
798,Lewes,Houlden,lhouldenm5@nhs.uk,Male,22.147.247.232
799,Erminie,Mulrenan,emulrenanm6@diigo.com,Female,28.107.9.51
800,Ravi,Gyles,rgylesm7@businesswire.com,Male,100.183.190.148
801,Merridie,Goldstein,mgoldsteinm8@trellian.com,Female,7.32.190.55
802,Domenico,Vallantine,dvallantinem9@cocolog-nifty.com,Male,88.181.46.202
803,Cam,Elfes,celfesma@shinystat.com,Female,94.232.185.222
804,Morissa,Ireland,mirelandmb@economist.com,Female,240.22.76.249
805,Ryan,Kibbey,rkibbeymc@google.it,Male,127.235.127.240
806,Carmelle,Tetla,ctetlamd@wikipedia.org,Female,73.220.202.62
807,Rodrick,McGebenay,rmcgebenayme@chicagotribune.com,Male,105.141.170.179
808,Merissa,Dominguez,mdominguezmf@spotify.com,Female,13.88.91.224
809,Maudie,Venn,mvennmg@sciencedirect.com,Female,30.230.221.59
810,Harp,Rash,hrashmh@usa.gov,Male,147.5.68.69
811,Tomlin,Van Son,tvansonmi@washingtonpost.com,Male,0.186.228.122
812,Rafaello,Janes,rjanesmj@clickbank.net,Male,163.126.186.61
813,Sadella,Possek,spossekmk@ocn.ne.jp,Female,144.207.24.115
814,Madelon,D'Acth,mdacthml@archive.org,Female,144.247.181.231
815,Kelwin,Kopje,kkopjemm@house.gov,Male,189.138.101.168
816,Daisie,Folling,dfollingmn@cam.ac.uk,Female,176.128.5.23
817,Lotti,Varvell,lvarvellmo@smh.com.au,Female,160.205.52.102
818,Barrie,Forseith,bforseithmp@blogspot.com,Male,244.179.109.205
819,Becka,Colbeck,bcolbeckmq@ovh.net,Female,156.171.162.60
820,Chryste,Gorwood,cgorwoodmr@timesonline.co.uk,Bigender,203.108.124.123
821,Ursala,Olliver,uolliverms@java.com,Female,231.29.39.59
822,Merrill,Gration,mgrationmt@washington.edu,Male,123.204.72.201
823,Nada,Pattison,npattisonmu@google.nl,Female,202.47.81.47
824,Felita,Episcopi,fepiscopimv@china.com.cn,Female,179.125.160.126
825,Sayer,Brigginshaw,sbrigginshawmw@purevolume.com,Male,72.147.254.191
826,Uriel,Assaf,uassafmx@github.io,Male,4.93.43.45
827,Vergil,Scamaden,vscamadenmy@facebook.com,Male,120.163.186.166
828,Adah,Ivankovic,aivankovicmz@nps.gov,Female,196.70.101.26
829,Myca,Ilott,milottn0@washingtonpost.com,Male,246.108.231.233
830,Una,Pethick,upethickn1@1und1.de,Female,132.230.119.235
831,Pippa,Pocklington,ppocklingtonn2@jugem.jp,Female,132.133.109.170
832,Findley,Origin,foriginn3@icio.us,Male,37.64.15.109
833,Tally,Uccelli,tuccellin4@networksolutions.com,Male,10.217.0.185
834,Lissa,Wolford,lwolfordn5@tiny.cc,Genderqueer,119.189.215.80
835,Dominica,Cathcart,dcathcartn6@un.org,Female,82.31.217.178
836,Nahum,Lober,nlobern7@jugem.jp,Male,110.123.225.63
837,Lothaire,Franzonetti,lfranzonettin8@bluehost.com,Male,8.73.6.178
838,Obadias,Cradduck,ocradduckn9@yellowbook.com,Male,126.46.186.133
839,Ernaline,Dresser,edresserna@upenn.edu,Female,10.124.239.242
840,Sukey,MacRedmond,smacredmondnb@gizmodo.com,Female,13.237.242.150
841,Tallia,Gosnell,tgosnellnc@quantcast.com,Female,128.45.95.53
842,Jozef,Mico,jmicond@photobucket.com,Male,199.251.221.202
843,Barbra,Hancke,bhanckene@slashdot.org,Female,62.197.207.230
844,Corenda,Spare,csparenf@bloomberg.com,Female,10.184.3.217
845,Keelby,Rude,krudeng@flickr.com,Male,151.139.127.254
846,Ringo,Dun,rdunnh@g.co,Male,133.178.81.32
847,Federico,Andrews,fandrewsni@cargocollective.com,Male,6.104.140.72
848,Erin,Mulrenan,emulrenannj@twitter.com,Female,77.230.24.169
849,Tann,McFarlan,tmcfarlannk@weibo.com,Male,245.62.225.70
850,Claudio,Byas,cbyasnl@foxnews.com,Male,62.232.169.181
851,Loralee,Huglin,lhuglinnm@hubpages.com,Genderfluid,36.205.235.195
852,Nikola,Gatling,ngatlingnn@multiply.com,Male,27.223.68.121
853,Vin,Ells,vellsno@bandcamp.com,Genderfluid,116.54.153.83
854,Jeremie,Stopforth,jstopforthnp@deliciousdays.com,Male,195.82.39.202
855,Portie,Henstridge,phenstridgenq@pen.io,Male,32.237.252.214
856,Eryn,Lind,elindnr@instagram.com,Female,144.12.52.150
857,Angy,Monument,amonumentns@cam.ac.uk,Female,138.24.20.101
858,Lothaire,Buie,lbuient@nsw.gov.au,Male,177.82.61.61
859,Herve,MacShirie,hmacshirienu@webeden.co.uk,Male,135.224.118.150
860,Tansy,Cazereau,tcazereaunv@wordpress.org,Female,247.140.219.150
861,Hildagard,Kensit,hkensitnw@dailymotion.com,Female,163.231.222.131
862,Elliot,Heald,ehealdnx@reverbnation.com,Male,99.157.248.182
863,Analise,Whitton,awhittonny@princeton.edu,Female,80.145.187.51
864,Reinaldos,Lamp,rlampnz@com.com,Male,112.80.158.142
865,Brod,Joynes,bjoyneso0@sohu.com,Male,37.231.79.117
866,Consolata,Batter,cbattero1@studiopress.com,Female,202.61.33.113
867,Ive,Turbern,iturberno2@jimdo.com,Male,189.58.172.143
868,Stephanus,Zorn,szorno3@etsy.com,Male,131.146.105.63
869,Forest,Tams,ftamso4@yahoo.com,Male,199.140.62.93
870,Dodie,Durward,ddurwardo5@reddit.com,Female,242.28.46.38
871,Hillary,Quested,hquestedo6@msn.com,Male,148.228.95.97
872,Morry,Marian,mmariano7@home.pl,Male,25.22.197.162
873,Deck,Proby,dprobyo8@cdbaby.com,Male,140.161.87.245
874,Cirilo,Bagot,cbagoto9@chronoengine.com,Male,237.196.8.0
875,Margette,Benham,mbenhamoa@amazon.co.jp,Female,211.93.187.59
876,Miof mela,Measom,mmeasomob@reverbnation.com,Female,196.58.87.78
877,Hardy,Citrine,hcitrineoc@so-net.ne.jp,Genderqueer,178.150.150.156
878,Oralla,Stoves,ostovesod@fema.gov,Female,50.226.103.164
879,Calley,Bembrick,cbembrickoe@gmpg.org,Female,221.135.5.199
880,Rowe,Davenhall,rdavenhallof@issuu.com,Agender,206.243.51.67
881,Tremayne,Callaby,tcallabyog@creativecommons.org,Male,195.253.244.104
882,Finn,Vader,fvaderoh@foxnews.com,Male,16.104.41.137
883,Ermin,Kees,ekeesoi@is.gd,Male,166.192.54.62
884,Bartholomeo,Kornel,bkorneloj@answers.com,Male,101.21.203.68
885,Concettina,Walework,cwaleworkok@nyu.edu,Female,128.149.241.253
886,Gwendolyn,Howgego,ghowgegool@google.de,Agender,224.244.70.153
887,Baird,Gisborne,bgisborneom@japanpost.jp,Bigender,23.171.210.153
888,Clari,Humpatch,chumpatchon@berkeley.edu,Female,26.223.126.200
889,Arnold,Eacle,aeacleoo@latimes.com,Non-binary,240.63.161.182
890,Claybourne,Sallings,csallingsop@drupal.org,Male,172.48.23.243
891,Isaiah,Lankford,ilankfordoq@ehow.com,Male,73.110.130.239
892,Gordon,Jone,gjoneor@indiatimes.com,Male,251.95.15.134
893,Johny,Catley,jcatleyos@dailymail.co.uk,Male,5.29.243.17
894,Isacco,Furmedge,ifurmedgeot@printfriendly.com,Male,229.20.251.211
895,Ervin,Baugh,ebaughou@icio.us,Male,235.3.195.31
896,Andrus,Matthis,amatthisov@newsvine.com,Male,112.164.27.68
897,Arri,Ambroziak,aambroziakow@youtube.com,Male,211.33.103.53
898,Stanleigh,Hadland,shadlandox@opera.com,Male,15.223.166.223
899,Carena,Placidi,cplacidioy@zdnet.com,Non-binary,103.53.236.123
900,Hartwell,Dunkerton,hdunkertonoz@fotki.com,Polygender,74.61.146.96
901,Korrie,Fuke,kfukep0@utexas.edu,Female,243.199.228.164
902,Denney,Riccardelli,driccardellip1@nba.com,Agender,88.221.74.145
903,Florinda,Wrey,fwreyp2@census.gov,Female,127.0.80.210
904,Ronald,Spittle,rspittlep3@ftc.gov,Male,107.0.79.19
905,Britta,Aronow,baronowp4@hubpages.com,Female,23.233.205.41
906,Hakim,Mea,hmeap5@marriott.com,Male,199.58.179.34
907,Vinnie,Rushford,vrushfordp6@pagesperso-orange.fr,Female,56.85.53.41
908,Stella,Vost,svostp7@infoseek.co.jp,Genderqueer,96.159.224.228
909,Cathlene,Knott,cknottp8@biglobe.ne.jp,Female,11.44.245.14
910,Amalita,Dabels,adabelsp9@zimbio.com,Female,236.51.83.27
911,Milissent,Corr,mcorrpa@hhs.gov,Female,143.14.191.247
912,Bebe,Brushfield,bbrushfieldpb@issuu.com,Female,91.142.229.37
913,Franni,Franciskiewicz,ffranciskiewiczpc@opensource.org,Female,127.70.111.221
914,Hastie,Broadberrie,hbroadberriepd@friendfeed.com,Male,228.116.125.99
915,Carce,Stallebrass,cstallebrasspe@joomla.org,Male,16.117.189.109
916,Chantal,Paulson,cpaulsonpf@zdnet.com,Female,8.196.223.125
917,Kendell,Whittles,kwhittlespg@salon.com,Polygender,169.24.167.244
918,Aubine,Pevsner,apevsnerph@xing.com,Female,47.251.94.155
919,Oates,Chippindall,ochippindallpi@arizona.edu,Male,233.56.154.147
920,Karita,Cuel,kcuelpj@scientificamerican.com,Female,107.158.102.95
921,Wilone,Maplethorpe,wmaplethorpepk@imdb.com,Female,18.67.207.133
922,Chloe,Yesenev,cyesenevpl@blinklist.com,Female,93.119.10.90
923,Giffy,Shoebridge,gshoebridgepm@chronoengine.com,Male,221.23.141.51
924,Donnie,Cutill,dcutillpn@webeden.co.uk,Female,41.92.93.132
925,Morganne,Ramsey,mramseypo@nih.gov,Female,117.194.157.7
926,Niven,Berth,nberthpp@businessinsider.com,Male,216.30.62.142
927,Pennie,Twitchett,ptwitchettpq@smugmug.com,Male,64.241.40.107
928,Valli,Pharoah,vpharoahpr@imdb.com,Bigender,154.152.19.72
929,Christophe,Liven,clivenps@newyorker.com,Male,204.67.51.130
930,Sheffield,Saines,ssainespt@nydailynews.com,Male,67.46.87.56
931,Sharlene,Espadero,sespaderopu@cargocollective.com,Female,199.188.5.130
932,Marnie,Clout,mcloutpv@icio.us,Female,138.192.193.205
933,Zack,Burras,zburraspw@yellowbook.com,Genderfluid,207.139.50.156
934,Isabelle,Toffolo,itoffolopx@merriam-webster.com,Female,193.130.130.241
935,Bettine,Arlott,barlottpy@house.gov,Female,250.76.221.30
936,Eula,Waddilove,ewaddilovepz@biblegateway.com,Female,227.187.8.59
937,Antoni,Gilmartin,agilmartinq0@mediafire.com,Agender,102.244.214.221
938,Ann,Philipart,aphilipartq1@woothemes.com,Female,69.89.200.105
939,Pierrette,Le Gassick,plegassickq2@mit.edu,Female,96.174.56.119
940,Abagael,Huntley,ahuntleyq3@photobucket.com,Female,223.156.126.222
941,Sean,Judkins,sjudkinsq4@blog.com,Male,90.95.242.136
942,Fedora,Giannassi,fgiannassiq5@arizona.edu,Female,90.153.20.55
943,Farrah,Minnis,fminnisq6@bravesites.com,Female,0.46.217.9
944,Giorgi,Mossman,gmossmanq7@cargocollective.com,Male,7.61.76.154
945,Phillie,Holworth,pholworthq8@tamu.edu,Genderqueer,103.40.151.212
946,Bonita,Maymand,bmaymandq9@booking.com,Female,114.44.241.231
947,Ellerey,Pohls,epohlsqa@phoca.cz,Male,245.80.104.34
948,Galven,Wimes,gwimesqb@boston.com,Male,23.85.217.106
949,Cameron,Tummond,ctummondqc@arstechnica.com,Male,199.27.241.22
950,Renault,Schollar,rschollarqd@ft.com,Male,204.98.110.150
951,Babette,Waplinton,bwaplintonqe@studiopress.com,Female,182.94.247.34
952,Ebenezer,Linham,elinhamqf@privacy.gov.au,Male,14.83.226.145
953,Peg,Machent,pmachentqg@pen.io,Female,55.49.182.170
954,Godard,Megarry,gmegarryqh@opera.com,Male,138.244.12.192
955,Marjory,Challiss,mchallissqi@xrea.com,Polygender,227.239.235.230
956,Philbert,Servante,pservanteqj@phpbb.com,Male,168.34.56.96
957,Willem,Mee,wmeeqk@fema.gov,Male,220.202.133.114
958,Elliott,Osband,eosbandql@apple.com,Male,39.23.5.16
959,Ofella,Fortey,oforteyqm@gizmodo.com,Polygender,2.115.182.215
960,Cary,Boerderman,cboerdermanqn@webmd.com,Male,152.167.229.23
961,Chancey,Concannon,cconcannonqo@nba.com,Male,246.120.187.95
962,Mariam,Scane,mscaneqp@creativecommons.org,Female,78.25.143.201
963,Toddy,Gligoraci,tgligoraciqq@ask.com,Male,156.107.191.238
964,Larry,Olesen,lolesenqr@gravatar.com,Male,64.185.152.183
965,Corilla,Weatherall,cweatherallqs@columbia.edu,Female,29.126.175.34
966,Rodd,Le Marquis,rlemarquisqt@pcworld.com,Male,36.92.15.169
967,Sarine,Paolone,spaolonequ@wordpress.com,Female,141.58.108.230
968,Rudy,Ojeda,rojedaqv@ucoz.ru,Male,247.97.164.78
969,Becka,Thurlborn,bthurlbornqw@wikimedia.org,Female,60.110.27.172
970,Moses,Lightowler,mlightowlerqx@woothemes.com,Male,160.216.116.187
971,Ally,Duly,adulyqy@slashdot.org,Female,6.236.158.141
972,Ramonda,Howey,rhoweyqz@earthlink.net,Female,239.14.236.51
973,Sanford,Vinas,svinasr0@google.es,Male,176.183.8.2
974,Bride,Utteridge,butteridger1@sun.com,Female,65.25.156.57
975,Hardy,Hamshere,hhamsherer2@arstechnica.com,Male,43.57.243.71
976,Millard,Cottee,mcotteer3@chron.com,Male,242.211.94.1
977,Merrill,Kennally,mkennallyr4@1688.com,Male,3.31.117.135
978,Lyman,Burkwood,lburkwoodr5@nydailynews.com,Non-binary,12.203.75.119
979,Janeczka,Weavill,jweavillr6@cornell.edu,Polygender,57.51.39.110
980,Selle,Troni,stronir7@deviantart.com,Female,125.82.94.193
981,Paddy,Kasparski,pkasparskir8@patch.com,Male,49.208.34.9
982,Velma,Tsarovic,vtsarovicr9@sciencedirect.com,Genderqueer,172.95.249.71
983,Flossi,Roby,frobyra@prweb.com,Female,187.203.36.152
984,Freddie,Dimmack,fdimmackrb@ox.ac.uk,Female,80.90.102.13
985,Elwood,Heindl,eheindlrc@alibaba.com,Non-binary,184.254.126.114
986,Lucho,Oganesian,loganesianrd@lycos.com,Male,173.44.86.32
987,Noach,Shackle,nshacklere@artisteer.com,Male,195.106.35.58
988,Dennison,Chestnutt,dchestnuttrf@theguardian.com,Male,74.96.80.113
989,Trip,Yapp,tyapprg@baidu.com,Agender,247.41.9.146
990,Boone,Warn,bwarnrh@sciencedirect.com,Male,198.227.140.123
991,Gery,Schoales,gschoalesri@naver.com,Male,22.148.176.99
992,Normand,Dorkin,ndorkinrj@google.it,Non-binary,253.94.224.1
993,Francois,Whitchurch,fwhitchurchrk@biblegateway.com,Male,108.252.141.4
994,Lars,Daens,ldaensrl@yelp.com,Male,44.118.169.197
995,Olvan,Hackey,ohackeyrm@cisco.com,Genderfluid,83.69.234.164
996,Edi,Tschursch,etschurschrn@shutterfly.com,Genderqueer,9.215.248.165
997,Briny,Treppas,btreppasro@etsy.com,Female,197.227.190.194
998,Brandais,Swire,bswirerp@go.com,Female,141.24.97.37
999,Don,Noonan,dnoonanrq@house.gov,Male,206.135.114.207
1000,Elwood,Eagan,eeaganrr@plala.or.jp,Male,228.244.20.222
