id,first_name,last_name,email,gender,ip_address
1,Jared,Larroway,jlarroway0@blogtalkradio.com,Male,23.37.25.72
2,Consuela,Hencke,chencke1@globo.com,Female,128.107.1.38
3,Elle,Ginni,eginni2@buzzfeed.com,Female,4.247.134.42
4,Rebecka,Wessing,rwessing3@slideshare.net,Female,79.247.53.28
5,Maryl,Reinhardt,mreinhardt4@yelp.com,Female,134.87.222.212
6,Christabella,Isakovic,cisakovic5@paypal.com,Female,108.97.53.47
7,Pembroke,Alexandrou,palexandrou6@acquirethisname.com,Male,49.192.42.75
8,Cary,Gomer,cgomer7@yandex.ru,Female,5.45.186.1
9,Abraham,Pinnocke,apinnocke8@gnu.org,Polygender,191.53.109.44
10,Humberto,Sloat,hsloat9@tiny.cc,Non-binary,67.132.95.50
11,Hyatt,Trowsdale,htrowsdalea@archive.org,Male,86.91.154.228
12,Worth,Guerrier,wguerrierb@lulu.com,Male,69.65.229.251
13,Estella,Ellsom,eellsomc@fastcompany.com,Female,0.99.16.112
14,Decca,Andrat,dandratd@networkadvertising.org,Male,249.76.179.112
15,Nelly,Streeten,nstreetene@ihg.com,Female,156.240.49.34
16,Huberto,Gorke,hgorkef@samsung.com,Genderqueer,134.65.232.113
17,Tobe,Di Bartolommeo,tdibartolommeog@dyndns.org,Genderfluid,157.33.255.104
18,Eloise,Hasselby,ehasselbyh@engadget.com,Female,54.94.14.150
19,Abie,Ummfrey,aummfreyi@bbb.org,Male,165.90.98.233
20,Quinn,Weathey,qweatheyj@feedburner.com,Male,6.32.220.33
21,Estell,Wellstead,ewellsteadk@adobe.com,Female,30.141.231.164
22,Karoly,Odde,koddel@reference.com,Male,51.64.224.147
23,Sada,Lygo,slygom@jalbum.net,Bigender,173.194.137.26
24,Rowney,Zuan,rzuann@liveinternet.ru,Genderfluid,115.96.74.112
25,Patrica,Brion,pbriono@sina.com.cn,Female,150.231.27.132
26,Anitra,Tyas,atyasp@biblegateway.com,Female,88.67.3.217
27,Madella,Kohnen,mkohnenq@stumbleupon.com,Female,216.22.28.111
28,Paulina,Rantoull,prantoullr@gizmodo.com,Female,138.113.4.29
29,Laird,Prew,lprews@arizona.edu,Male,60.127.224.223
30,Maxi,Sweeny,msweenyt@ask.com,Female,94.229.96.247
31,Korrie,Handlin,khandlinu@yahoo.co.jp,Female,40.15.229.148
32,Branden,Benedyktowicz,bbenedyktowiczv@biglobe.ne.jp,Male,119.116.176.84
33,Kennedy,Stinson,kstinsonw@yelp.com,Male,71.112.138.203
34,Lauryn,Lonergan,llonerganx@vimeo.com,Female,59.44.135.124
35,Briggs,Goodredge,bgoodredgey@edublogs.org,Male,85.64.148.60
36,Jock,MacDonnell,jmacdonnellz@nps.gov,Male,131.142.58.147
37,Janessa,Petzold,jpetzold10@ehow.com,Female,232.180.102.146
38,Katleen,Smitton,ksmitton11@narod.ru,Female,169.27.144.30
39,Ema,Klaves,eklaves12@bloglines.com,Polygender,59.90.29.187
40,Johanna,Moxon,jmoxon13@ucla.edu,Female,83.167.238.143
41,Cassondra,Greenley,cgreenley14@so-net.ne.jp,Female,183.51.65.30
42,Vilhelmina,Brownstein,vbrownstein15@123-reg.co.uk,Female,231.239.161.178
43,Saxe,Salzburger,ssalzburger16@ed.gov,Male,112.203.188.136
44,Corby,Hagergham,chagergham17@google.es,Male,129.200.174.149
45,Sascha,Haken,shaken18@moonfruit.com,Female,100.40.172.179
46,Ringo,Blei,rblei19@economist.com,Male,158.24.107.117
47,Javier,Spawell,jspawell1a@nifty.com,Male,80.1.195.218
48,Alaric,Lagen,alagen1b@answers.com,Male,199.110.126.157
49,Esme,Traise,etraise1c@gravatar.com,Male,144.237.60.229
50,Leontyne,Breslau,lbreslau1d@vistaprint.com,Female,226.42.59.78
51,Dev,Aveline,daveline1e@issuu.com,Male,120.150.58.150
52,Arny,Enriquez,aenriquez1f@vimeo.com,Male,250.184.221.163
53,Tarrance,Nutbeam,tnutbeam1g@illinois.edu,Male,162.141.147.150
54,Kathlin,Rechert,krechert1h@cisco.com,Female,116.214.77.37
55,Lorne,Broyd,lbroyd1i@cmu.edu,Male,127.3.63.58
56,Eloisa,Yeowell,eyeowell1j@nytimes.com,Female,222.170.136.170
57,Rivy,Mahony,rmahony1k@cargocollective.com,Female,109.60.208.192
58,Perry,Callcott,pcallcott1l@yelp.com,Female,176.186.91.203
59,Dorelle,Rollingson,drollingson1m@google.de,Female,146.151.115.80
60,Josephine,Pleaden,jpleaden1n@google.com.au,Female,206.155.13.220
61,Nelly,Grimwade,ngrimwade1o@miibeian.gov.cn,Female,37.201.32.112
62,Cordelie,Franchyonok,cfranchyonok1p@chicagotribune.com,Non-binary,240.21.0.203
63,Lucretia,Fawks,lfawks1q@cdc.gov,Female,189.56.233.107
64,Loise,Steanson,lsteanson1r@tinyurl.com,Female,79.251.90.73
65,Karalynn,Yorath,kyorath1s@earthlink.net,Female,219.138.6.37
66,Cristen,Lettington,clettington1t@newyorker.com,Female,185.164.248.255
67,Dominique,Bitcheno,dbitcheno1u@latimes.com,Polygender,219.255.215.221
68,Bebe,Youings,byouings1v@furl.net,Female,14.77.251.76
69,Colet,Gostick,cgostick1w@google.it,Male,208.4.212.196
70,Isidora,Leathley,ileathley1x@huffingtonpost.com,Female,20.41.53.183
71,Donnell,Kynvin,dkynvin1y@hao123.com,Male,150.122.140.169
72,Giorgi,Combes,gcombes1z@phpbb.com,Agender,111.92.139.196
73,Clem,Hartfleet,chartfleet20@indiatimes.com,Female,15.119.242.60
74,Obie,Studde,ostudde21@thetimes.co.uk,Male,132.227.184.39
75,Maude,Bog,mbog22@yandex.ru,Female,166.85.123.147
76,Bridie,Brims,bbrims23@gmpg.org,Genderqueer,93.128.13.240
77,Leroi,Ryall,lryall24@addthis.com,Male,44.218.84.171
78,Neile,Chatters,nchatters25@instagram.com,Female,177.105.97.140
79,Sebastiano,Ralton,sralton26@youku.com,Male,16.172.198.136
80,Giffy,Rochford,grochford27@craigslist.org,Male,42.218.115.20
81,Brenden,Mowat,bmowat28@google.com,Agender,147.120.36.156
82,Didi,Chate,dchate29@chicagotribune.com,Female,152.239.243.146
83,Eldon,Jobbins,ejobbins2a@gov.uk,Male,237.1.61.51
84,Wallache,Jackett,wjackett2b@nature.com,Male,28.32.32.214
85,Adah,Whitland,awhitland2c@wordpress.com,Female,21.63.115.217
86,Claiborn,MacGahy,cmacgahy2d@answers.com,Male,239.20.75.211
87,Dayna,Bumpass,dbumpass2e@soundcloud.com,Female,51.131.123.131
88,Giorgia,MacCorley,gmaccorley2f@symantec.com,Female,81.64.82.79
89,Thomasine,Bottell,tbottell2g@blogs.com,Female,174.105.249.104
90,Sigfried,Simmers,ssimmers2h@skyrock.com,Male,91.21.71.33
91,Inger,Wiggall,iwiggall2i@g.co,Male,4.114.80.170
92,Laurie,O'Duggan,loduggan2j@wikimedia.org,Male,214.230.1.194
93,Zorine,Devoy,zdevoy2k@mtv.com,Female,125.246.133.163
94,Hamilton,Alliban,halliban2l@ocn.ne.jp,Male,180.230.220.182
95,Boycey,Ply,bply2m@spiegel.de,Male,74.54.101.133
96,Gwendolen,Bidder,gbidder2n@wired.com,Female,47.144.218.141
97,Sanders,Filipchikov,sfilipchikov2o@tmall.com,Genderqueer,237.127.148.186
98,Gill,Bletsoe,gbletsoe2p@wikipedia.org,Female,132.27.57.73
99,Lionel,Dennerly,ldennerly2q@ted.com,Male,65.43.251.67
100,Nicol,Hehnke,nhehnke2r@surveymonkey.com,Female,211.177.125.237
101,Olly,Atton,oatton2s@alexa.com,Male,211.243.157.225
102,Humbert,Livett,hlivett2t@imdb.com,Male,47.199.213.103
103,Edvard,Mumford,emumford2u@marriott.com,Male,170.227.102.116
104,Collen,Gyse,cgyse2v@people.com.cn,Genderqueer,80.126.63.3
105,Tasha,Rosel,trosel2w@wired.com,Female,255.29.182.39
106,Gerti,Owers,gowers2x@craigslist.org,Female,22.10.193.159
107,Durant,Tayloe,dtayloe2y@themeforest.net,Male,26.17.117.150
108,Patrizius,Garvie,pgarvie2z@nifty.com,Male,208.246.85.195
109,Maris,Ganning,mganning30@examiner.com,Female,93.160.70.121
110,Fanny,Beek,fbeek31@opensource.org,Female,56.239.116.198
111,Etta,Svanini,esvanini32@foxnews.com,Female,45.168.66.53
112,Erek,Wenzel,ewenzel33@java.com,Male,53.238.251.27
113,Pierrette,Turbill,pturbill34@miibeian.gov.cn,Female,159.172.65.18
114,Verney,Busst,vbusst35@usda.gov,Male,249.68.21.21
115,Adrian,Mulrean,amulrean36@cargocollective.com,Female,139.5.229.75
116,Dacey,Crumbleholme,dcrumbleholme37@cbsnews.com,Female,6.104.246.28
117,Pietrek,Willishire,pwillishire38@godaddy.com,Male,47.213.109.190
118,Ferrell,Ackerley,fackerley39@home.pl,Male,136.34.59.45
119,Gaby,Stores,gstores3a@goodreads.com,Male,129.166.223.42
120,Marietta,Cissen,mcissen3b@technorati.com,Non-binary,60.198.163.97
121,Dov,Arni,darni3c@foxnews.com,Male,100.244.33.139
122,Rafaelia,Pieters,rpieters3d@theglobeandmail.com,Female,170.192.142.186
123,Ronnie,Camili,rcamili3e@cyberchimps.com,Male,96.84.132.243
124,Yalonda,Ballantyne,yballantyne3f@alibaba.com,Female,165.14.194.248
125,Sebastiano,Lamberts,slamberts3g@google.de,Non-binary,64.134.234.191
126,Julianna,Van der Kruys,jvanderkruys3h@columbia.edu,Female,55.114.60.132
127,Udell,Hriinchenko,uhriinchenko3i@360.cn,Male,128.219.41.156
128,Ciro,Slocum,cslocum3j@wp.com,Male,85.169.104.124
129,Rupert,Gendricke,rgendricke3k@nature.com,Male,164.212.116.187
130,Gaby,Mosdall,gmosdall3l@clickbank.net,Female,122.72.137.18
131,Adrian,Bruno,abruno3m@ibm.com,Male,54.75.226.208
132,Mora,Wackley,mwackley3n@sogou.com,Female,122.29.220.141
133,Teddy,Jarman,tjarman3o@vkontakte.ru,Male,85.210.149.189
134,Retha,Cicchetto,rcicchetto3p@bluehost.com,Female,25.40.161.27
135,Ring,Guppie,rguppie3q@home.pl,Male,5.211.52.31
136,Valeria,Birchner,vbirchner3r@ucsd.edu,Female,155.244.119.64
137,Fabio,Butts,fbutts3s@e-recht24.de,Male,82.73.150.33
138,Sergent,Bane,sbane3t@123-reg.co.uk,Male,51.158.113.62
139,Minda,Swansbury,mswansbury3u@flickr.com,Polygender,216.197.16.7
140,Rowe,Sexstone,rsexstone3v@eepurl.com,Female,90.88.36.116
141,Andrea,Moukes,amoukes3w@tuttocitta.it,Female,206.180.177.59
142,Lelah,Franses,lfranses3x@who.int,Female,12.139.198.245
143,Karee,Iwanowicz,kiwanowicz3y@rediff.com,Female,170.220.245.62
144,Katey,Allwell,kallwell3z@youtube.com,Female,217.202.140.5
145,Gauthier,Tome,gtome40@ucoz.ru,Male,51.159.113.41
146,Mark,Bewsey,mbewsey41@army.mil,Bigender,34.129.172.25
147,Kyrstin,Errey,kerrey42@howstuffworks.com,Female,163.175.6.103
148,Aurea,Layus,alayus43@imdb.com,Female,222.82.42.158
149,Zacharie,Gusticke,zgusticke44@vkontakte.ru,Male,227.22.115.137
150,Liam,Cotterel,lcotterel45@techcrunch.com,Male,220.239.17.149
151,Duff,Bernardt,dbernardt46@boston.com,Male,159.61.54.47
152,Rurik,Domenge,rdomenge47@yelp.com,Male,0.176.211.243
153,Michelle,Chapellow,mchapellow48@europa.eu,Female,123.154.71.195
154,Ermina,Gives,egives49@nhs.uk,Female,215.251.173.87
155,Donia,Kline,dkline4a@google.fr,Female,97.190.152.72
156,Lorita,Gligorijevic,lgligorijevic4b@globo.com,Female,34.39.242.56
157,Renard,Bicheno,rbicheno4c@nifty.com,Male,142.249.180.169
158,Lalo,O'Hickey,lohickey4d@ibm.com,Polygender,84.164.189.68
159,Zonnya,Danet,zdanet4e@topsy.com,Female,173.8.46.3
160,Annecorinne,Skone,askone4f@netlog.com,Female,132.76.151.122
161,Nara,Lauritsen,nlauritsen4g@dmoz.org,Female,43.58.131.60
162,Abbie,Rockell,arockell4h@livejournal.com,Male,7.10.124.193
163,Adaline,Mulvaney,amulvaney4i@istockphoto.com,Genderqueer,53.12.75.5
164,Kyrstin,Sommerfeld,ksommerfeld4j@cafepress.com,Female,101.152.200.129
165,Joyan,Trenouth,jtrenouth4k@elegantthemes.com,Female,161.107.133.14
166,Terri,Di Claudio,tdiclaudio4l@sphinn.com,Female,104.29.65.138
167,Shelton,Jelleman,sjelleman4m@reuters.com,Male,179.101.117.111
168,Hebert,Pilgram,hpilgram4n@parallels.com,Male,213.31.110.100
169,Amie,Kendrew,akendrew4o@e-recht24.de,Polygender,20.229.172.163
170,Ekaterina,Jopp,ejopp4p@disqus.com,Female,254.130.69.134
171,Homere,Lovering,hlovering4q@geocities.com,Male,49.115.155.136
172,Alyce,Ronayne,aronayne4r@nifty.com,Female,245.44.222.97
173,Jock,Peppard,jpeppard4s@sun.com,Male,59.83.249.3
174,Niven,Rodrigues,nrodrigues4t@nymag.com,Polygender,171.237.76.214
175,Moria,Dawber,mdawber4u@free.fr,Female,183.240.198.188
176,Umberto,Boeck,uboeck4v@utexas.edu,Male,200.144.103.23
177,Tawsha,Onion,tonion4w@arstechnica.com,Female,46.199.251.90
178,Rutherford,Peare,rpeare4x@google.co.uk,Male,225.239.28.78
179,Arabelle,Montilla,amontilla4y@hao123.com,Female,123.85.20.225
180,Hadleigh,Grewes,hgrewes4z@smugmug.com,Male,244.6.255.120
181,Trip,Teasell,tteasell50@qq.com,Male,225.103.174.207
182,David,Reveland,dreveland51@sitemeter.com,Male,110.233.9.4
183,Korey,Eyres,keyres52@dedecms.com,Male,57.206.135.191
184,Eydie,Coolbear,ecoolbear53@buzzfeed.com,Female,240.81.253.24
185,Johnath,Wragge,jwragge54@freewebs.com,Female,15.204.223.8
186,Karia,Fincke,kfincke55@nyu.edu,Female,226.34.4.95
187,Sidonia,Halsted,shalsted56@elpais.com,Female,211.137.227.22
188,Filia,Sanja,fsanja57@comsenz.com,Female,90.207.134.211
189,Ruddie,Jorger,rjorger58@usnews.com,Male,250.209.106.189
190,Rolando,Shovelton,rshovelton59@tinyurl.com,Male,13.119.4.55
191,Idalia,Boddymead,iboddymead5a@theatlantic.com,Female,135.61.175.211
192,Cathyleen,Haysey,chaysey5b@weather.com,Female,216.208.109.49
193,Balduin,McCabe,bmccabe5c@ow.ly,Male,9.76.120.253
194,Blinni,Blumer,bblumer5d@ft.com,Agender,75.184.229.195
195,Carline,Luton,cluton5e@deviantart.com,Female,190.204.95.4
196,Joseph,Swindin,jswindin5f@businessinsider.com,Male,63.84.98.217
197,Tom,McLagain,tmclagain5g@mozilla.org,Male,230.38.199.199
198,Lorraine,Villar,lvillar5h@usda.gov,Agender,191.74.157.183
199,Domeniga,Orleton,dorleton5i@blogs.com,Female,191.226.94.36
200,Kaile,Stilgoe,kstilgoe5j@ocn.ne.jp,Female,220.36.39.17
201,Pip,Maxwale,pmaxwale5k@blogger.com,Male,95.187.174.207
202,Caterina,Kloisner,ckloisner5l@friendfeed.com,Female,18.117.203.200
203,Viviana,Greenset,vgreenset5m@arstechnica.com,Female,119.128.125.166
204,Lily,Westmoreland,lwestmoreland5n@columbia.edu,Female,186.45.217.28
205,Zaccaria,Kyne,zkyne5o@quantcast.com,Male,228.48.121.230
206,Hashim,Saberton,hsaberton5p@angelfire.com,Male,172.39.77.120
207,Catie,Whiteway,cwhiteway5q@cyberchimps.com,Female,154.71.70.203
208,Fredric,Piggott,fpiggott5r@reverbnation.com,Male,212.113.193.76
209,Pablo,Menhenitt,pmenhenitt5s@baidu.com,Male,47.42.55.162
210,Zitella,Parr,zparr5t@dell.com,Female,8.190.120.106
211,Bogart,Hundall,bhundall5u@ucoz.ru,Male,196.184.210.206
212,Hazlett,Beminster,hbeminster5v@addtoany.com,Male,3.69.22.250
213,Stephanie,Giblin,sgiblin5w@1688.com,Female,85.189.25.109
214,Alexis,Leask,aleask5x@cmu.edu,Female,146.104.15.125
215,Melicent,Corrington,mcorrington5y@comsenz.com,Female,26.157.75.224
216,Dosi,Speller,dspeller5z@stumbleupon.com,Female,25.167.4.194
217,Maudie,Callinan,mcallinan60@devhub.com,Female,66.47.70.182
218,Lita,Atheis,latheis61@smh.com.au,Female,41.187.198.168
219,Cull,Wahner,cwahner62@zimbio.com,Male,176.194.131.25
220,Cherilynn,Menhci,cmenhci63@wikipedia.org,Female,106.128.190.12
221,Tobit,Haskett,thaskett64@dyndns.org,Male,7.145.97.134
222,Bax,Talbot,btalbot65@list-manage.com,Male,11.197.206.51
223,Hilda,Robshaw,hrobshaw66@latimes.com,Female,16.10.70.124
224,Judon,Foskett,jfoskett67@webnode.com,Male,166.121.234.59
225,Weston,Parcell,wparcell68@last.fm,Male,11.153.127.87
226,Ric,O'Carrol,rocarrol69@xing.com,Male,188.139.197.200
227,Ronald,Bassingham,rbassingham6a@latimes.com,Male,189.128.169.121
228,Tamra,Dalligan,tdalligan6b@alexa.com,Female,188.254.100.255
229,Faustine,Crummy,fcrummy6c@google.de,Non-binary,56.9.240.113
230,Audrie,Mityakov,amityakov6d@prnewswire.com,Polygender,25.44.26.183
231,Cornie,Dadson,cdadson6e@elpais.com,Female,191.188.7.67
232,Artie,Dmytryk,admytryk6f@hc360.com,Male,93.158.209.70
233,Karisa,Habert,khabert6g@redcross.org,Female,237.116.151.115
234,Hakim,Merry,hmerry6h@meetup.com,Male,39.30.14.109
235,Olivier,Dumphy,odumphy6i@arizona.edu,Male,8.205.125.156
236,Guillaume,Prestidge,gprestidge6j@posterous.com,Male,77.61.111.138
237,Florry,Gurnee,fgurnee6k@imdb.com,Female,13.171.192.89
238,Evelyn,Whittlesea,ewhittlesea6l@soup.io,Male,223.207.84.159
239,Bondie,Jervis,bjervis6m@ibm.com,Male,208.47.46.149
240,Alma,Grinikhin,agrinikhin6n@ebay.com,Polygender,66.98.252.210
241,Perkin,Kubik,pkubik6o@ftc.gov,Male,123.115.253.6
242,Faulkner,Symington,fsymington6p@ebay.com,Male,118.245.187.222
243,Evvie,Brandoni,ebrandoni6q@oracle.com,Female,131.218.83.177
244,Kare,Cozzi,kcozzi6r@stumbleupon.com,Female,206.133.163.87
245,Lewie,Goodbairn,lgoodbairn6s@gnu.org,Male,142.56.5.68
246,Phelia,Whymark,pwhymark6t@macromedia.com,Genderqueer,117.48.12.162
247,Valaree,Kropach,vkropach6u@unesco.org,Female,42.122.29.29
248,Fidelio,Tesoe,ftesoe6v@yolasite.com,Male,25.148.229.62
249,Boony,Hatliff,bhatliff6w@weibo.com,Male,147.113.69.115
250,Fay,Davidescu,fdavidescu6x@ezinearticles.com,Female,70.83.210.0
251,Kristoforo,Cruse,kcruse6y@seesaa.net,Male,135.67.157.160
252,Carina,Cardello,ccardello6z@weebly.com,Female,228.73.69.210
253,Brnaba,Landis,blandis70@bravesites.com,Male,190.67.194.55
254,Salvador,Schubuser,sschubuser71@delicious.com,Male,226.230.75.55
255,Hunfredo,Stoter,hstoter72@multiply.com,Male,104.98.225.217
256,Daven,Mcwhinney,dmcwhinney73@dropbox.com,Male,58.200.104.172
257,Nerita,Cleevely,ncleevely74@wufoo.com,Female,146.208.227.119
258,Stearn,Bouldstridge,sbouldstridge75@reference.com,Male,197.79.18.131
259,Dyanne,Guerreiro,dguerreiro76@hexun.com,Female,19.209.217.216
260,Fredia,Goulthorp,fgoulthorp77@cornell.edu,Genderfluid,126.95.171.210
261,Alejandra,McCarrison,amccarrison78@free.fr,Female,222.160.123.3
262,Annetta,Pencot,apencot79@springer.com,Female,236.205.160.226
263,Zola,Judgkins,zjudgkins7a@mozilla.com,Female,200.197.90.115
264,Binni,Million,bmillion7b@blogtalkradio.com,Female,179.124.3.152
265,Minnie,Ebbin,mebbin7c@wikispaces.com,Female,123.38.145.86
266,Genia,Pinder,gpinder7d@hhs.gov,Female,85.221.223.157
267,Janette,Stickley,jstickley7e@deliciousdays.com,Female,22.107.68.243
268,Chadd,Waples,cwaples7f@360.cn,Male,192.121.225.140
269,Jesse,Paskins,jpaskins7g@myspace.com,Male,118.136.72.40
270,Si,Grabeham,sgrabeham7h@hp.com,Male,109.36.109.119
271,Piggy,Behr,pbehr7i@whitehouse.gov,Male,229.115.118.164
272,Derrik,Blague,dblague7j@nationalgeographic.com,Male,200.220.105.43
273,Lynn,Herkess,lherkess7k@livejournal.com,Agender,132.64.61.102
274,Vincenz,Vanyukhin,vvanyukhin7l@samsung.com,Male,94.28.55.245
275,Cecil,Toal,ctoal7m@sakura.ne.jp,Male,176.79.118.182
276,Leon,Vail,lvail7n@answers.com,Male,189.252.146.170
277,Mareah,Gerling,mgerling7o@networksolutions.com,Female,70.112.135.137
278,Hildegarde,Stichall,hstichall7p@privacy.gov.au,Non-binary,235.187.183.237
279,Wendi,Thunnerclef,wthunnerclef7q@omniture.com,Female,151.51.248.61
280,Rorke,Howle,rhowle7r@dell.com,Male,245.88.254.128
281,Blancha,Kalvin,bkalvin7s@blog.com,Female,153.161.40.68
282,Joli,Speirs,jspeirs7t@netvibes.com,Polygender,88.58.209.124
283,Gram,Buller,gbuller7u@google.com,Male,214.244.75.199
284,Arluene,Prophet,aprophet7v@taobao.com,Female,86.46.249.33
285,Alisa,Pieters,apieters7w@webeden.co.uk,Female,196.29.50.166
286,Minni,Blasius,mblasius7x@msn.com,Female,65.38.128.210
287,Rosalie,Tideswell,rtideswell7y@pbs.org,Female,206.164.204.28
288,Cordula,Armor,carmor7z@google.de,Female,25.51.106.8
289,Kassi,MacAlpine,kmacalpine80@yale.edu,Female,106.81.59.117
290,Vinnie,Crick,vcrick81@spotify.com,Female,195.87.222.161
291,Loutitia,Hurdwell,lhurdwell82@statcounter.com,Female,12.232.198.132
292,Laverna,McLewd,lmclewd83@salon.com,Agender,98.210.206.40
293,Shelli,Faull,sfaull84@redcross.org,Female,37.138.26.91
294,Melli,Garretts,mgarretts85@opensource.org,Female,9.136.203.141
295,Riccardo,Hysom,rhysom86@google.nl,Male,67.246.18.99
296,Elton,McPharlain,emcpharlain87@netlog.com,Male,30.91.137.251
297,Elle,Marks,emarks88@google.ca,Female,213.167.78.28
298,Melisa,Ormonde,mormonde89@accuweather.com,Female,51.142.96.7
299,Paulo,Seal,pseal8a@businessinsider.com,Male,22.158.129.11
300,Linette,Bellam,lbellam8b@free.fr,Female,21.40.88.174
301,Jakie,Burrill,jburrill8c@nifty.com,Male,255.44.182.255
302,Margi,Ivakhin,mivakhin8d@businesswire.com,Female,115.139.135.73
303,Hugibert,Fourmy,hfourmy8e@bizjournals.com,Male,150.89.138.123
304,Francis,Scotchford,fscotchford8f@jimdo.com,Male,133.41.154.142
305,Charmain,Helian,chelian8g@dion.ne.jp,Female,230.148.186.167
306,Grazia,Sharpus,gsharpus8h@squarespace.com,Female,190.230.133.244
307,Angy,Pitson,apitson8i@moonfruit.com,Non-binary,156.161.81.44
308,Artemis,Salterne,asalterne8j@time.com,Male,208.18.210.2
309,Boyce,Tomsu,btomsu8k@e-recht24.de,Male,190.124.35.33
310,Jasun,Munton,jmunton8l@pagesperso-orange.fr,Male,0.87.27.128
311,Thorsten,Bushe,tbushe8m@soundcloud.com,Male,144.145.181.234
312,Dulsea,Tiesman,dtiesman8n@pen.io,Female,239.133.21.156
313,Jeffrey,Ravenscroftt,jravenscroftt8o@weather.com,Male,242.237.188.37
314,Barnabas,Withrington,bwithrington8p@ycombinator.com,Male,193.56.7.0
315,Cherie,Leaning,cleaning8q@house.gov,Female,97.33.39.110
316,Stepha,Huxley,shuxley8r@google.com,Female,18.190.2.20
317,Elisabeth,Soden,esoden8s@angelfire.com,Female,152.200.49.53
318,Derby,Laidler,dlaidler8t@constantcontact.com,Male,98.3.95.66
319,Phillie,Lindwall,plindwall8u@jimdo.com,Female,140.55.132.252
320,Armando,Kennet,akennet8v@privacy.gov.au,Male,28.61.243.217
321,Trent,Reubbens,treubbens8w@ca.gov,Male,35.166.236.61
322,Gypsy,Van der Beken,gvanderbeken8x@theglobeandmail.com,Female,249.160.79.206
323,Alissa,Pickles,apickles8y@nydailynews.com,Female,150.220.227.151
324,Marylynne,Russi,mrussi8z@cam.ac.uk,Female,59.237.148.238
325,Laurella,MacCourt,lmaccourt90@homestead.com,Polygender,73.47.170.170
326,Glynn,Mitie,gmitie91@comcast.net,Male,110.167.20.46
327,Seward,Roose,sroose92@edublogs.org,Genderqueer,47.164.114.46
328,Clarence,Etchell,cetchell93@dropbox.com,Male,220.157.26.177
329,Eolande,Minton,eminton94@smh.com.au,Female,170.87.33.156
330,Rees,Kem,rkem95@usa.gov,Male,206.44.76.249
331,Corty,Andrivot,candrivot96@state.gov,Male,55.25.250.134
332,Wallis,Sharp,wsharp97@issuu.com,Female,160.94.58.190
333,Ariana,Waterman,awaterman98@opensource.org,Female,126.139.148.141
334,Claire,Kalisz,ckalisz99@dropbox.com,Male,232.211.233.38
335,Yorgo,Haggard,yhaggard9a@nba.com,Male,73.193.101.225
336,Christal,Bergin,cbergin9b@amazon.co.uk,Agender,169.243.201.211
337,Dorothy,O'Sheerin,dosheerin9c@msn.com,Female,230.166.29.94
338,Marlin,De Cruze,mdecruze9d@scribd.com,Male,120.239.184.246
339,Rossy,Gristock,rgristock9e@infoseek.co.jp,Non-binary,228.205.174.150
340,Zandra,Harriagn,zharriagn9f@foxnews.com,Female,46.244.217.234
341,Bevan,Balazin,bbalazin9g@gmpg.org,Agender,211.137.238.211
342,Cecilio,Boyd,cboyd9h@mayoclinic.com,Male,29.16.169.239
343,Alberik,Spier,aspier9i@dailymail.co.uk,Male,103.181.252.174
344,Cleon,Lavens,clavens9j@feedburner.com,Male,57.37.156.28
345,Harold,Strotone,hstrotone9k@hao123.com,Male,22.90.183.132
346,Archer,Allsop,aallsop9l@google.es,Male,146.114.45.95
347,Berk,Jackett,bjackett9m@elegantthemes.com,Male,155.54.229.27
348,Ronny,Shale,rshale9n@tumblr.com,Male,237.189.108.16
349,Rowen,O'Dowd,rodowd9o@yahoo.com,Male,131.70.33.163
350,Cherey,Andres,candres9p@prweb.com,Female,63.140.194.113
351,Emmery,Linn,elinn9q@yelp.com,Male,24.9.224.112
352,Jule,Headley,jheadley9r@berkeley.edu,Male,47.233.154.148
353,Jessi,Selvey,jselvey9s@hhs.gov,Female,113.229.150.96
354,Rasla,Lunney,rlunney9t@vimeo.com,Female,152.31.0.73
355,Gus,Cassel,gcassel9u@wix.com,Male,64.241.186.4
356,Jenelle,Lamberto,jlamberto9v@vistaprint.com,Polygender,34.240.255.122
357,Vergil,Westmoreland,vwestmoreland9w@slate.com,Polygender,158.144.206.50
358,Aldo,Teare,ateare9x@ustream.tv,Male,97.192.68.14
359,Eudora,Mewe,emewe9y@myspace.com,Female,251.10.102.199
360,Nealy,Hargreave,nhargreave9z@dmoz.org,Male,21.142.178.173
361,Muriel,Lloyds,mlloydsa0@cbsnews.com,Female,183.26.108.221
362,Zea,Blakeman,zblakemana1@wp.com,Female,35.115.5.202
363,Dimitri,Selvester,dselvestera2@123-reg.co.uk,Male,76.80.139.53
364,Marty,McLaughlin,mmclaughlina3@nba.com,Female,57.50.125.108
365,Darcee,Brolan,dbrolana4@sun.com,Female,132.83.182.229
366,Krystalle,Kirgan,kkirgana5@gizmodo.com,Female,129.236.30.128
367,Graham,Roskruge,groskrugea6@indiegogo.com,Male,246.47.98.186
368,Caroljean,Nolder,cnoldera7@google.de,Female,231.195.232.143
369,Grantley,Osman,gosmana8@themeforest.net,Male,176.71.55.223
370,Fara,Walker,fwalkera9@diigo.com,Female,84.203.144.66
371,Jacob,Limpkin,jlimpkinaa@ezinearticles.com,Male,105.57.114.138
372,Hilary,Bowring,hbowringab@sfgate.com,Female,230.3.87.242
373,Joseito,Darwin,jdarwinac@bizjournals.com,Male,234.245.220.255
374,Corbin,Macci,cmacciad@scientificamerican.com,Male,110.194.82.200
375,Noellyn,Filippyev,nfilippyevae@ihg.com,Female,211.216.27.123
376,Emmery,Baty,ebatyaf@time.com,Male,223.36.254.69
377,Lolita,Screaton,lscreatonag@github.com,Female,171.13.204.12
378,Sanderson,Smy,ssmyah@unicef.org,Non-binary,84.163.153.135
379,Jacinta,Aries,jariesai@rediff.com,Bigender,113.7.129.222
380,Matthieu,Greenslade,mgreensladeaj@blogspot.com,Male,223.137.151.212
381,Ingelbert,Curds,icurdsak@sun.com,Male,120.122.90.214
382,Umeko,Romain,uromainal@bloglines.com,Female,85.109.61.222
383,Roderigo,Friel,rfrielam@ow.ly,Male,121.48.165.116
384,Serene,Eastope,seastopean@weibo.com,Female,34.180.88.32
385,Derrik,Perren,dperrenao@census.gov,Male,233.0.243.247
386,Sibby,Yokley,syokleyap@unc.edu,Female,123.216.11.55
387,Frayda,Frenzl,ffrenzlaq@bandcamp.com,Female,40.87.66.175
388,Francklyn,Tisor,ftisorar@ustream.tv,Male,204.14.226.141
389,Brittney,Dehn,bdehnas@cmu.edu,Non-binary,19.186.74.236
390,Wang,MacLeese,wmacleeseat@opera.com,Male,111.128.127.23
391,Bernarr,Shortall,bshortallau@disqus.com,Male,202.10.236.125
392,Pet,Cairney,pcairneyav@jiathis.com,Female,72.3.108.12
393,Lutero,Kerner,lkerneraw@vistaprint.com,Male,226.149.92.88
394,Efrem,Pimblotte,epimblotteax@gnu.org,Male,135.204.69.70
395,Meade,Boldison,mboldisonay@state.gov,Male,68.193.30.74
396,Jed,Jery,jjeryaz@hao123.com,Male,204.98.97.205
397,Randa,Goodban,rgoodbanb0@sohu.com,Female,66.230.134.105
398,Lucas,Castanone,lcastanoneb1@google.de,Male,4.227.107.73
399,Haskel,Melby,hmelbyb2@wix.com,Male,146.5.13.48
400,Felipe,Grimshaw,fgrimshawb3@discuz.net,Male,22.66.169.2
401,Standford,Lansbury,slansburyb4@ezinearticles.com,Male,238.40.21.174
402,Hayley,Malling,hmallingb5@cpanel.net,Female,191.11.125.62
403,Galven,Graffin,ggraffinb6@spotify.com,Male,134.41.43.160
404,Wally,Haglington,whaglingtonb7@microsoft.com,Male,47.108.96.24
405,Babette,Jakovijevic,bjakovijevicb8@scientificamerican.com,Female,207.25.111.74
406,Gonzalo,Slevin,gslevinb9@ox.ac.uk,Male,142.212.172.175
407,Gayle,Eric,gericba@prweb.com,Female,177.30.32.126
408,Filip,Jursch,fjurschbb@hc360.com,Male,104.149.198.114
409,Emera,Hartwright,ehartwrightbc@google.ca,Female,61.68.176.130
410,Cammy,Doblin,cdoblinbd@tripadvisor.com,Male,22.237.198.92
411,Risa,Filov,rfilovbe@tamu.edu,Female,30.28.57.145
412,Birgitta,Elce,belcebf@skyrock.com,Female,178.248.3.129
413,Maynard,Andrasch,mandraschbg@cmu.edu,Male,78.91.27.128
414,Evaleen,Patterson,epattersonbh@sina.com.cn,Female,84.117.59.141
415,Dianemarie,Theodoris,dtheodorisbi@msn.com,Female,43.93.169.32
416,Aldus,Benesevich,abenesevichbj@goo.ne.jp,Male,83.63.23.159
417,Mikey,Layton,mlaytonbk@illinois.edu,Non-binary,78.115.152.64
418,Glen,Faldoe,gfaldoebl@unblog.fr,Female,49.208.183.140
419,Brad,Shillingford,bshillingfordbm@shop-pro.jp,Genderqueer,125.126.82.172
420,Roberto,Connah,rconnahbn@exblog.jp,Male,112.155.223.79
421,Daisy,Peppard,dpeppardbo@apache.org,Female,138.124.82.253
422,Callean,Kattenhorn,ckattenhornbp@webnode.com,Male,156.151.8.138
423,Correy,Kerin,ckerinbq@blogspot.com,Male,113.72.124.240
424,Valene,Park,vparkbr@uiuc.edu,Female,88.244.63.88
425,Erv,Ygou,eygoubs@privacy.gov.au,Male,219.51.80.167
426,Rudyard,Caine,rcainebt@studiopress.com,Polygender,29.47.147.192
427,Herschel,Neagle,hneaglebu@youtu.be,Male,196.244.16.178
428,Giacinta,Culley,gculleybv@mozilla.org,Female,148.38.190.62
429,Devonna,Sandbatch,dsandbatchbw@hibu.com,Female,209.115.70.136
430,Luci,Liversedge,lliversedgebx@fema.gov,Female,73.133.228.252
431,Gerry,Loseke,glosekeby@springer.com,Female,70.186.56.93
432,Reagen,Adicot,radicotbz@biglobe.ne.jp,Male,57.125.177.224
433,Eleanor,Durn,edurnc0@cnet.com,Female,240.249.8.120
434,Tracie,McShirrie,tmcshirriec1@artisteer.com,Female,149.30.123.5
435,Benedicta,Beckley,bbeckleyc2@de.vu,Female,185.117.247.141
436,Traci,Galliard,tgalliardc3@scribd.com,Female,147.52.244.179
437,Davin,Quare,dquarec4@skyrock.com,Male,112.28.237.209
438,Bart,Elsy,belsyc5@angelfire.com,Male,69.191.13.105
439,Jillian,Stanislaw,jstanislawc6@flickr.com,Female,182.25.139.153
440,Janessa,Corryer,jcorryerc7@guardian.co.uk,Female,5.26.103.137
441,Dalenna,Roux,drouxc8@timesonline.co.uk,Agender,220.150.13.53
442,Sarah,Casement,scasementc9@sphinn.com,Female,26.164.85.93
443,Jeniece,Wheatley,jwheatleyca@vimeo.com,Female,98.184.181.2
444,Humfried,Lambeth,hlambethcb@pbs.org,Male,166.237.47.224
445,Sutherland,Headey,sheadeycc@examiner.com,Male,135.22.134.22
446,Hugh,Amberger,hambergercd@ehow.com,Male,102.54.210.214
447,Laurie,Robel,lrobelce@tumblr.com,Non-binary,215.224.30.206
448,Claus,Pert,cpertcf@bing.com,Male,34.249.159.213
449,Sadye,Pollen,spollencg@friendfeed.com,Female,105.108.181.138
450,Bill,Hellwich,bhellwichch@kickstarter.com,Male,122.106.136.199
451,Joceline,Keaton,jkeatonci@diigo.com,Female,238.171.118.246
452,Cleopatra,Lindwall,clindwallcj@deliciousdays.com,Female,25.209.106.236
453,Chuck,Murrigan,cmurriganck@csmonitor.com,Male,178.165.86.249
454,Rozanne,Richemont,rrichemontcl@amazon.co.jp,Female,38.53.245.199
455,Gustave,Mouatt,gmouattcm@bbc.co.uk,Male,45.65.109.12
456,Dyna,Klaassens,dklaassenscn@slashdot.org,Female,164.131.193.134
457,Rodrique,Stripp,rstrippco@people.com.cn,Male,52.116.43.205
458,Nance,McCaffery,nmccafferycp@boston.com,Female,207.136.143.64
459,Sayres,Corking,scorkingcq@yellowbook.com,Male,144.51.110.18
460,Priscilla,Ilewicz,pilewiczcr@adobe.com,Female,33.134.219.251
461,Ailsun,Cheltnam,acheltnamcs@gov.uk,Female,87.241.58.114
462,Larry,Monan,lmonanct@independent.co.uk,Male,99.98.157.189
463,Glennie,Blazek,gblazekcu@cbslocal.com,Female,96.10.85.124
464,Errol,Hirtz,ehirtzcv@newyorker.com,Male,109.147.243.242
465,Leela,Ormrod,lormrodcw@1und1.de,Female,7.193.183.44
466,Jillene,Delamar,jdelamarcx@china.com.cn,Female,150.142.81.170
467,Arley,Southwood,asouthwoodcy@gravatar.com,Male,166.219.171.109
468,Tammy,Thorby,tthorbycz@ihg.com,Male,157.252.5.226
469,Ronny,McLucky,rmcluckyd0@hostgator.com,Male,169.158.242.180
470,Lanae,Moxom,lmoxomd1@privacy.gov.au,Female,88.36.192.31
471,Clay,Cunnow,ccunnowd2@altervista.org,Male,74.108.140.224
472,Alexandro,Brosi,abrosid3@walmart.com,Genderqueer,18.187.81.255
473,Stacee,Stoeck,sstoeckd4@mlb.com,Male,203.176.212.119
474,Romona,Haig,rhaigd5@elegantthemes.com,Female,236.126.168.132
475,Gerardo,McCreath,gmccreathd6@over-blog.com,Male,47.100.204.185
476,Julianna,Hartly,jhartlyd7@aboutads.info,Female,174.153.9.61
477,Bernete,Gleader,bgleaderd8@chron.com,Female,223.231.49.37
478,Saunders,Klouz,sklouzd9@godaddy.com,Male,206.181.68.177
479,Lurleen,Scoggin,lscogginda@de.vu,Female,115.29.65.80
480,Thibaut,Radborn,tradborndb@php.net,Male,105.79.28.54
481,Michale,Armal,marmaldc@51.la,Male,203.45.132.86
482,Eada,Jovic,ejovicdd@rambler.ru,Female,213.123.85.35
483,Jaclyn,Ygoe,jygoede@nsw.gov.au,Female,57.42.141.109
484,Emlyn,Deppe,edeppedf@jiathis.com,Female,243.203.88.124
485,Fleur,Thorndale,fthorndaledg@blog.com,Bigender,103.107.92.172
486,Ulrica,Mailey,umaileydh@mit.edu,Female,19.41.197.22
487,Decca,Perassi,dperassidi@sun.com,Male,136.78.196.28
488,Jocelin,Cicconettii,jcicconettiidj@ow.ly,Female,87.103.74.255
489,Rene,Leport,rleportdk@xrea.com,Non-binary,143.253.40.22
490,Breena,Eloy,beloydl@harvard.edu,Female,254.172.164.225
491,Zuzana,Dalley,zdalleydm@amazon.com,Female,7.30.113.167
492,Thaxter,Schermick,tschermickdn@comcast.net,Male,76.224.22.234
493,Ambrosi,Josephi,ajosephido@bizjournals.com,Male,220.203.139.243
494,Ikey,Sottell,isottelldp@usatoday.com,Male,115.132.87.237
495,Caroljean,Edgehill,cedgehilldq@gizmodo.com,Female,59.141.73.107
496,Garey,Belchambers,gbelchambersdr@intel.com,Male,210.128.46.200
497,Orly,Grinikhinov,ogrinikhinovds@dedecms.com,Female,43.44.151.121
498,Glad,Andreas,gandreasdt@cyberchimps.com,Female,245.230.141.185
499,Janaya,Reedick,jreedickdu@msu.edu,Female,89.26.20.224
500,Aurie,McCanny,amccannydv@cnn.com,Female,103.18.16.239
501,Pamelina,Woolston,pwoolstondw@dedecms.com,Female,91.146.229.57
502,Abbie,Etherton,aethertondx@xing.com,Male,6.151.111.53
503,Rani,MacCallam,rmaccallamdy@icq.com,Female,145.222.214.168
504,Filide,Scroxton,fscroxtondz@godaddy.com,Female,75.55.6.141
505,Suzi,Lambertz,slambertze0@ibm.com,Female,199.20.44.52
506,Blinny,Gane,bganee1@furl.net,Non-binary,42.209.6.67
507,Bobby,Stanesby,bstanesbye2@deliciousdays.com,Male,239.162.113.68
508,Agnesse,Lemonby,alemonbye3@altervista.org,Female,200.129.235.97
509,Kaleena,Jervois,kjervoise4@yolasite.com,Female,77.38.151.231
510,Ichabod,Bednall,ibednalle5@scribd.com,Male,141.138.167.42
511,Jodi,Radage,jradagee6@spotify.com,Male,228.89.154.250
512,Gillie,Willshaw,gwillshawe7@instagram.com,Female,159.193.134.9
513,Donn,Sproule,dsproulee8@phpbb.com,Male,179.67.24.152
514,Towney,Porch,tporche9@alibaba.com,Male,54.192.8.111
515,Pip,Rao,praoea@ameblo.jp,Male,211.202.248.122
516,Belia,Jakubovitch,bjakubovitcheb@diigo.com,Female,190.103.35.97
517,Turner,Boodell,tboodellec@spotify.com,Polygender,180.161.74.72
518,Larina,Magson,lmagsoned@shop-pro.jp,Female,210.41.255.232
519,Ramsey,Harriday,rharridayee@alexa.com,Male,138.80.101.58
520,Arlan,Sargeant,asargeantef@gov.uk,Male,136.123.218.182
521,Abbot,Imore,aimoreeg@dedecms.com,Non-binary,180.104.66.30
522,Matthieu,Deny,mdenyeh@mapy.cz,Male,100.56.2.238
523,Cull,Tothe,ctotheei@lulu.com,Male,200.57.154.198
524,Ashlen,Dumbarton,adumbartonej@ed.gov,Female,53.187.58.192
525,Vassili,Wickliffe,vwickliffeek@buzzfeed.com,Male,26.244.0.222
526,Patrizius,Bogies,pbogiesel@blogger.com,Male,203.111.243.243
527,Jacki,Sighart,jsighartem@gov.uk,Female,148.33.225.105
528,Montague,Wattingham,mwattinghamen@unicef.org,Male,31.58.9.34
529,Nikolai,Palfree,npalfreeeo@nba.com,Male,167.121.248.231
530,Davide,Mallock,dmallockep@xrea.com,Male,129.1.102.231
531,Eward,Ryhorovich,eryhorovicheq@infoseek.co.jp,Male,37.202.30.3
532,Konstantine,Rosborough,krosborougher@noaa.gov,Male,70.163.122.216
533,Dody,McWhinnie,dmcwhinniees@sfgate.com,Female,214.210.245.248
534,Emelen,Cudiff,ecudiffet@livejournal.com,Male,137.246.136.153
535,Jenine,Garrettson,jgarrettsoneu@ning.com,Female,134.49.114.219
536,Celine,Feldberg,cfeldbergev@salon.com,Female,245.88.65.17
537,Althea,Callow,acallowew@va.gov,Female,43.189.75.82
538,Hedwiga,Dubbin,hdubbinex@yellowbook.com,Female,172.242.115.144
539,Rockie,Sleaford,rsleafordey@pbs.org,Male,224.104.110.212
540,Miner,Yeend,myeendez@booking.com,Male,178.170.175.148
541,Lindsay,Yukhnov,lyukhnovf0@exblog.jp,Female,70.115.112.36
542,Sapphira,Jacobovitz,sjacobovitzf1@google.de,Female,218.220.203.223
543,Emelia,Terrans,eterransf2@github.io,Female,178.178.168.30
544,Stinky,Wartonby,swartonbyf3@sciencedirect.com,Male,20.255.22.254
545,Sherye,Godon,sgodonf4@blog.com,Female,50.130.184.204
546,Courtney,MacCumeskey,cmaccumeskeyf5@wired.com,Agender,117.130.141.0
547,Hadleigh,Buckwell,hbuckwellf6@stanford.edu,Male,252.165.72.85
548,Dorian,Huleatt,dhuleattf7@whitehouse.gov,Male,138.139.63.62
549,Hillary,Feuell,hfeuellf8@woothemes.com,Male,217.212.73.140
550,Junia,Feldmark,jfeldmarkf9@biblegateway.com,Female,149.107.184.14
551,Berkly,Domeny,bdomenyfa@home.pl,Male,65.51.159.154
552,Page,Lentsch,plentschfb@prnewswire.com,Male,81.252.196.49
553,Cliff,Durand,cdurandfc@abc.net.au,Male,235.142.0.87
554,Bealle,Purselowe,bpurselowefd@nih.gov,Male,220.138.36.187
555,Nicolis,Leather,nleatherfe@123-reg.co.uk,Male,49.193.139.93
556,Hilarius,Bickford,hbickfordff@alexa.com,Genderqueer,71.96.46.57
557,Dickie,Revell,drevellfg@feedburner.com,Male,16.110.123.118
558,Davis,Barenski,dbarenskifh@diigo.com,Male,218.242.225.21
559,Adey,Punter,apunterfi@google.fr,Polygender,89.194.227.159
560,Halley,Thebeau,hthebeaufj@imdb.com,Female,221.130.169.19
561,Vanda,Leyton,vleytonfk@ehow.com,Female,246.98.187.159
562,Kennith,Vero,kverofl@engadget.com,Male,68.126.57.243
563,Webster,Dominka,wdominkafm@youtu.be,Male,170.125.93.154
564,Cullan,Jendrys,cjendrysfn@sina.com.cn,Male,4.121.111.114
565,Candice,Dallison,cdallisonfo@java.com,Female,112.209.22.202
566,Georgianna,Bunhill,gbunhillfp@weather.com,Female,2.157.51.2
567,Myranda,Mynett,mmynettfq@miibeian.gov.cn,Female,182.73.6.41
568,Philippe,Stawell,pstawellfr@dedecms.com,Female,142.107.149.212
569,Syd,Stutter,sstutterfs@telegraph.co.uk,Polygender,53.70.41.135
570,Hedda,Arons,haronsft@multiply.com,Female,113.23.153.86
571,Maury,Syrie,msyriefu@toplist.cz,Genderqueer,118.159.177.71
572,Staford,Caldroni,scaldronifv@comcast.net,Non-binary,8.241.39.176
573,Salome,Bruhnsen,sbruhnsenfw@tamu.edu,Female,143.187.240.88
574,Mae,Orum,morumfx@huffingtonpost.com,Female,163.225.233.117
575,Barty,Redwin,bredwinfy@dot.gov,Male,198.94.119.144
576,Annecorinne,Twelvetree,atwelvetreefz@loc.gov,Female,161.12.239.138
577,Giuseppe,Sergeant,gsergeantg0@booking.com,Male,128.81.37.164
578,Mycah,Voas,mvoasg1@columbia.edu,Polygender,112.106.4.214
579,Jeannie,Venable,jvenableg2@cdc.gov,Female,242.183.222.124
580,Bar,Dubarry,bdubarryg3@who.int,Male,179.227.10.30
581,Giovanni,Sambiedge,gsambiedgeg4@t.co,Male,75.82.218.23
582,Ernestus,Antonovic,eantonovicg5@spiegel.de,Genderqueer,35.94.90.75
583,Bellanca,Janicki,bjanickig6@scribd.com,Female,52.196.57.88
584,Peggy,Jozefowicz,pjozefowiczg7@ed.gov,Female,162.241.186.186
585,Berny,Cadge,bcadgeg8@dropbox.com,Male,19.241.68.141
586,Ellery,Bearns,ebearnsg9@walmart.com,Male,150.234.29.101
587,Linnea,Giacomasso,lgiacomassoga@ezinearticles.com,Female,60.136.181.177
588,Saw,Blune,sblunegb@digg.com,Male,197.38.229.117
589,Taddeusz,Broker,tbrokergc@wisc.edu,Male,63.199.149.145
590,Micky,Ferreli,mferreligd@ifeng.com,Male,242.252.227.92
591,Erie,Phittiplace,ephittiplacege@cocolog-nifty.com,Male,134.210.171.71
592,Mella,Kinsman,mkinsmangf@youtu.be,Female,50.40.78.39
593,Anastasia,O'Duggan,aoduggangg@buzzfeed.com,Female,245.31.214.162
594,Humfried,Mirfield,hmirfieldgh@ted.com,Male,41.149.59.52
595,Goddard,Bownd,gbowndgi@yellowbook.com,Male,6.18.209.230
596,Bab,Mangenot,bmangenotgj@sciencedirect.com,Female,113.226.14.233
597,Eb,Tarren,etarrengk@unblog.fr,Male,163.78.72.81
598,Gino,Pavek,gpavekgl@mit.edu,Male,32.123.140.94
599,Portia,Brunnstein,pbrunnsteingm@answers.com,Polygender,167.97.46.194
600,Ware,Layhe,wlayhegn@theatlantic.com,Male,255.151.203.138
601,Normy,Cay,ncaygo@hostgator.com,Male,5.214.222.9
602,Bee,Raulin,braulingp@phpbb.com,Female,81.69.213.63
603,Lamont,Thraves,lthravesgq@dot.gov,Male,140.210.41.173
604,Mariejeanne,Doni,mdonigr@homestead.com,Female,170.160.104.254
605,Bel,Bowdler,bbowdlergs@bloglovin.com,Female,38.105.200.184
606,Oralie,Schlagman,oschlagmangt@techcrunch.com,Female,86.72.57.33
607,Sada,Ringham,sringhamgu@mapquest.com,Female,148.43.148.65
608,Udell,McNelly,umcnellygv@hp.com,Male,57.159.131.243
609,Gaston,Larway,glarwaygw@webs.com,Male,200.177.131.166
610,Nicol,Jaffra,njaffragx@auda.org.au,Female,192.5.88.54
611,Leticia,Jermey,ljermeygy@go.com,Female,97.165.53.153
612,Kathie,Barthram,kbarthramgz@bloglines.com,Female,245.73.200.114
613,Judie,Guterson,jgutersonh0@w3.org,Female,198.5.34.119
614,Antonie,Poytheras,apoytherash1@opera.com,Bigender,254.88.106.242
615,Corene,Mager,cmagerh2@people.com.cn,Female,126.72.143.199
616,Doralyn,Commings,dcommingsh3@narod.ru,Female,195.39.68.39
617,Darlene,Pavier,dpavierh4@salon.com,Female,241.251.90.96
618,Damara,Gwatkins,dgwatkinsh5@forbes.com,Female,236.46.187.187
619,Merrill,Broadbere,mbroadbereh6@vistaprint.com,Male,43.161.255.168
620,Andy,Pashan,apashanh7@fastcompany.com,Non-binary,201.124.72.247
621,Hewe,Demcik,hdemcikh8@auda.org.au,Male,229.204.189.247
622,Phip,Dilleway,pdillewayh9@icio.us,Male,208.158.215.227
623,Calli,Ackland,cacklandha@bloomberg.com,Female,57.125.196.22
624,Ervin,Macura,emacurahb@reuters.com,Male,255.192.239.100
625,Pam,Jiruca,pjirucahc@zdnet.com,Female,75.175.245.17
626,Arthur,Heatley,aheatleyhd@mozilla.org,Male,51.8.225.79
627,Jeniffer,Constanza,jconstanzahe@cargocollective.com,Female,62.142.79.113
628,Matt,Lowder,mlowderhf@dropbox.com,Non-binary,43.82.59.226
629,Elvis,Halls,ehallshg@amazonaws.com,Male,220.24.92.177
630,Sheridan,Tidcomb,stidcombhh@uiuc.edu,Male,123.81.151.123
631,Bogey,Willis,bwillishi@npr.org,Male,154.177.242.76
632,Kirstyn,Levee,kleveehj@freewebs.com,Female,125.130.57.249
633,Allyson,Joselson,ajoselsonhk@sitemeter.com,Female,25.225.225.201
634,Tybi,Bourget,tbourgethl@cloudflare.com,Female,86.77.62.77
635,Binni,Louca,bloucahm@cocolog-nifty.com,Female,241.34.147.236
636,Lisha,Hamflett,lhamfletthn@hexun.com,Female,104.214.70.134
637,Enrique,Jeromson,ejeromsonho@spiegel.de,Male,10.168.32.142
638,Gabie,Bendon,gbendonhp@rakuten.co.jp,Agender,2.148.2.224
639,Boniface,Rawstorn,brawstornhq@discovery.com,Male,36.161.100.192
640,Hernando,Vasyutochkin,hvasyutochkinhr@godaddy.com,Genderqueer,122.65.238.152
641,Ellery,Collum,ecollumhs@issuu.com,Male,102.254.189.125
642,Coraline,Annwyl,cannwylht@ucla.edu,Female,85.45.118.203
643,Yorker,Minelli,yminellihu@comsenz.com,Male,23.103.91.30
644,Al,Aylesbury,aaylesburyhv@wp.com,Male,89.209.246.45
645,Quinn,Greasley,qgreasleyhw@prlog.org,Bigender,100.91.63.238
646,Olia,Kelshaw,okelshawhx@ask.com,Female,251.2.18.190
647,Vasili,Reede,vreedehy@ed.gov,Male,196.38.173.3
648,Tonya,Bywaters,tbywatershz@theglobeandmail.com,Female,94.161.146.236
649,Bamby,Meharry,bmeharryi0@diigo.com,Female,105.142.65.21
650,Benedikta,Thalmann,bthalmanni1@shutterfly.com,Female,61.161.212.146
651,Terri-jo,Fretson,tfretsoni2@umich.edu,Female,234.31.175.195
652,Dave,Teare,dtearei3@ucoz.com,Male,215.115.4.123
653,Bessie,Goodayle,bgoodaylei4@plala.or.jp,Female,75.95.194.53
654,Krista,Lewtey,klewteyi5@people.com.cn,Female,192.106.115.157
655,Agna,Lacer,alaceri6@icio.us,Female,252.251.131.201
656,Sherry,Illston,sillstoni7@example.com,Female,45.241.90.241
657,Dewitt,De la Yglesia,ddelayglesiai8@utexas.edu,Male,139.20.47.57
658,James,Brittian,jbrittiani9@deviantart.com,Male,83.50.233.72
659,Matthew,Mallinson,mmallinsonia@google.it,Male,164.123.76.52
660,Nels,Grinikhinov,ngrinikhinovib@wikipedia.org,Male,238.74.107.201
661,Rubin,Mardling,rmardlingic@adobe.com,Polygender,108.179.72.227
662,Denney,Lowndsborough,dlowndsboroughid@ebay.com,Male,208.158.47.189
663,Maynard,Leighfield,mleighfieldie@tinypic.com,Male,63.221.29.156
664,Claudell,Trowsdale,ctrowsdaleif@networkadvertising.org,Male,160.180.117.221
665,Xavier,Farleigh,xfarleighig@jiathis.com,Male,222.238.43.14
666,Nesta,Waywell,nwaywellih@redcross.org,Female,241.73.27.255
667,Samuele,Suthworth,ssuthworthii@slate.com,Male,157.61.176.119
668,Pietra,Crowcroft,pcrowcroftij@wikispaces.com,Female,37.120.59.11
669,Jasper,Gudgeon,jgudgeonik@virginia.edu,Male,133.229.14.91
670,Walker,Ricket,wricketil@comsenz.com,Male,22.34.89.173
671,Conan,Gauntlett,cgauntlettim@shop-pro.jp,Male,2.89.240.170
672,Corinna,Marland,cmarlandin@zdnet.com,Polygender,58.57.65.42
673,Nial,Drinkwater,ndrinkwaterio@apache.org,Male,13.58.109.164
674,Sherrie,Searby,ssearbyip@clickbank.net,Female,79.28.230.106
675,Sylas,Rieflin,sriefliniq@studiopress.com,Male,143.150.226.41
676,Merilyn,Fearnside,mfearnsideir@twitter.com,Female,207.34.90.87
677,Pennie,Loud,ploudis@wiley.com,Female,186.206.106.95
678,Alidia,Brayn,abraynit@smh.com.au,Female,44.19.235.203
679,Sanders,Varvell,svarvelliu@shareasale.com,Male,220.7.96.174
680,Carlynn,Mogenot,cmogenotiv@wired.com,Female,113.228.176.160
681,Terza,Parkes,tparkesiw@blogtalkradio.com,Female,174.143.118.171
682,Delphine,de'-Ancy Willis,ddeancywillisix@wikispaces.com,Female,138.103.15.200
683,Sylas,Gerbi,sgerbiiy@microsoft.com,Male,96.204.80.139
684,Miller,Faudrie,mfaudrieiz@163.com,Genderqueer,106.120.172.177
685,Yul,Barrett,ybarrettj0@java.com,Male,220.44.103.37
686,Maitilde,Chinnock,mchinnockj1@tumblr.com,Female,45.147.186.199
687,Maryrose,Whittock,mwhittockj2@gizmodo.com,Female,206.184.67.34
688,Shelley,Cogley,scogleyj3@chronoengine.com,Male,151.22.188.219
689,Renaldo,Torrese,rtorresej4@51.la,Male,111.67.67.18
690,Francoise,Lisciardelli,flisciardellij5@blogtalkradio.com,Female,28.55.206.34
691,Skye,Kirkbride,skirkbridej6@scientificamerican.com,Male,195.116.227.83
692,Sal,Santus,ssantusj7@dyndns.org,Female,146.186.176.148
693,Riobard,Innes,rinnesj8@ifeng.com,Male,229.163.123.18
694,Wallie,Swedeland,wswedelandj9@fastcompany.com,Male,56.237.235.134
695,Beatriz,Binding,bbindingja@mit.edu,Female,228.241.228.57
696,Valle,Cockling,vcocklingjb@fema.gov,Male,158.48.0.125
697,Farrand,Klimkovich,fklimkovichjc@istockphoto.com,Female,41.146.227.174
698,Thorn,Grishakin,tgrishakinjd@google.es,Male,171.32.60.212
699,Cathie,Starcks,cstarcksje@miitbeian.gov.cn,Female,207.232.70.209
700,Kari,Jelf,kjelfjf@businesswire.com,Female,143.157.97.110
701,Clary,Winson,cwinsonjg@opensource.org,Female,136.140.147.132
702,Barnabas,Dorward,bdorwardjh@barnesandnoble.com,Male,140.85.127.218
703,Pip,Rosenstengel,prosenstengelji@oakley.com,Male,83.178.157.119
704,Lodovico,Baike,lbaikejj@newsvine.com,Male,90.19.167.59
705,Colet,Feldfisher,cfeldfisherjk@huffingtonpost.com,Male,26.186.150.245
706,Odetta,Dufton,oduftonjl@chicagotribune.com,Female,171.63.166.75
707,Phylys,Fratczak,pfratczakjm@discuz.net,Female,253.166.159.113
708,Angel,Meneo,ameneojn@phpbb.com,Female,18.160.62.4
709,Adria,Soppeth,asoppethjo@marriott.com,Bigender,129.54.147.38
710,Bridie,Deer,bdeerjp@merriam-webster.com,Female,89.133.3.91
711,Webb,Mayston,wmaystonjq@ning.com,Male,178.42.76.32
712,Allene,Bambra,abambrajr@harvard.edu,Female,236.191.110.131
713,Christan,Guymer,cguymerjs@globo.com,Polygender,246.174.71.209
714,Mickey,Kellet,mkelletjt@cbslocal.com,Male,244.30.203.82
715,Mayer,McKerrow,mmckerrowju@ask.com,Male,228.40.103.167
716,Lorenzo,McKeag,lmckeagjv@tiny.cc,Male,54.76.232.90
717,Derry,Gohn,dgohnjw@tmall.com,Male,214.84.131.15
718,Milissent,Tomblings,mtomblingsjx@issuu.com,Female,107.43.226.139
719,Wilfrid,Emm,wemmjy@devhub.com,Male,234.35.133.26
720,Lara,McMillam,lmcmillamjz@plala.or.jp,Female,127.200.152.75
721,Ellery,Anscombe,eanscombek0@themeforest.net,Male,253.235.9.15
722,Norri,Gloster,nglosterk1@dagondesign.com,Female,43.220.2.120
723,Tobye,Espin,tespink2@irs.gov,Female,10.67.206.218
724,Gael,Barnaby,gbarnabyk3@ted.com,Polygender,190.249.145.65
725,Ezra,Van Der Weedenburg,evanderweedenburgk4@networkadvertising.org,Male,220.207.3.22
726,Velma,Spavins,vspavinsk5@psu.edu,Female,236.47.20.16
727,Avictor,Timms,atimmsk6@unesco.org,Male,202.126.213.132
728,Franz,Cosans,fcosansk7@nationalgeographic.com,Male,72.233.240.214
729,Atlanta,Blowick,ablowickk8@typepad.com,Female,76.96.207.51
730,Bernadene,Kidby,bkidbyk9@jigsy.com,Female,70.52.99.201
731,Kelly,Cadge,kcadgeka@eventbrite.com,Female,22.120.227.81
732,Keary,Chamney,kchamneykb@furl.net,Male,178.15.57.167
733,Garv,Mallard,gmallardkc@blog.com,Male,37.119.194.138
734,Claudetta,Scoles,cscoleskd@yellowpages.com,Female,130.163.250.208
735,Omar,Danniel,odannielke@csmonitor.com,Male,161.235.142.111
736,Bria,Valerio,bvaleriokf@nytimes.com,Female,57.112.124.6
737,Nisse,Reuter,nreuterkg@bandcamp.com,Female,72.137.49.64
738,Alain,Rustidge,arustidgekh@bloomberg.com,Polygender,99.245.80.77
739,Twila,Gilhouley,tgilhouleyki@ovh.net,Female,74.87.75.222
740,Betty,Worshall,bworshallkj@shinystat.com,Female,206.105.131.99
741,Ilyssa,Gery,igerykk@yelp.com,Female,89.10.64.179
742,Carlynn,Bangs,cbangskl@bloglines.com,Female,32.92.58.56
743,Bale,Ingall,bingallkm@intel.com,Male,41.229.74.160
744,Sullivan,Sargison,ssargisonkn@google.co.uk,Male,7.19.163.177
745,Nanci,Startin,nstartinko@answers.com,Female,56.230.85.197
746,Rycca,Down,rdownkp@homestead.com,Female,152.243.211.153
747,Trista,Geroldi,tgeroldikq@amazon.de,Female,155.174.27.127
748,Taite,Seawell,tseawellkr@creativecommons.org,Male,186.197.141.130
749,Krisha,Croome,kcroomeks@example.com,Male,144.90.75.237
750,Tamma,Mackerel,tmackerelkt@wisc.edu,Female,70.143.19.133
751,Cord,Arkell,carkellku@elpais.com,Male,32.156.28.54
752,Krysta,Blaisdale,kblaisdalekv@vimeo.com,Female,62.4.88.214
753,Roshelle,Regitz,rregitzkw@samsung.com,Female,254.99.229.52
754,Dwain,Powling,dpowlingkx@webmd.com,Agender,38.161.0.117
755,Edita,Quarton,equartonky@springer.com,Female,234.80.26.122
756,Norbie,Meadowcroft,nmeadowcroftkz@ocn.ne.jp,Male,67.233.196.119
757,Don,Marsie,dmarsiel0@vkontakte.ru,Male,60.179.64.4
758,Fernanda,Iannuzzelli,fiannuzzellil1@cloudflare.com,Female,204.60.162.32
759,Neel,Pulteneye,npulteneyel2@illinois.edu,Male,140.80.1.158
760,Mozelle,Balfre,mbalfrel3@rakuten.co.jp,Bigender,142.62.159.0
761,Colly,Kilkenny,ckilkennyl4@howstuffworks.com,Female,118.130.33.132
762,Gertrudis,Anderton,gandertonl5@arstechnica.com,Female,175.29.218.184
763,Bryce,Wyles,bwylesl6@si.edu,Male,116.103.154.197
764,Cirilo,Causby,ccausbyl7@engadget.com,Male,129.103.96.52
765,Cissiee,Featherstonehaugh,cfeatherstonehaughl8@microsoft.com,Female,224.134.156.241
766,Linc,Garmons,lgarmonsl9@infoseek.co.jp,Genderqueer,38.244.166.139
767,Dulcie,McKiernan,dmckiernanla@fema.gov,Female,215.6.57.196
768,Koral,Balharrie,kbalharrielb@shinystat.com,Female,62.60.141.182
769,Cristiano,Loverock,cloverocklc@miibeian.gov.cn,Male,71.197.45.201
770,Alano,O' Shea,aosheald@msu.edu,Male,193.222.69.236
771,Lek,Armatage,larmatagele@merriam-webster.com,Male,71.182.158.179
772,Cris,Stennett,cstennettlf@cnet.com,Male,87.171.114.200
773,Stephanus,Olfert,solfertlg@biglobe.ne.jp,Agender,97.1.164.187
774,Ash,Jerg,ajerglh@harvard.edu,Male,132.174.12.158
775,Lin,Kastel,lkastelli@digg.com,Female,43.101.142.196
776,Eimile,Bentall,ebentalllj@hp.com,Genderqueer,226.17.206.90
777,Wilow,Gaitskell,wgaitskelllk@google.ca,Female,177.158.203.192
778,Lilith,Weepers,lweepersll@deviantart.com,Female,103.136.224.112
779,Stanley,Chater,schaterlm@marketwatch.com,Male,143.161.121.27
780,Matthias,Tunnoch,mtunnochln@goo.ne.jp,Male,107.139.180.179
781,Pansie,Sygroves,psygroveslo@comcast.net,Female,46.156.252.49
782,Jake,Reiners,jreinerslp@vkontakte.ru,Genderqueer,117.197.232.50
783,Zelig,Woolger,zwoolgerlq@ocn.ne.jp,Male,184.167.84.163
784,Carlina,Learmond,clearmondlr@opensource.org,Female,204.238.4.79
785,Candace,Altree,caltreels@wix.com,Female,188.161.69.216
786,Dasha,Crackett,dcrackettlt@fastcompany.com,Female,162.219.34.218
787,Kellen,Boraston,kborastonlu@yahoo.co.jp,Female,82.31.154.73
788,Bernadene,McCrie,bmccrielv@house.gov,Female,222.113.251.131
789,Roxie,Dollard,rdollardlw@people.com.cn,Female,104.3.4.184
790,Patricio,Kalinke,pkalinkelx@soup.io,Male,73.13.113.161
791,Fiorenze,Matusovsky,fmatusovskyly@google.es,Female,164.120.96.51
792,Peggi,Tong,ptonglz@over-blog.com,Female,122.108.72.150
793,Stephie,Thomerson,sthomersonm0@globo.com,Female,149.90.100.3
794,Linnie,Maffucci,lmaffuccim1@unblog.fr,Female,80.134.233.177
795,Cordelia,Rooze,croozem2@nbcnews.com,Female,49.53.50.201
796,Antonino,Sterzaker,asterzakerm3@xrea.com,Male,101.108.171.118
797,Audi,Blowick,ablowickm4@plala.or.jp,Female,97.104.174.152
798,Addie,Barnewell,abarnewellm5@smugmug.com,Male,166.128.229.243
799,Larissa,Prandoni,lprandonim6@php.net,Female,168.71.135.22
800,Niel,Du Plantier,nduplantierm7@cisco.com,Male,124.167.104.23
801,Adore,Struys,astruysm8@bluehost.com,Female,24.27.120.212
802,Aidan,Pendrick,apendrickm9@vistaprint.com,Female,221.102.118.157
803,Ad,Mullineux,amullineuxma@live.com,Male,69.80.235.183
804,Vernor,Elloway,vellowaymb@state.gov,Agender,193.27.208.184
805,Kermy,Deneve,kdenevemc@ask.com,Male,92.187.45.140
806,Berry,Sells,bsellsmd@arizona.edu,Female,154.78.13.161
807,Dick,Matuszinski,dmatuszinskime@pinterest.com,Male,44.6.117.254
808,Chevy,Baert,cbaertmf@google.com.hk,Male,207.156.84.79
809,Matias,Marshall,mmarshallmg@list-manage.com,Male,79.224.245.32
810,Franz,Begbie,fbegbiemh@mapquest.com,Male,109.65.47.204
811,Erl,Lambotin,elambotinmi@dmoz.org,Male,143.209.237.178
812,Jerri,Dinesen,jdinesenmj@goodreads.com,Male,156.101.255.159
813,Hildy,McCrory,hmccrorymk@hibu.com,Female,61.49.153.80
814,Leonardo,Bowell,lbowellml@about.me,Male,53.56.149.225
815,Florri,Seccombe,fseccombemm@twitter.com,Female,57.85.143.28
816,Tilda,Dany,tdanymn@dailymotion.com,Female,218.83.235.138
817,Cristal,Breens,cbreensmo@vistaprint.com,Female,205.222.114.53
818,Saunders,Brass,sbrassmp@whitehouse.gov,Non-binary,135.226.26.140
819,Zorina,Shilvock,zshilvockmq@blog.com,Female,95.26.130.135
820,Maddy,Ickovicz,mickoviczmr@nationalgeographic.com,Female,195.228.63.130
821,Suellen,Keeltagh,skeeltaghms@chronoengine.com,Female,39.161.31.117
822,Netti,Noonan,nnoonanmt@comsenz.com,Female,136.103.59.249
823,Philip,Tirone,ptironemu@rediff.com,Male,75.98.69.33
824,Randolph,Dugood,rdugoodmv@shinystat.com,Male,29.42.101.196
825,Roxane,Eady,readymw@weebly.com,Agender,165.151.98.242
826,Chiquia,Ambroz,cambrozmx@nydailynews.com,Female,48.84.138.203
827,Celine,Luscott,cluscottmy@google.it,Female,142.60.106.91
828,Charlotte,Parchment,cparchmentmz@comsenz.com,Female,57.41.20.160
829,Freddy,Facer,ffacern0@china.com.cn,Non-binary,14.157.77.212
830,Natalya,Cuttelar,ncuttelarn1@cornell.edu,Female,200.154.31.237
831,Kimbell,Weale,kwealen2@xinhuanet.com,Male,90.178.129.105
832,Lorettalorna,Bossom,lbossomn3@lycos.com,Female,140.38.137.194
833,Bartolomeo,Bidmead,bbidmeadn4@marriott.com,Male,238.159.215.237
834,Rosamond,Withull,rwithulln5@yellowpages.com,Female,42.197.179.232
835,Nani,Do,ndon6@time.com,Female,36.49.144.54
836,Cynthy,Curragh,ccurraghn7@simplemachines.org,Female,7.81.162.196
837,Gilberte,Dobble,gdobblen8@paypal.com,Female,237.128.126.167
838,Tony,Garnall,tgarnalln9@adobe.com,Female,114.49.141.106
839,Patton,Kenwell,pkenwellna@gizmodo.com,Male,160.29.171.145
840,Shalna,Audley,saudleynb@wordpress.com,Female,0.254.8.145
841,Evania,Mullins,emullinsnc@deliciousdays.com,Female,51.88.172.232
842,Cyrus,Sworne,cswornend@barnesandnoble.com,Male,60.24.228.80
843,Maudie,Hedaux,mhedauxne@histats.com,Female,118.10.235.1
844,Nicky,Dorken,ndorkennf@umn.edu,Genderqueer,77.232.18.171
845,Cory,Tummons,ctummonsng@mayoclinic.com,Female,32.177.22.176
846,Othello,Luckie,oluckienh@businessweek.com,Male,174.148.86.33
847,Rica,Python,rpythonni@wsj.com,Genderqueer,8.100.80.91
848,Lucky,O'Beirne,lobeirnenj@admin.ch,Female,184.232.215.33
849,Lynde,Bartosek,lbartoseknk@craigslist.org,Genderfluid,200.99.66.24
850,Liliane,Cussen,lcussennl@technorati.com,Female,125.255.110.194
851,Rebe,Russ,rrussnm@comcast.net,Female,185.159.95.202
852,Cathyleen,Longmuir,clongmuirnn@liveinternet.ru,Female,182.121.144.167
853,Aloin,MacCall,amaccallno@ed.gov,Male,238.0.158.245
854,Osborn,McKinstry,omckinstrynp@furl.net,Male,86.114.204.227
855,Kienan,Headly,kheadlynq@sourceforge.net,Male,105.194.161.42
856,Theobald,Stucksbury,tstucksburynr@washington.edu,Male,4.227.89.58
857,Dorena,MacKenney,dmackenneyns@huffingtonpost.com,Genderfluid,102.153.124.143
858,Emanuele,Banks,ebanksnt@noaa.gov,Male,33.191.35.223
859,Markus,Tremlett,mtremlettnu@unicef.org,Male,73.43.106.248
860,Mead,Church,mchurchnv@xrea.com,Female,202.47.177.32
861,Barris,Gammons,bgammonsnw@tumblr.com,Male,180.113.31.221
862,Moise,Aynold,maynoldnx@mtv.com,Male,125.19.16.148
863,Priscilla,Maffioletti,pmaffiolettiny@admin.ch,Female,137.205.89.232
864,Bartholemy,Van Schafflaer,bvanschafflaernz@icq.com,Male,91.3.91.124
865,Hy,Scanlin,hscanlino0@dropbox.com,Male,97.168.201.221
866,Nadeen,Beevis,nbeeviso1@google.com.au,Female,189.130.166.127
867,Flossi,Wrintmore,fwrintmoreo2@xinhuanet.com,Female,218.252.238.148
868,Ninon,Giral,ngiralo3@1688.com,Female,160.191.88.116
869,Cherey,Bartalucci,cbartaluccio4@youtu.be,Female,213.92.186.13
870,Kevon,Gouldsmith,kgouldsmitho5@patch.com,Male,0.152.138.238
871,Rolfe,Firminger,rfirmingero6@icq.com,Male,82.40.60.203
872,Mollee,Labram,mlabramo7@nature.com,Female,20.125.196.188
873,Bowie,Byrd,bbyrdo8@parallels.com,Male,122.5.47.51
874,Stacia,McKeeman,smckeemano9@multiply.com,Female,217.77.252.217
875,Max,Questier,mquestieroa@globo.com,Male,51.27.228.179
876,Winfred,Oliphant,woliphantob@phpbb.com,Male,245.207.125.93
877,Jdavie,Longmead,jlongmeadoc@pagesperso-orange.fr,Male,17.27.99.216
878,Creight,Stailey,cstaileyod@blog.com,Male,172.83.49.18
879,Rycca,Dyter,rdyteroe@boston.com,Female,187.185.236.149
880,Micky,Gissop,mgissopof@senate.gov,Genderqueer,110.95.211.213
881,Nert,Remon,nremonog@imgur.com,Female,80.23.3.103
882,Shaylyn,Bentley,sbentleyoh@dagondesign.com,Female,242.193.138.56
883,Jonis,Bingham,jbinghamoi@webmd.com,Female,110.97.193.250
884,Hogan,Fellows,hfellowsoj@blinklist.com,Male,144.217.88.7
885,Allyson,Hiscoke,ahiscokeok@furl.net,Female,191.254.11.19
886,Archambault,Vany,avanyol@vk.com,Male,173.106.32.178
887,Antonella,Learoyd,alearoydom@purevolume.com,Female,157.61.106.73
888,Beatrice,Bellworthy,bbellworthyon@wix.com,Female,171.146.234.75
889,Ximenez,Airth,xairthoo@typepad.com,Male,32.204.101.59
890,Joela,Dunrige,jdunrigeop@dedecms.com,Female,75.97.234.76
891,Lila,Hearon,lhearonoq@diigo.com,Female,128.13.3.13
892,Elfie,Willoughey,ewillougheyor@liveinternet.ru,Female,242.58.143.49
893,Atalanta,Waycott,awaycottos@kickstarter.com,Female,96.182.55.145
894,Dione,Gonsalo,dgonsaloot@tinypic.com,Female,168.19.107.118
895,Sharona,Macek,smacekou@ucoz.ru,Female,1.210.132.226
896,Lissi,Tiesman,ltiesmanov@cocolog-nifty.com,Female,1.121.162.45
897,Penelopa,Burnett,pburnettow@trellian.com,Female,18.126.191.84
898,Gisella,Segar,gsegarox@hexun.com,Female,195.192.197.27
899,Engracia,Geffen,egeffenoy@mac.com,Female,137.247.53.71
900,Sarajane,Hamner,shamneroz@miitbeian.gov.cn,Female,255.169.84.97
901,Dorothy,Heys,dheysp0@samsung.com,Female,106.238.114.37
902,Shurlocke,Rait,sraitp1@wsj.com,Male,59.180.199.166
903,Giovanni,Danilovic,gdanilovicp2@miibeian.gov.cn,Agender,92.64.145.70
904,Abagail,Fidelli,afidellip3@gravatar.com,Non-binary,185.0.193.156
905,Stacee,Anton,santonp4@seattletimes.com,Female,89.18.250.1
906,Sheelagh,Denington,sdeningtonp5@nyu.edu,Female,140.87.106.191
907,Stuart,Dell Casa,sdellcasap6@hostgator.com,Male,153.101.65.229
908,Erastus,Stotherfield,estotherfieldp7@miitbeian.gov.cn,Male,7.186.32.1
909,Siana,Drewes,sdrewesp8@columbia.edu,Female,139.26.177.244
910,Maurise,Mengue,mmenguep9@myspace.com,Male,89.243.208.76
911,Allix,Mathe,amathepa@rediff.com,Female,253.43.188.34
912,Arnold,Roskilly,aroskillypb@so-net.ne.jp,Male,223.129.37.136
913,Dillon,Barles,dbarlespc@craigslist.org,Male,29.169.215.212
914,Tybi,Pimlott,tpimlottpd@clickbank.net,Agender,2.197.237.84
915,Brooke,Copperwaite,bcopperwaitepe@mashable.com,Female,230.67.226.41
916,Caitlin,Waymont,cwaymontpf@nyu.edu,Female,100.104.27.232
917,Clay,Fallens,cfallenspg@go.com,Male,90.35.187.186
918,Royal,Worters,rwortersph@flavors.me,Male,193.160.196.204
919,Lazare,Linfitt,llinfittpi@tamu.edu,Male,87.168.4.39
920,Chrissie,Moggach,cmoggachpj@miibeian.gov.cn,Female,43.192.152.101
921,Forester,Akker,fakkerpk@sitemeter.com,Male,141.178.187.208
922,Kippar,Jerratsch,kjerratschpl@unicef.org,Male,184.165.60.18
923,Dona,Hardison,dhardisonpm@newsvine.com,Female,201.5.165.54
924,Zelda,Craw,zcrawpn@europa.eu,Female,243.42.113.111
925,Mariann,Povlsen,mpovlsenpo@accuweather.com,Female,67.124.93.190
926,Aldin,Lesslie,alessliepp@gmpg.org,Male,206.76.216.94
927,Letitia,Bendley,lbendleypq@plala.or.jp,Female,157.34.64.132
928,Betty,Sager,bsagerpr@vkontakte.ru,Female,86.25.4.3
929,Temple,Soldan,tsoldanps@oakley.com,Male,255.56.240.136
930,Atlanta,Epilet,aepiletpt@example.com,Female,210.46.207.44
931,Candie,Swynfen,cswynfenpu@forbes.com,Female,129.226.219.90
932,Conway,Corington,ccoringtonpv@odnoklassniki.ru,Male,140.213.94.59
933,Carlie,Guidelli,cguidellipw@go.com,Female,149.198.26.75
934,Jordan,Fisbey,jfisbeypx@ted.com,Male,48.103.240.234
935,Davis,Kalkhoven,dkalkhovenpy@list-manage.com,Male,129.137.117.213
936,Gayler,Sparrow,gsparrowpz@pcworld.com,Male,156.41.255.37
937,Torrence,Wartonby,twartonbyq0@tamu.edu,Male,47.209.110.176
938,Emyle,Kinleyside,ekinleysideq1@sohu.com,Female,228.44.2.109
939,Garrott,Woolward,gwoolwardq2@baidu.com,Male,63.104.98.222
940,Matthias,Heijne,mheijneq3@scientificamerican.com,Male,254.72.2.35
941,Beilul,Wixey,bwixeyq4@bloglines.com,Female,157.252.232.98
942,Travis,Heskey,theskeyq5@army.mil,Male,102.3.74.91
943,Garrick,Pogue,gpogueq6@wikimedia.org,Male,187.87.240.149
944,Ardisj,Benoist,abenoistq7@paginegialle.it,Female,102.167.134.95
945,Deny,Lorinez,dlorinezq8@meetup.com,Female,218.162.120.174
946,Laird,Stobo,lstoboq9@networksolutions.com,Male,181.96.219.17
947,Deidre,Blazdell,dblazdellqa@fotki.com,Female,7.109.205.88
948,Marielle,Braidman,mbraidmanqb@harvard.edu,Female,203.1.78.150
949,Rory,Cubley,rcubleyqc@technorati.com,Female,227.230.232.120
950,Blair,Silber,bsilberqd@sun.com,Female,146.158.32.76
951,Barton,Gehringer,bgehringerqe@loc.gov,Male,129.17.178.166
952,Fonsie,Crothers,fcrothersqf@edublogs.org,Male,243.169.70.161
953,Jocelyne,Fackney,jfackneyqg@scribd.com,Female,115.41.148.72
954,Salvador,Simoes,ssimoesqh@usda.gov,Male,228.105.106.153
955,Jeffry,Frowde,jfrowdeqi@dedecms.com,Genderfluid,225.56.164.162
956,Sven,Desquesnes,sdesquesnesqj@dedecms.com,Male,141.140.82.254
957,Kassey,Padson,kpadsonqk@wikipedia.org,Female,184.58.252.90
958,Nanni,Fincham,nfinchamql@posterous.com,Bigender,50.105.47.141
959,Marta,Heaker,mheakerqm@odnoklassniki.ru,Genderqueer,116.205.179.107
960,Lynnea,Towl,ltowlqn@xing.com,Female,121.180.149.79
961,Mackenzie,Upfold,mupfoldqo@usnews.com,Male,255.195.119.69
962,Kerry,Dorgon,kdorgonqp@newsvine.com,Male,198.69.127.5
963,Jeff,Girling,jgirlingqq@wisc.edu,Male,179.136.141.62
964,Duff,Upcott,dupcottqr@howstuffworks.com,Male,77.52.192.235
965,Ariel,Di Ruggero,adiruggeroqs@ycombinator.com,Bigender,188.123.38.63
966,Maureene,Vauter,mvauterqt@domainmarket.com,Female,146.83.48.248
967,Demetris,Lamputt,dlamputtqu@senate.gov,Male,27.46.235.68
968,Austine,Linde,alindeqv@sun.com,Female,154.1.72.50
969,Glynis,Medling,gmedlingqw@independent.co.uk,Female,160.75.32.7
970,Bonnie,Sertin,bsertinqx@cmu.edu,Female,217.75.202.187
971,Shurlocke,Caig,scaigqy@blog.com,Male,82.46.49.21
972,Carmine,Finnick,cfinnickqz@upenn.edu,Male,31.117.122.215
973,Trish,Brigg,tbriggr0@sourceforge.net,Female,173.95.139.126
974,Matti,Thormann,mthormannr1@over-blog.com,Female,15.7.180.17
975,Barri,Rawnsley,brawnsleyr2@sbwire.com,Male,162.170.33.39
976,Benito,Persehouse,bpersehouser3@chron.com,Male,28.55.255.185
977,Norbert,Pughe,npugher4@bravesites.com,Male,15.103.129.180
978,Simmonds,Adamovicz,sadamoviczr5@phoca.cz,Non-binary,40.26.42.56
979,Lusa,Huck,lhuckr6@cmu.edu,Female,23.8.152.28
980,Stephanus,Worsfield,sworsfieldr7@addthis.com,Male,50.139.40.40
981,Tracy,Mellenby,tmellenbyr8@naver.com,Female,63.76.58.164
982,Rosaline,Acres,racresr9@wiley.com,Genderfluid,102.84.105.101
983,Barret,McLardie,bmclardiera@gov.uk,Male,194.35.117.194
984,Gwenni,Irvin,girvinrb@mlb.com,Female,28.206.133.253
985,Roddie,Gidley,rgidleyrc@stanford.edu,Male,230.126.224.49
986,Antons,Spight,aspightrd@goo.ne.jp,Male,111.65.129.191
987,Farr,Keirle,fkeirlere@cargocollective.com,Male,214.63.185.24
988,Marty,Baxstar,mbaxstarrf@mlb.com,Female,196.83.4.109
989,Gil,Randerson,grandersonrg@mozilla.com,Male,137.85.167.131
990,Kati,Slatcher,kslatcherrh@creativecommons.org,Female,30.161.254.200
991,Petronella,Baitey,pbaiteyri@squarespace.com,Female,20.27.238.204
992,Neysa,Gellier,ngellierrj@ca.gov,Agender,106.93.159.127
993,Rufus,Fortnum,rfortnumrk@bloglines.com,Genderqueer,199.38.134.209
994,Tadd,Overal,toveralrl@hibu.com,Male,200.251.65.71
995,Moshe,Circuitt,mcircuittrm@mozilla.com,Male,61.163.72.109
996,Kyle,Vellacott,kvellacottrn@arizona.edu,Male,141.182.25.125
997,Rowena,Lumsdale,rlumsdalero@weather.com,Female,136.108.236.177
998,Merill,Von Hindenburg,mvonhindenburgrp@engadget.com,Polygender,109.120.218.94
999,Amory,Debold,adeboldrq@yandex.ru,Male,169.56.5.135
1000,Betty,Bunker,bbunkerrr@sun.com,Female,75.162.63.32
