id,first_name,last_name,email,gender,ip_address
1,Doralyn,Higbin,dhigbin0@squarespace.com,Female,206.94.34.158
2,Drugi,Hartness,dhartness1@nydailynews.com,Male,2.69.237.157
3,Jamison,Sudlow,jsudlow2@marketwatch.com,Male,16.134.241.27
4,Dorolisa,Fysh,dfysh3@de.vu,Female,218.14.82.114
5,Philipa,Letts,pletts4@adobe.com,Female,102.152.31.99
6,Portia,Woloschin,pwoloschin5@hatena.ne.jp,Female,52.123.231.38
7,Berke,Larwell,blarwell6@shop-pro.jp,Male,10.144.39.115
8,Javier,Steuhlmeyer,jsteuhlmeyer7@rakuten.co.jp,Male,44.153.178.127
9,Gizela,Matthiesen,gmatthiesen8@marketwatch.com,Polygender,191.227.8.124
10,Chickie,Nock,cnock9@people.com.cn,Male,68.255.50.243
11,Oralla,Skinn,oskinna@scribd.com,Genderqueer,147.154.180.230
12,Nicki,Daily,ndailyb@accuweather.com,Female,189.131.47.173
13,Derick,Walisiak,dwalisiakc@devhub.com,Male,172.1.160.138
14,Guillemette,Neicho,gneichod@umich.edu,Female,45.159.144.197
15,Aggi,Sealand,asealande@discuz.net,Female,141.205.17.86
16,Trevor,Pickaver,tpickaverf@google.com.au,Male,59.160.43.127
17,Gabriele,Corris,gcorrisg@cornell.edu,Male,84.147.227.58
18,Dinny,Cheak,dcheakh@va.gov,Female,240.250.17.22
19,Heinrick,Croshaw,hcroshawi@is.gd,Male,254.67.35.153
20,Andeee,Fennessy,afennessyj@abc.net.au,Female,152.163.66.210
21,Scarlett,Iacofo,siacofok@slideshare.net,Female,248.195.92.250
22,Gareth,Duffet,gduffetl@amazon.com,Male,106.54.95.216
23,Antonius,Crosher,acrosherm@noaa.gov,Male,211.190.241.87
24,Arleen,Spiby,aspibyn@xing.com,Genderqueer,57.225.205.210
25,Amble,Kubalek,akubaleko@cbslocal.com,Male,89.199.97.220
26,Viv,Lant,vlantp@wiley.com,Female,77.241.49.14
27,Wynnie,Gatrell,wgatrellq@hexun.com,Female,43.219.36.151
28,Florrie,Itzkovsky,fitzkovskyr@surveymonkey.com,Female,8.67.0.206
29,Frank,Rosekilly,frosekillys@dropbox.com,Male,128.209.243.112
30,Liana,MacElroy,lmacelroyt@squarespace.com,Female,160.8.241.60
31,Milty,Malia,mmaliau@clickbank.net,Male,198.141.173.23
32,Lamond,Delhay,ldelhayv@trellian.com,Male,157.135.126.119
33,Carroll,Grace,cgracew@ebay.com,Male,63.107.249.57
34,Martie,Toffano,mtoffanox@ucla.edu,Female,237.83.154.235
35,Ferdinanda,Tankard,ftankardy@qq.com,Female,84.251.203.168
36,Gerik,Raoult,graoultz@japanpost.jp,Male,132.33.32.75
37,Shane,Grigorio,sgrigorio10@yolasite.com,Female,243.56.61.30
38,Gage,Lycett,glycett11@icio.us,Male,79.246.228.1
39,Joan,Bodocs,jbodocs12@ft.com,Female,109.184.196.218
40,Morten,Saenz,msaenz13@seattletimes.com,Male,143.184.221.214
41,Penelope,O'Lennane,polennane14@opensource.org,Female,204.193.107.180
42,Dulsea,Bricksey,dbricksey15@rambler.ru,Female,211.44.195.95
43,Laughton,Tithecott,ltithecott16@privacy.gov.au,Male,114.159.1.196
44,Prinz,Merlin,pmerlin17@dot.gov,Male,167.186.150.124
45,Emily,Emmott,eemmott18@tiny.cc,Female,209.120.238.133
46,Levy,Lummis,llummis19@drupal.org,Male,224.62.156.242
47,Kurtis,Wanklyn,kwanklyn1a@rambler.ru,Male,192.28.8.237
48,Ophelie,Garroway,ogarroway1b@zimbio.com,Female,144.135.87.79
49,Morgan,Sharer,msharer1c@last.fm,Female,175.165.122.15
50,Jelene,Gun,jgun1d@statcounter.com,Female,45.181.245.126
51,Cassy,Akhurst,cakhurst1e@amazonaws.com,Female,211.100.136.195
52,Linn,Cantillon,lcantillon1f@linkedin.com,Female,71.196.234.104
53,Darbee,Faussett,dfaussett1g@dailymail.co.uk,Male,65.182.17.110
54,Madelyn,Eggers,meggers1h@about.com,Female,248.255.237.148
55,Curr,Laroze,claroze1i@walmart.com,Male,202.223.128.247
56,Corrianne,Applegate,capplegate1j@spotify.com,Female,200.136.82.69
57,Serene,Espadero,sespadero1k@creativecommons.org,Female,201.80.113.236
58,Guillema,Jacob,gjacob1l@woothemes.com,Female,250.124.26.196
59,Maxi,Prise,mprise1m@freewebs.com,Female,106.83.242.139
60,Reynold,Endacott,rendacott1n@google.com.au,Male,218.53.29.134
61,Maegan,Turpey,mturpey1o@ed.gov,Female,227.96.32.125
62,Seana,Iwanowski,siwanowski1p@bloglines.com,Female,42.107.21.22
63,Lawrence,Davitt,ldavitt1q@mapquest.com,Male,214.118.53.67
64,Joann,Minchinden,jminchinden1r@vistaprint.com,Female,144.108.246.9
65,Murielle,Spadollini,mspadollini1s@washington.edu,Female,220.192.108.115
66,Stu,Garlic,sgarlic1t@pinterest.com,Male,12.184.44.242
67,Hazel,Decourt,hdecourt1u@webnode.com,Male,33.199.25.235
68,Mattie,Ottiwill,mottiwill1v@sphinn.com,Male,239.139.36.73
69,Charline,McMurdo,cmcmurdo1w@alexa.com,Female,187.135.62.99
70,Happy,Cotterrill,hcotterrill1x@opensource.org,Female,74.54.103.40
71,Matteo,Callendar,mcallendar1y@house.gov,Male,69.140.199.89
72,Anabella,Jeckells,ajeckells1z@miitbeian.gov.cn,Female,233.26.238.133
73,Say,Perrottet,sperrottet20@jigsy.com,Male,9.67.223.55
74,Dermot,Bissatt,dbissatt21@cnet.com,Male,190.24.198.247
75,Delmer,Roony,droony22@wsj.com,Male,230.138.164.222
76,Dominik,Greswell,dgreswell23@europa.eu,Male,124.184.206.246
77,Sander,Hynam,shynam24@cnbc.com,Male,185.146.195.126
78,Brandea,Fillimore,bfillimore25@unblog.fr,Female,42.233.179.156
79,Ryley,Kedge,rkedge26@qq.com,Male,8.24.110.201
80,Gaylord,Morrissey,gmorrissey27@ucsd.edu,Male,208.202.11.168
81,Farand,Dunthorne,fdunthorne28@auda.org.au,Female,179.202.29.89
82,Symon,Buglar,sbuglar29@wiley.com,Male,45.160.203.201
83,Ddene,McClosh,dmcclosh2a@myspace.com,Female,120.192.195.246
84,Jazmin,Ettritch,jettritch2b@wikipedia.org,Female,68.137.28.193
85,Haskel,Wilce,hwilce2c@purevolume.com,Male,215.36.44.106
86,Dag,Wynne,dwynne2d@apple.com,Male,241.205.148.30
87,Anastassia,Heditch,aheditch2e@discovery.com,Female,104.124.62.178
88,Marcus,Bretton,mbretton2f@homestead.com,Male,218.33.186.213
89,Jarvis,Messham,jmessham2g@dagondesign.com,Male,101.122.116.69
90,Brigit,Rattery,brattery2h@google.es,Non-binary,211.130.103.48
91,Fraser,MacDavitt,fmacdavitt2i@sogou.com,Male,90.11.215.155
92,Gideon,Kibble,gkibble2j@bizjournals.com,Male,74.53.177.125
93,Jena,Blackway,jblackway2k@archive.org,Female,28.39.197.60
94,Renelle,Dadge,rdadge2l@cbsnews.com,Female,135.104.35.192
95,Fidole,Wallenger,fwallenger2m@imageshack.us,Male,167.152.41.47
96,Lonnie,Andersen,landersen2n@typepad.com,Male,224.239.238.222
97,Ichabod,Atkirk,iatkirk2o@rediff.com,Male,47.196.0.170
98,Shandeigh,Canwell,scanwell2p@samsung.com,Female,61.19.252.99
99,Idalina,Praundl,ipraundl2q@amazon.co.uk,Genderfluid,20.54.231.192
100,Kalil,Sicha,ksicha2r@wikia.com,Male,144.40.140.188
101,Grantley,Gurley,ggurley2s@unicef.org,Male,100.205.63.192
102,Herrick,Lyffe,hlyffe2t@ucla.edu,Male,253.218.253.140
103,Cyrus,Gentner,cgentner2u@craigslist.org,Male,239.169.8.56
104,Doug,Gillyett,dgillyett2v@zimbio.com,Male,212.31.82.227
105,Bondy,Ferreo,bferreo2w@reference.com,Male,123.55.93.218
106,Cyndie,Chamley,cchamley2x@indiegogo.com,Female,188.68.62.75
107,Dion,Gain,dgain2y@issuu.com,Male,220.186.135.50
108,Norean,Snook,nsnook2z@huffingtonpost.com,Female,164.167.104.17
109,Glyn,Gyenes,ggyenes30@cdc.gov,Male,139.138.111.0
110,Baird,Halpine,bhalpine31@jigsy.com,Male,44.40.23.245
111,Peder,Maleney,pmaleney32@ca.gov,Male,23.192.180.199
112,Gregorius,Wessing,gwessing33@yale.edu,Male,226.41.187.113
113,Tiebold,Bustard,tbustard34@msn.com,Polygender,212.216.109.67
114,Walsh,Tanton,wtanton35@omniture.com,Male,254.90.128.155
115,Brod,Milstead,bmilstead36@mozilla.org,Male,195.239.143.156
116,Adrian,Nudds,anudds37@pinterest.com,Female,104.94.87.100
117,Banky,Grills,bgrills38@businesswire.com,Male,242.59.79.197
118,Kellyann,Rutigliano,krutigliano39@chicagotribune.com,Female,12.52.31.114
119,Bernette,Dearn,bdearn3a@mapquest.com,Female,69.233.114.240
120,Nichole,Glasheen,nglasheen3b@about.com,Male,108.64.166.213
121,Belvia,Vaughten,bvaughten3c@businesswire.com,Female,179.215.70.43
122,Tallia,Klimp,tklimp3d@cdc.gov,Female,149.89.5.135
123,Berty,Camings,bcamings3e@epa.gov,Male,238.191.219.94
124,Jamima,Jedrachowicz,jjedrachowicz3f@friendfeed.com,Female,223.147.240.145
125,Ellery,Mapam,emapam3g@webeden.co.uk,Male,79.22.101.203
126,Merry,Schneidar,mschneidar3h@com.com,Male,222.6.197.41
127,Bell,Keays,bkeays3i@dropbox.com,Female,166.251.197.222
128,Sada,O'Haire,sohaire3j@mapy.cz,Female,120.105.76.190
129,Wally,Roughey,wroughey3k@goodreads.com,Female,148.86.85.251
130,Aurlie,Greber,agreber3l@forbes.com,Female,252.29.36.7
131,Aube,Calwell,acalwell3m@photobucket.com,Male,97.244.135.166
132,Hamish,Glencross,hglencross3n@va.gov,Male,47.117.25.14
133,Haydon,Illesley,hillesley3o@discovery.com,Male,111.31.106.37
134,Bartholomew,Olland,bolland3p@amazon.co.uk,Male,201.176.70.103
135,Dora,McClory,dmcclory3q@cmu.edu,Female,46.27.170.211
136,Titos,Harrop,tharrop3r@addtoany.com,Male,93.130.198.93
137,Irma,Curneen,icurneen3s@mozilla.com,Female,44.23.105.224
138,Sallee,Castle,scastle3t@toplist.cz,Bigender,168.172.219.104
139,Nananne,De Laspee,ndelaspee3u@prlog.org,Female,251.0.107.242
140,Jemie,Marquez,jmarquez3v@booking.com,Female,219.59.194.254
141,Lorna,Dadd,ldadd3w@sfgate.com,Female,224.27.186.66
142,Fiona,Duce,fduce3x@prweb.com,Female,56.103.164.57
143,Faulkner,Haslegrave,fhaslegrave3y@aboutads.info,Male,166.209.219.208
144,Guenna,Bartozzi,gbartozzi3z@tumblr.com,Female,75.210.108.161
145,Ignace,Fitzjohn,ifitzjohn40@prlog.org,Bigender,198.118.119.39
146,Andree,Justham,ajustham41@mediafire.com,Female,91.100.233.158
147,Zebedee,Gladden,zgladden42@bloomberg.com,Male,94.31.219.95
148,Florette,Detloff,fdetloff43@bbb.org,Female,216.172.209.138
149,Julietta,Fairholme,jfairholme44@ning.com,Genderqueer,204.67.53.76
150,Coop,Dennes,cdennes45@bigcartel.com,Male,242.93.252.169
151,Fayth,Wain,fwain46@eventbrite.com,Female,93.73.156.188
152,Kaitlyn,Olman,kolman47@xinhuanet.com,Female,236.115.101.79
153,Sargent,Foxten,sfoxten48@scientificamerican.com,Male,246.92.230.144
154,Gale,Fernley,gfernley49@ft.com,Female,112.175.181.136
155,Darelle,Olney,dolney4a@histats.com,Genderfluid,120.10.228.154
156,Milty,Millott,mmillott4b@merriam-webster.com,Male,179.206.5.221
157,Angele,Mapledoore,amapledoore4c@npr.org,Female,165.123.218.232
158,Shanon,O'Lunney,solunney4d@typepad.com,Female,29.151.222.94
159,Gwenore,Geikie,ggeikie4e@sfgate.com,Female,52.187.132.0
160,Cornell,Marzelo,cmarzelo4f@nih.gov,Male,165.12.14.76
161,Bordie,Rosekilly,brosekilly4g@slate.com,Male,73.233.38.49
162,Burnard,Macourek,bmacourek4h@wp.com,Male,67.86.103.116
163,Jillian,Chadwen,jchadwen4i@t.co,Female,60.247.38.244
164,Dinny,Gaspero,dgaspero4j@sphinn.com,Female,227.242.103.212
165,Barton,Cawsy,bcawsy4k@cbc.ca,Male,7.124.105.140
166,Zebedee,Delgado,zdelgado4l@toplist.cz,Male,240.73.32.129
167,Anastassia,Waitland,awaitland4m@biglobe.ne.jp,Female,0.242.35.227
168,Wallis,Taill,wtaill4n@yolasite.com,Male,81.247.184.161
169,Dee,Daoust,ddaoust4o@qq.com,Female,44.22.51.3
170,Rolf,Callendar,rcallendar4p@geocities.jp,Male,145.197.231.144
171,Jephthah,Brocklehurst,jbrocklehurst4q@123-reg.co.uk,Male,139.223.72.85
172,Aaren,Phizacklea,aphizacklea4r@nymag.com,Female,209.74.142.4
173,Wilfrid,Frayn,wfrayn4s@networksolutions.com,Non-binary,209.138.203.34
174,Efren,Kayzer,ekayzer4t@elegantthemes.com,Male,156.109.136.72
175,Barnebas,Ronisch,bronisch4u@networksolutions.com,Male,246.127.244.33
176,Carmen,Jentges,cjentges4v@kickstarter.com,Female,251.146.183.201
177,Allie,Vaud,avaud4w@studiopress.com,Female,162.244.240.206
178,Sibylla,Fritter,sfritter4x@spiegel.de,Female,182.180.112.217
179,Chelsy,Heady,cheady4y@wunderground.com,Female,4.78.251.213
180,Nicolina,Local,nlocal4z@ft.com,Female,17.216.183.87
181,Art,McReedy,amcreedy50@forbes.com,Male,8.157.128.164
182,Roobbie,Dymocke,rdymocke51@privacy.gov.au,Non-binary,30.24.226.48
183,Lisetta,Lavelle,llavelle52@msu.edu,Female,67.162.44.96
184,Kellyann,Treneman,ktreneman53@nsw.gov.au,Female,194.139.226.39
185,Kippie,Helix,khelix54@google.co.jp,Female,67.30.228.218
186,Evangeline,Gutherson,egutherson55@unblog.fr,Female,98.209.189.7
187,Enid,Gwyther,egwyther56@mediafire.com,Female,141.104.234.52
188,Bren,Pistol,bpistol57@statcounter.com,Female,122.200.72.39
189,Melessa,Wimms,mwimms58@gov.uk,Female,140.103.173.58
190,Kristyn,Hayley,khayley59@yahoo.com,Female,201.197.60.29
191,Stephen,Doswell,sdoswell5a@cyberchimps.com,Male,227.102.177.166
192,Bili,Sebright,bsebright5b@oakley.com,Female,47.154.216.75
193,Linda,Durtnall,ldurtnall5c@oracle.com,Female,143.24.170.173
194,Hasheem,Godbald,hgodbald5d@wikimedia.org,Male,145.13.198.223
195,Meaghan,Saenz,msaenz5e@mediafire.com,Female,53.125.162.162
196,Anthony,Vasyagin,avasyagin5f@typepad.com,Male,254.190.50.230
197,Elmore,Nolot,enolot5g@so-net.ne.jp,Male,239.231.104.219
198,Cris,Depka,cdepka5h@php.net,Female,109.215.143.51
199,Andria,Dufty,adufty5i@accuweather.com,Female,94.136.165.16
200,Junia,Menaul,jmenaul5j@wsj.com,Female,100.7.187.50
201,Alfy,Talkington,atalkington5k@slideshare.net,Male,99.167.36.131
202,Tressa,Maggill'Andreis,tmaggillandreis5l@vistaprint.com,Female,245.142.102.164
203,Inesita,Standish,istandish5m@moonfruit.com,Bigender,141.105.209.232
204,Maggee,Robotham,mrobotham5n@umn.edu,Female,126.162.152.7
205,Ewen,Mulqueen,emulqueen5o@imageshack.us,Male,108.120.119.8
206,Elbertina,Jakeway,ejakeway5p@yandex.ru,Female,37.86.29.101
207,Eziechiele,Trower,etrower5q@skype.com,Male,138.234.30.214
208,Jeffy,Dalgarnowch,jdalgarnowch5r@ihg.com,Male,179.115.72.63
209,Merrel,Farley,mfarley5s@sina.com.cn,Male,40.38.175.120
210,Adelaida,Cullinan,acullinan5t@themeforest.net,Female,24.239.241.147
211,Ken,Mantz,kmantz5u@reddit.com,Polygender,115.172.91.93
212,Guthrey,Pickering,gpickering5v@pcworld.com,Genderqueer,29.157.97.150
213,Sibley,Battrick,sbattrick5w@redcross.org,Female,230.20.175.153
214,Penny,Challace,pchallace5x@oracle.com,Female,172.229.52.170
215,Agata,Gallelli,agallelli5y@google.co.jp,Female,20.137.188.82
216,Shannan,Fontell,sfontell5z@dmoz.org,Male,105.55.163.178
217,Dyanna,Bastard,dbastard60@epa.gov,Female,29.219.24.81
218,Jayne,Berfoot,jberfoot61@mit.edu,Female,155.192.189.88
219,Renell,Garrettson,rgarrettson62@economist.com,Female,144.232.153.40
220,Briggs,McKinless,bmckinless63@deliciousdays.com,Male,144.15.14.34
221,Kelwin,Loughead,kloughead64@jiathis.com,Male,76.91.143.156
222,Broddy,Cossans,bcossans65@163.com,Male,78.89.235.177
223,Mirelle,Hainsworth,mhainsworth66@unblog.fr,Female,248.58.201.239
224,Lethia,Hildrew,lhildrew67@wikia.com,Non-binary,235.26.62.81
225,Ricoriki,Shaefer,rshaefer68@quantcast.com,Male,144.238.32.17
226,Megen,Duggary,mduggary69@xinhuanet.com,Female,124.195.200.215
227,Cami,Vidgeon,cvidgeon6a@usgs.gov,Female,75.245.40.144
228,Nickie,Secret,nsecret6b@forbes.com,Female,114.188.155.230
229,Kaspar,Slesser,kslesser6c@wsj.com,Polygender,116.48.243.62
230,Simonette,D'Emanuele,sdemanuele6d@sitemeter.com,Female,104.19.41.224
231,Marjy,Pittway,mpittway6e@bbc.co.uk,Female,90.17.141.31
232,Andros,Whitefoot,awhitefoot6f@pbs.org,Male,14.157.171.70
233,Carmencita,Lowdham,clowdham6g@paginegialle.it,Female,57.17.33.137
234,Graig,Drysdall,gdrysdall6h@tmall.com,Male,135.147.4.25
235,Sheri,Sandom,ssandom6i@barnesandnoble.com,Female,166.115.191.204
236,Teodora,Sommerled,tsommerled6j@home.pl,Female,32.90.240.60
237,Abram,Rathborne,arathborne6k@liveinternet.ru,Male,71.178.206.183
238,Adolph,Oxnam,aoxnam6l@comsenz.com,Male,54.12.170.27
239,Quinn,Rousby,qrousby6m@surveymonkey.com,Male,12.148.130.149
240,Huntlee,Lilburn,hlilburn6n@netscape.com,Male,131.177.94.93
241,Sayers,Verick,sverick6o@stumbleupon.com,Male,242.83.36.140
242,Kore,Gaitone,kgaitone6p@cdc.gov,Female,126.222.83.147
243,Bennie,Arling,barling6q@wordpress.com,Male,31.127.183.211
244,Mallory,Burds,mburds6r@free.fr,Male,31.143.130.25
245,Rog,Chucks,rchucks6s@va.gov,Male,135.15.28.39
246,Elnore,Gilstin,egilstin6t@ask.com,Female,163.190.157.159
247,Sheela,Garretson,sgarretson6u@51.la,Female,130.31.162.156
248,Val,Lathleiff,vlathleiff6v@hostgator.com,Male,124.107.154.102
249,See,Rolland,srolland6w@omniture.com,Male,75.118.157.192
250,Gordie,McElane,gmcelane6x@skype.com,Agender,41.248.72.26
251,Agace,Deason,adeason6y@ow.ly,Female,173.236.198.210
252,Annmarie,Emptage,aemptage6z@howstuffworks.com,Genderfluid,223.90.95.38
253,Drusie,Singleton,dsingleton70@ucla.edu,Female,254.81.221.225
254,Ker,Bolam,kbolam71@ca.gov,Male,37.12.34.192
255,Gwennie,Venditto,gvenditto72@skype.com,Female,139.170.121.47
256,Bald,Speere,bspeere73@last.fm,Male,90.178.50.108
257,Nealy,Coleridge,ncoleridge74@ed.gov,Male,193.161.7.193
258,Tobe,Ferruzzi,tferruzzi75@comsenz.com,Male,184.51.208.245
259,Staci,Keyes,skeyes76@google.com.br,Female,222.159.33.102
260,Marji,Draaisma,mdraaisma77@jalbum.net,Female,40.76.127.110
261,Lenka,Wheowall,lwheowall78@t.co,Female,247.244.207.235
262,Kerrill,Scarlet,kscarlet79@facebook.com,Female,240.246.239.138
263,Waverly,Ellingsworth,wellingsworth7a@opensource.org,Male,147.98.88.119
264,Bruis,Brothers,bbrothers7b@dagondesign.com,Male,155.5.226.54
265,Zorah,Reisenstein,zreisenstein7c@hatena.ne.jp,Female,177.71.56.124
266,Maye,Willbourne,mwillbourne7d@wiley.com,Female,158.204.124.17
267,Claudie,Pleace,cpleace7e@sitemeter.com,Female,139.62.77.226
268,Hunter,Spaducci,hspaducci7f@google.cn,Male,138.41.120.237
269,Valina,Pastor,vpastor7g@weibo.com,Female,207.145.213.39
270,Lauri,Guillard,lguillard7h@shutterfly.com,Female,138.225.147.32
271,Annecorinne,Bartholat,abartholat7i@bluehost.com,Female,9.253.219.237
272,Danie,Ruberti,druberti7j@va.gov,Male,152.147.192.208
273,Job,Raymen,jraymen7k@sitemeter.com,Male,229.154.91.86
274,Cammie,Grinishin,cgrinishin7l@tripadvisor.com,Female,156.39.251.41
275,Mame,Trebbett,mtrebbett7m@wikia.com,Female,245.236.239.189
276,Pattie,Ply,pply7n@trellian.com,Male,17.212.20.50
277,Sterling,Coen,scoen7o@oracle.com,Male,122.223.110.7
278,Roxanna,Shee,rshee7p@umn.edu,Female,136.63.135.229
279,Cassie,Maypowder,cmaypowder7q@ebay.co.uk,Male,68.221.75.58
280,Cindelyn,Everard,ceverard7r@blogger.com,Female,53.219.169.201
281,Hubie,Ruddiman,hruddiman7s@unc.edu,Male,146.45.215.14
282,Norby,Playhill,nplayhill7t@mapquest.com,Male,86.33.234.39
283,Cyrillus,Riddett,criddett7u@google.ca,Agender,93.68.127.121
284,Mikey,Robley,mrobley7v@columbia.edu,Male,192.59.56.126
285,Willy,McGiveen,wmcgiveen7w@parallels.com,Male,219.153.224.5
286,Rolland,Kitchingham,rkitchingham7x@webnode.com,Male,123.22.116.246
287,Caressa,Prinne,cprinne7y@drupal.org,Bigender,208.203.61.16
288,Audi,Villa,avilla7z@cmu.edu,Female,251.40.221.252
289,Sonny,Dykes,sdykes80@mit.edu,Female,221.81.19.163
290,Mina,McCullouch,mmccullouch81@altervista.org,Genderfluid,136.112.74.145
291,Lyn,Strike,lstrike82@disqus.com,Male,61.238.230.69
292,Bevan,Woolner,bwoolner83@icio.us,Male,231.217.4.83
293,Al,Maruska,amaruska84@rediff.com,Male,251.86.251.132
294,Edvard,Dumbare,edumbare85@nbcnews.com,Male,62.235.65.194
295,Rabi,Acklands,racklands86@paypal.com,Polygender,156.175.56.97
296,Phebe,Stachini,pstachini87@comcast.net,Bigender,155.129.197.215
297,Angie,Elster,aelster88@sciencedirect.com,Female,126.220.105.19
298,Kai,Feasey,kfeasey89@newyorker.com,Female,134.198.229.110
299,Merry,Widdocks,mwiddocks8a@jigsy.com,Female,235.161.252.233
300,Aubert,Morican,amorican8b@issuu.com,Male,192.7.97.66
301,Araldo,Badrick,abadrick8c@imdb.com,Male,223.58.226.32
302,Ettie,Vokins,evokins8d@aboutads.info,Female,114.106.82.237
303,Renado,Minton,rminton8e@blogger.com,Male,76.63.179.73
304,Antoinette,Meuse,ameuse8f@typepad.com,Agender,14.106.184.91
305,Morgen,Hubball,mhubball8g@ed.gov,Male,77.195.147.205
306,Roseanna,Peniman,rpeniman8h@tripadvisor.com,Female,9.29.169.107
307,Elisha,Lahrs,elahrs8i@weebly.com,Male,37.23.133.250
308,Judah,Sheppey,jsheppey8j@meetup.com,Male,207.59.75.166
309,Arabele,Lentsch,alentsch8k@unblog.fr,Female,61.209.148.178
310,Lauree,Tomney,ltomney8l@behance.net,Female,153.253.225.138
311,Tudor,Pilling,tpilling8m@wordpress.org,Male,173.55.39.112
312,Brandon,Pinwell,bpinwell8n@cocolog-nifty.com,Male,11.25.10.215
313,Alister,Covington,acovington8o@elpais.com,Male,72.250.155.56
314,Zenia,Darth,zdarth8p@theglobeandmail.com,Female,221.227.128.149
315,Allegra,Pennacci,apennacci8q@marketwatch.com,Female,61.213.138.247
316,Melania,Sims,msims8r@gov.uk,Female,67.183.190.104
317,Ginger,Daintry,gdaintry8s@chicagotribune.com,Male,228.173.142.193
318,Jazmin,Douthwaite,jdouthwaite8t@samsung.com,Female,118.112.118.16
319,Titus,Camden,tcamden8u@goo.gl,Male,86.167.9.177
320,Bonnee,Jillett,bjillett8v@prweb.com,Female,164.73.153.105
321,Freedman,Hansman,fhansman8w@apple.com,Male,162.133.33.32
322,Finlay,Drake,fdrake8x@ustream.tv,Male,124.149.145.255
323,Lara,Piet,lpiet8y@1und1.de,Polygender,123.50.241.76
324,Louise,Gabbatt,lgabbatt8z@dyndns.org,Female,147.144.92.245
325,Gavin,Coram,gcoram90@timesonline.co.uk,Male,178.163.41.34
326,Sonnie,Suggate,ssuggate91@reuters.com,Male,45.181.62.74
327,Lurette,Hamstead,lhamstead92@si.edu,Female,87.175.1.189
328,Ripley,Fawkes,rfawkes93@businesswire.com,Male,99.9.253.189
329,Culver,Rowth,crowth94@sogou.com,Agender,57.232.10.15
330,Martica,Glason,mglason95@moonfruit.com,Non-binary,231.213.143.225
331,Gale,Clawe,gclawe96@seattletimes.com,Female,177.107.45.230
332,Marijn,Tiesman,mtiesman97@samsung.com,Male,9.80.36.234
333,Ase,Rissom,arissom98@noaa.gov,Male,183.135.242.250
334,Valaria,Claussen,vclaussen99@businessinsider.com,Female,30.205.179.103
335,Jakie,Guarnier,jguarnier9a@1688.com,Male,183.35.176.108
336,Gabriele,Taffley,gtaffley9b@over-blog.com,Male,7.100.216.230
337,Clare,D'Ambrogi,cdambrogi9c@ox.ac.uk,Male,246.163.232.234
338,Corey,Chrippes,cchrippes9d@google.ca,Male,240.156.163.80
339,Con,Baldery,cbaldery9e@csmonitor.com,Male,227.217.204.173
340,Emera,Duffil,eduffil9f@51.la,Female,13.95.120.0
341,Teddi,Falloon,tfalloon9g@cisco.com,Polygender,19.149.217.149
342,Eugenio,Parnell,eparnell9h@dot.gov,Male,79.8.205.94
343,Mollee,Sextone,msextone9i@51.la,Female,182.194.140.119
344,Dov,Shutt,dshutt9j@disqus.com,Genderfluid,94.182.84.92
345,Dareen,Cantrill,dcantrill9k@bloomberg.com,Female,79.112.81.130
346,Budd,Burrett,bburrett9l@bluehost.com,Male,186.52.66.34
347,Dani,Spore,dspore9m@comsenz.com,Male,133.205.189.83
348,Tish,Leeman,tleeman9n@macromedia.com,Female,184.139.164.144
349,Griz,Biddleston,gbiddleston9o@github.com,Male,32.217.51.131
350,Joshuah,Balfe,jbalfe9p@icq.com,Male,23.210.142.89
351,Lilla,Briars,lbriars9q@wikimedia.org,Genderqueer,73.158.250.218
352,Archie,Frostdicke,afrostdicke9r@opera.com,Male,132.67.131.121
353,Otto,Morman,omorman9s@java.com,Male,33.48.162.120
354,Brook,Wallwood,bwallwood9t@foxnews.com,Female,113.204.5.233
355,Isaak,Gioan,igioan9u@sbwire.com,Bigender,173.123.119.26
356,Charmine,Boribal,cboribal9v@about.me,Female,219.194.160.12
357,Adiana,Northeast,anortheast9w@wix.com,Agender,73.199.174.71
358,Ewen,Zettler,ezettler9x@spiegel.de,Male,11.62.214.206
359,Corby,Gaukrodge,cgaukrodge9y@over-blog.com,Male,131.10.125.141
360,Obediah,Gioan,ogioan9z@ameblo.jp,Male,118.27.131.153
361,Casper,Stainton,cstaintona0@buzzfeed.com,Male,197.15.18.173
362,Sloan,Steynor,ssteynora1@sbwire.com,Male,57.76.241.139
363,Shelley,Cisneros,scisnerosa2@admin.ch,Male,77.104.66.179
364,Tobey,Mainstone,tmainstonea3@photobucket.com,Female,234.20.148.76
365,Darcy,Broadhead,dbroadheada4@businesswire.com,Male,184.59.133.152
366,Demetra,Lasselle,dlassellea5@ca.gov,Genderqueer,164.75.234.132
367,Dickie,Letford,dletforda6@mysql.com,Male,220.142.87.94
368,Adella,Whayman,awhaymana7@dailymotion.com,Agender,205.17.148.152
369,Elinore,Gibbings,egibbingsa8@com.com,Agender,4.121.67.30
370,Katherine,Longhirst,klonghirsta9@google.nl,Female,186.206.71.8
371,Gennie,Credland,gcredlandaa@cafepress.com,Female,39.194.219.33
372,Renado,Surgison,rsurgisonab@mozilla.com,Male,155.255.75.193
373,Bamby,Bouzek,bbouzekac@example.com,Female,239.222.55.42
374,Anallese,Merrydew,amerrydewad@altervista.org,Female,105.65.127.117
375,Dannel,Tampling,dtamplingae@unesco.org,Male,9.215.130.251
376,Ad,Cunradi,acunradiaf@fotki.com,Genderfluid,78.103.82.155
377,Jordana,Stookes,jstookesag@networksolutions.com,Female,183.85.188.151
378,Brod,Freed,bfreedah@cargocollective.com,Non-binary,91.53.107.147
379,Inigo,Swayland,iswaylandai@mysql.com,Male,199.132.19.27
380,Bessie,Aim,baimaj@adobe.com,Female,39.78.52.180
381,Kale,Matkin,kmatkinak@stumbleupon.com,Male,135.231.44.104
382,Marvin,Ferbrache,mferbracheal@wikipedia.org,Male,104.143.229.211
383,Mercie,Antoniades,mantoniadesam@sohu.com,Female,194.171.136.115
384,Zebedee,Sketcher,zsketcheran@hao123.com,Genderqueer,42.170.54.170
385,Gwenny,Gollop,ggollopao@1688.com,Female,35.113.178.217
386,Brose,Gostridge,bgostridgeap@utexas.edu,Male,6.42.32.164
387,Lane,Rablin,lrablinaq@netvibes.com,Female,91.17.137.217
388,Hana,Inkin,hinkinar@chicagotribune.com,Female,141.231.117.184
389,Alisander,Riddles,ariddlesas@cmu.edu,Male,194.155.221.28
390,Iain,Simioli,isimioliat@zimbio.com,Male,3.37.253.145
391,Julian,Crennell,jcrennellau@google.de,Male,156.148.101.93
392,Lorrayne,Rasmus,lrasmusav@dropbox.com,Female,3.72.205.144
393,Sebastien,Smalecombe,ssmalecombeaw@sogou.com,Male,139.175.91.189
394,Isaac,Toquet,itoquetax@jalbum.net,Male,251.194.18.142
395,Aleen,Wedgbrow,awedgbroway@vinaora.com,Female,1.119.21.201
396,Sebastiano,Crinion,scrinionaz@walmart.com,Male,26.114.78.123
397,Norman,Leefe,nleefeb0@163.com,Male,151.110.118.1
398,Christabella,Sneesbie,csneesbieb1@google.cn,Female,222.230.131.139
399,Erna,Dowrey,edowreyb2@blog.com,Female,65.43.161.142
400,Patrizius,Tohill,ptohillb3@vistaprint.com,Male,25.54.219.159
401,Merle,Pearde,mpeardeb4@businessweek.com,Male,8.130.134.89
402,Orlan,Castagne,ocastagneb5@howstuffworks.com,Male,193.38.3.219
403,Dieter,Mathivon,dmathivonb6@bing.com,Male,29.180.143.29
404,Ezechiel,Giacobbo,egiacobbob7@who.int,Male,133.152.240.5
405,Jaymie,Hainey`,jhaineyb8@hatena.ne.jp,Male,160.67.68.96
406,Sephira,Joscelyne,sjoscelyneb9@exblog.jp,Female,14.224.98.89
407,Gilemette,Ashley,gashleyba@reference.com,Female,151.54.188.116
408,Andi,Darco,adarcobb@shutterfly.com,Female,157.154.129.16
409,Baxter,Hudleston,bhudlestonbc@google.co.uk,Male,42.6.73.156
410,Byran,Longlands,blonglandsbd@europa.eu,Male,102.167.166.125
411,Jacquetta,Clouston,jcloustonbe@e-recht24.de,Female,27.26.217.247
412,Dene,Kincey,dkinceybf@wunderground.com,Male,136.216.103.88
413,Marrissa,Schulter,mschulterbg@blog.com,Female,253.25.56.191
414,Camey,Willstrop,cwillstropbh@si.edu,Male,103.101.20.30
415,Angil,Brangan,abranganbi@mapy.cz,Polygender,139.80.219.56
416,Justine,Sturt,jsturtbj@nasa.gov,Female,120.222.203.55
417,Sonny,Zanini,szaninibk@mapquest.com,Bigender,190.50.57.101
418,Nona,Rosa,nrosabl@soundcloud.com,Female,145.191.133.104
419,Kennith,Zannolli,kzannollibm@tuttocitta.it,Genderqueer,13.224.222.117
420,Aili,Theakston,atheakstonbn@ameblo.jp,Female,37.10.40.101
421,Munroe,Kubczak,mkubczakbo@cisco.com,Male,117.36.163.71
422,Kikelia,Loach,kloachbp@usatoday.com,Female,155.85.1.183
423,Nathaniel,Yitzovicz,nyitzoviczbq@springer.com,Male,125.109.14.62
424,Brynn,Polhill,bpolhillbr@loc.gov,Female,34.29.78.146
425,Robby,McRonald,rmcronaldbs@twitpic.com,Non-binary,28.2.78.194
426,Juline,Chawkley,jchawkleybt@gov.uk,Agender,190.209.90.188
427,Phyllida,Battleson,pbattlesonbu@gov.uk,Female,206.206.97.201
428,Orran,Poge,opogebv@dagondesign.com,Male,195.68.203.99
429,Rouvin,La Padula,rlapadulabw@jalbum.net,Male,7.205.206.43
430,Lizzy,Palfreyman,lpalfreymanbx@nba.com,Genderqueer,209.199.210.121
431,Aleta,Salzen,asalzenby@amazon.de,Female,10.23.23.183
432,Reinhold,Aldrick,raldrickbz@amazon.de,Male,153.112.89.179
433,Nancee,Keslake,nkeslakec0@artisteer.com,Female,255.127.68.247
434,Tally,Hubach,thubachc1@sina.com.cn,Male,159.248.235.218
435,Anderson,Bondy,abondyc2@tmall.com,Non-binary,66.67.173.92
436,Nat,Murrish,nmurrishc3@buzzfeed.com,Male,65.173.221.34
437,Sidnee,Pavlasek,spavlasekc4@gov.uk,Male,102.241.253.156
438,Theodoric,Every,teveryc5@youku.com,Male,197.128.168.231
439,Emlen,Kinman,ekinmanc6@wired.com,Male,96.230.250.185
440,Mendie,Zambon,mzambonc7@mail.ru,Male,100.243.96.33
441,Nora,Mc Comb,nmccombc8@sohu.com,Female,128.133.207.64
442,Alina,Rounding,aroundingc9@yahoo.co.jp,Female,86.243.38.52
443,Hailey,Corwin,hcorwinca@tinyurl.com,Male,216.196.53.88
444,Vaughn,McVeagh,vmcveaghcb@walmart.com,Male,7.34.251.35
445,Donny,Cordrey,dcordreycc@pinterest.com,Male,56.214.157.199
446,Lucita,Bedinham,lbedinhamcd@cmu.edu,Genderqueer,244.136.248.101
447,Evy,Battista,ebattistace@blog.com,Female,111.52.189.165
448,Ky,McNern,kmcnerncf@ow.ly,Male,136.163.231.199
449,Bernice,Ollie,bolliecg@who.int,Female,122.180.217.148
450,Cherlyn,Talks,ctalksch@wikipedia.org,Female,240.58.254.113
451,Wilbur,Szimon,wszimonci@de.vu,Male,40.233.139.60
452,Salmon,Hampson,shampsoncj@studiopress.com,Male,179.247.64.250
453,Merralee,Danihelka,mdanihelkack@livejournal.com,Female,171.46.123.126
454,Ephrem,Eakley,eeakleycl@behance.net,Male,167.254.183.90
455,Paquito,Shippam,pshippamcm@zdnet.com,Male,141.97.13.188
456,Opaline,Ambrogioni,oambrogionicn@moonfruit.com,Female,69.152.68.234
457,Brandise,Geindre,bgeindreco@cnn.com,Female,193.224.202.249
458,Nomi,Freund,nfreundcp@instagram.com,Female,33.91.146.116
459,Nichole,Douglas,ndouglascq@shinystat.com,Female,253.209.91.107
460,Yule,Fransman,yfransmancr@ed.gov,Male,167.142.72.168
461,Mona,Timmermann,mtimmermanncs@google.com,Female,169.65.211.208
462,Richart,Cleal,rclealct@mit.edu,Male,244.153.195.157
463,Riley,Haughian,rhaughiancu@about.com,Male,152.192.148.177
464,Stacy,Kuller,skullercv@instagram.com,Female,10.235.98.108
465,Jami,Castagneto,jcastagnetocw@liveinternet.ru,Female,95.166.185.41
466,Paulie,Ughelli,pughellicx@cbc.ca,Male,219.176.10.78
467,Ema,Pistol,epistolcy@zdnet.com,Female,37.20.115.136
468,Rory,Wakefield,rwakefieldcz@microsoft.com,Female,44.47.211.227
469,Sharity,Addinall,saddinalld0@admin.ch,Female,188.255.91.236
470,Dulcine,Pawfoot,dpawfootd1@nydailynews.com,Female,24.110.146.64
471,Petronella,Brayford,pbrayfordd2@amazon.com,Female,247.57.236.49
472,Cassy,Brydell,cbrydelld3@mysql.com,Female,237.14.75.94
473,Janot,Garmans,jgarmansd4@walmart.com,Female,177.250.251.77
474,Jobyna,Thorby,jthorbyd5@booking.com,Female,145.243.109.58
475,Edythe,Bringloe,ebringloed6@elpais.com,Genderfluid,65.234.233.236
476,Erich,Byrth,ebyrthd7@friendfeed.com,Male,111.29.70.137
477,Denise,Nezey,dnezeyd8@ehow.com,Female,131.11.0.136
478,Wilmar,Hearns,whearnsd9@livejournal.com,Male,158.144.252.53
479,Cindra,Campagne,ccampagneda@paypal.com,Female,239.154.103.8
480,Noam,Boteman,nbotemandb@ed.gov,Male,126.229.144.19
481,Englebert,Wagenen,ewagenendc@opensource.org,Male,233.144.129.128
482,Renell,Landells,rlandellsdd@discuz.net,Female,41.56.28.213
483,Sibel,Iorio,sioriode@studiopress.com,Female,86.48.51.152
484,Damita,Shingler,dshinglerdf@wunderground.com,Genderqueer,71.117.43.216
485,Ricard,Aiskrigg,raiskriggdg@homestead.com,Male,205.182.164.99
486,Floris,McGiffin,fmcgiffindh@google.it,Female,223.229.181.231
487,Erie,Ilott,eilottdi@drupal.org,Male,53.6.155.144
488,Karlis,Moatt,kmoattdj@accuweather.com,Male,145.174.74.111
489,Anthony,Baggally,abaggallydk@virginia.edu,Male,41.50.42.244
490,Callean,Van Baaren,cvanbaarendl@bloglines.com,Male,46.5.183.220
491,Ian,Whitwam,iwhitwamdm@tripod.com,Male,232.79.225.218
492,Twila,Duffrie,tduffriedn@networkadvertising.org,Female,167.54.191.131
493,Cort,Sheaf,csheafdo@t.co,Male,163.48.229.19
494,Nelli,Fitzsymonds,nfitzsymondsdp@wikia.com,Female,108.22.10.18
495,Grazia,Garnsey,ggarnseydq@ifeng.com,Female,159.136.22.222
496,Jocelyn,Braker,jbrakerdr@mapquest.com,Female,64.217.131.19
497,Fabian,Harkins,fharkinsds@newsvine.com,Male,115.99.108.13
498,Lucius,Mucklo,lmucklodt@dot.gov,Non-binary,230.162.211.193
499,Alair,Phair,aphairdu@state.gov,Male,119.86.223.116
500,Husain,Lewing,hlewingdv@usgs.gov,Male,4.33.1.126
501,Cheston,Blackeby,cblackebydw@booking.com,Male,98.2.98.57
502,Adriaens,Foltin,afoltindx@ning.com,Female,103.86.190.125
503,Dorian,Phython,dphythondy@google.cn,Female,66.99.144.208
504,Glynis,Brounsell,gbrounselldz@usda.gov,Genderfluid,127.2.178.170
505,Fons,Shurmore,fshurmoree0@princeton.edu,Male,5.106.47.126
506,Amos,Emby,aembye1@dion.ne.jp,Male,40.100.3.106
507,Alysia,Bidmead,abidmeade2@google.co.jp,Polygender,84.229.178.23
508,Alanah,Petrakov,apetrakove3@tiny.cc,Genderqueer,88.213.235.90
509,Billy,Schneider,bschneidere4@yale.edu,Female,232.220.249.92
510,Marigold,Bilsland,mbilslande5@1und1.de,Female,220.200.213.58
511,Ethelred,Giovannetti,egiovannettie6@telegraph.co.uk,Male,12.166.89.166
512,Prudence,Perkinson,pperkinsone7@archive.org,Female,172.177.113.131
513,Katrina,Winchcum,kwinchcume8@google.co.jp,Female,71.230.170.8
514,Jamesy,Dellit,jdellite9@theglobeandmail.com,Male,40.36.84.56
515,Margarete,Lydden,mlyddenea@senate.gov,Female,64.205.102.61
516,Obie,Bredgeland,obredgelandeb@constantcontact.com,Male,221.147.85.254
517,Jay,Duchenne,jduchenneec@accuweather.com,Male,190.12.155.216
518,Gregor,Stych,gstyched@desdev.cn,Male,48.108.215.251
519,Minnie,Fawdery,mfawderyee@moonfruit.com,Female,160.111.77.198
520,Ed,Sellens,esellensef@freewebs.com,Male,178.67.123.208
521,Morgana,Vasovic,mvasoviceg@usatoday.com,Female,146.62.68.124
522,Florinda,Clayden,fclaydeneh@usgs.gov,Female,157.180.25.43
523,Jaine,Winkell,jwinkellei@miibeian.gov.cn,Female,181.60.108.56
524,Zola,Mockford,zmockfordej@bbb.org,Polygender,112.217.126.109
525,Jaclyn,Hartington,jhartingtonek@4shared.com,Female,228.152.15.29
526,Caroljean,Bramont,cbramontel@spiegel.de,Female,39.183.142.17
527,Celestine,Ginni,cginniem@oracle.com,Female,240.61.225.129
528,Yorgos,Polle,ypolleen@yellowpages.com,Male,207.167.110.127
529,Eba,Dillestone,edillestoneeo@biglobe.ne.jp,Genderqueer,63.225.103.76
530,Flynn,Denkin,fdenkinep@patch.com,Male,55.125.155.116
531,Carter,Valens-Smith,cvalenssmitheq@google.fr,Male,17.84.106.75
532,Frants,Cunliffe,fcunliffeer@jalbum.net,Male,226.161.231.23
533,Benson,Mumm,bmummes@angelfire.com,Male,205.250.107.82
534,Brittani,Sich,bsichet@deviantart.com,Female,150.32.183.116
535,Cindy,Coxall,ccoxalleu@businesswire.com,Female,153.206.228.132
536,Berna,Aplin,baplinev@issuu.com,Female,8.53.83.92
537,Kriste,Oxbrow,koxbrowew@sohu.com,Female,36.148.26.0
538,Cary,Mawby,cmawbyex@ycombinator.com,Female,42.209.4.202
539,Morris,Sawford,msawfordey@state.gov,Bigender,61.53.71.193
540,Helge,Petrushkevich,hpetrushkevichez@sohu.com,Female,50.152.86.199
541,Angelle,Frigot,afrigotf0@amazon.de,Female,246.81.146.64
542,Donal,Earthfield,dearthfieldf1@sourceforge.net,Male,101.205.193.237
543,Eugenie,Moncreiffe,emoncreiffef2@eventbrite.com,Female,68.130.11.240
544,Stevena,Filippucci,sfilippuccif3@reference.com,Female,98.150.88.215
545,Carry,Ions,cionsf4@dailymotion.com,Female,20.54.196.167
546,Isahella,Stapley,istapleyf5@state.tx.us,Female,156.22.110.231
547,Lavinia,Cuddihy,lcuddihyf6@thetimes.co.uk,Female,5.125.87.60
548,Gaylor,Thurlbourne,gthurlbournef7@wufoo.com,Male,145.13.132.241
549,Estrella,Bearne,ebearnef8@github.com,Female,232.153.73.213
550,Jessa,Mansell,jmansellf9@shutterfly.com,Female,102.224.137.202
551,Dougy,Hurles,dhurlesfa@theguardian.com,Male,237.96.86.85
552,Tabatha,Schrei,tschreifb@elegantthemes.com,Female,246.175.101.161
553,Kass,Cadwaladr,kcadwaladrfc@joomla.org,Female,167.177.169.187
554,Tessa,Bosenworth,tbosenworthfd@google.co.uk,Female,254.174.29.208
555,Farra,MacNess,fmacnessfe@phpbb.com,Female,191.140.241.145
556,Karin,Cavozzi,kcavozziff@exblog.jp,Female,65.31.172.169
557,Fedora,McIndoe,fmcindoefg@forbes.com,Agender,138.48.53.118
558,Giles,Holhouse,gholhousefh@deliciousdays.com,Male,46.108.170.100
559,Dita,Chaldecott,dchaldecottfi@nba.com,Female,72.216.18.21
560,Hynda,Gallafant,hgallafantfj@photobucket.com,Female,3.88.170.105
561,Sebastiano,Greenall,sgreenallfk@jiathis.com,Male,154.187.21.19
562,Pepillo,Lippett,plippettfl@netlog.com,Male,118.227.222.42
563,Ulberto,Carver,ucarverfm@jalbum.net,Male,180.125.65.63
564,Gawen,Golt,ggoltfn@dot.gov,Male,236.80.253.245
565,Granville,Troubridge,gtroubridgefo@independent.co.uk,Male,34.151.173.134
566,Sarette,Legrice,slegricefp@slate.com,Female,161.244.90.114
567,Gabrila,Waind,gwaindfq@vkontakte.ru,Female,255.22.52.176
568,Van,Readwin,vreadwinfr@vimeo.com,Male,86.64.21.168
569,Jessy,Wilfinger,jwilfingerfs@goo.ne.jp,Female,170.60.174.202
570,Flossy,Whall,fwhallft@angelfire.com,Female,139.172.141.115
571,Germayne,McDermott-Row,gmcdermottrowfu@dion.ne.jp,Male,193.115.207.108
572,Addy,Deport,adeportfv@sfgate.com,Male,41.175.35.99
573,Nixie,Brogioni,nbrogionifw@ed.gov,Female,181.102.188.4
574,Shanna,Barlee,sbarleefx@theatlantic.com,Female,9.179.237.27
575,Gianina,Carne,gcarnefy@usa.gov,Female,56.26.72.31
576,Nil,Borne,nbornefz@eventbrite.com,Genderqueer,214.216.77.58
577,Garik,Kilmurry,gkilmurryg0@narod.ru,Male,232.117.57.235
578,Marget,Hansill,mhansillg1@google.co.jp,Female,49.229.12.218
579,Jaimie,Buzine,jbuzineg2@reference.com,Female,171.10.25.43
580,Aluin,Rittmeier,arittmeierg3@wikimedia.org,Male,0.172.174.133
581,Kris,Smickle,ksmickleg4@51.la,Male,147.22.245.29
582,Fawnia,Meigh,fmeighg5@globo.com,Female,98.108.198.53
583,Ruben,Houtby,rhoutbyg6@forbes.com,Male,187.80.13.247
584,Ezechiel,Rosewall,erosewallg7@gizmodo.com,Male,126.32.156.192
585,Dorene,Bastian,dbastiang8@forbes.com,Female,214.222.15.114
586,Thomas,Itzig,titzigg9@rakuten.co.jp,Male,209.251.8.76
587,Galvan,St. Quintin,gstquintinga@reverbnation.com,Male,65.196.162.218
588,Ethel,Gleadhall,egleadhallgb@printfriendly.com,Female,250.108.6.27
589,Maighdiln,Winridge,mwinridgegc@chron.com,Female,45.230.252.62
590,Laurene,Buxsy,lbuxsygd@ovh.net,Genderfluid,172.102.222.131
591,Rollins,Hamer,rhamerge@csmonitor.com,Male,66.205.254.225
592,Linn,Saltern,lsalterngf@narod.ru,Male,109.7.216.87
593,Quent,Jacquemet,qjacquemetgg@tiny.cc,Male,124.77.114.185
594,Dominic,Wiburn,dwiburngh@liveinternet.ru,Male,23.88.84.27
595,Carlina,Alden,caldengi@webs.com,Female,152.141.81.139
596,Heloise,MacMeeking,hmacmeekinggj@state.tx.us,Female,196.193.212.30
597,Ellynn,Manterfield,emanterfieldgk@4shared.com,Female,171.87.221.203
598,Nichole,Rowett,nrowettgl@earthlink.net,Female,197.31.115.176
599,Lalo,Barrabeale,lbarrabealegm@hao123.com,Male,70.255.157.154
600,Clemens,Jealous,cjealousgn@topsy.com,Male,212.196.157.162
601,Skipp,Keenlayside,skeenlaysidego@wordpress.com,Male,120.125.247.209
602,Jessie,Domone,jdomonegp@weibo.com,Female,6.10.169.170
603,Oswald,Lydiard,olydiardgq@bing.com,Male,203.24.96.18
604,Garnet,D'Orsay,gdorsaygr@merriam-webster.com,Female,193.131.123.239
605,Baily,Cajkler,bcajklergs@vistaprint.com,Male,7.159.239.156
606,Karissa,Whibley,kwhibleygt@mysql.com,Female,72.165.216.29
607,Etheline,Mote,emotegu@google.com.au,Female,48.208.95.222
608,Kelly,Fenna,kfennagv@ted.com,Female,14.14.190.89
609,Anselm,Haggerwood,ahaggerwoodgw@unicef.org,Male,91.40.117.253
610,Vassily,Aspinell,vaspinellgx@senate.gov,Male,65.43.92.112
611,Onida,Plunket,oplunketgy@europa.eu,Genderfluid,209.186.252.62
612,Sheppard,Sommerlie,ssommerliegz@bandcamp.com,Polygender,245.175.44.146
613,Gayle,Peert,gpeerth0@delicious.com,Male,137.89.142.92
614,Britni,Turtle,bturtleh1@altervista.org,Female,218.142.165.131
615,Arri,Silversmidt,asilversmidth2@delicious.com,Male,217.244.115.24
616,Jill,Nairns,jnairnsh3@ucsd.edu,Female,244.23.205.205
617,Norton,Shinn,nshinnh4@theguardian.com,Male,58.247.201.146
618,Hetty,Barks,hbarksh5@slideshare.net,Female,5.35.221.15
619,Stanfield,MacRanald,smacranaldh6@apple.com,Male,149.139.6.114
620,Michaelina,Feld,mfeldh7@mail.ru,Female,189.174.139.46
621,Killian,Dimelow,kdimelowh8@blogs.com,Male,143.251.41.59
622,Chickie,Cockrill,ccockrillh9@answers.com,Non-binary,104.165.51.242
623,Bev,Presswell,bpresswellha@geocities.com,Male,81.217.98.196
624,Marla,Burstow,mburstowhb@paypal.com,Female,98.210.14.15
625,Briny,Mooring,bmooringhc@elegantthemes.com,Female,198.222.188.113
626,Steffen,St Angel,sstangelhd@nbcnews.com,Male,45.168.79.140
627,Jake,Severs,jsevershe@twitpic.com,Polygender,192.15.249.133
628,Benjamen,Bisacre,bbisacrehf@si.edu,Male,220.151.178.144
629,Kaitlin,Woolland,kwoollandhg@themeforest.net,Female,191.46.120.238
630,Lizzie,Blitzer,lblitzerhh@samsung.com,Female,180.128.247.187
631,Purcell,Merrill,pmerrillhi@ustream.tv,Male,160.71.50.6
632,Claudio,McIlhagga,cmcilhaggahj@wunderground.com,Male,140.71.253.159
633,Lorri,O'Lehane,lolehanehk@nature.com,Female,79.72.135.39
634,Baird,Chittock,bchittockhl@wordpress.com,Male,44.26.18.188
635,Haywood,Bennetts,hbennettshm@fema.gov,Male,213.174.54.66
636,Dirk,Orvis,dorvishn@facebook.com,Male,20.211.145.15
637,Kurt,Edinboro,kedinboroho@biblegateway.com,Male,60.77.255.172
638,Cecilius,Ohrtmann,cohrtmannhp@linkedin.com,Male,14.8.224.35
639,Cullin,Dilkes,cdilkeshq@fastcompany.com,Male,121.4.154.6
640,Austine,Gainseford,againsefordhr@unesco.org,Female,172.158.222.203
641,Marwin,Pero,mperohs@google.it,Male,34.49.140.245
642,Emmie,Rutter,erutterht@intel.com,Female,118.207.200.35
643,Eliza,Coyish,ecoyishhu@elpais.com,Female,75.30.19.3
644,Cale,Leadston,cleadstonhv@phoca.cz,Agender,76.130.55.186
645,Douglas,Hucknall,dhucknallhw@ow.ly,Male,111.67.193.105
646,Irina,Redgrave,iredgravehx@businesswire.com,Female,208.205.229.165
647,Glynnis,Madner,gmadnerhy@google.nl,Female,128.205.182.204
648,Bengt,Duffell,bduffellhz@github.com,Male,183.89.54.28
649,Pepito,Blenkhorn,pblenkhorni0@virginia.edu,Male,48.215.2.195
650,Maximo,Montier,mmontieri1@time.com,Male,48.250.204.56
651,Idette,Tough,itoughi2@state.tx.us,Female,103.17.186.71
652,Silvain,Grindlay,sgrindlayi3@toplist.cz,Male,54.216.239.71
653,Addi,Djorvic,adjorvici4@google.com.br,Female,36.65.25.94
654,Janaya,McCreadie,jmccreadiei5@seattletimes.com,Female,169.62.232.54
655,Berrie,Ivanikhin,bivanikhini6@chron.com,Female,229.147.156.158
656,Serena,Ferreira,sferreirai7@jalbum.net,Female,26.106.231.22
657,Jamie,Fifoot,jfifooti8@topsy.com,Male,13.12.245.142
658,Jacobo,Spottiswood,jspottiswoodi9@elegantthemes.com,Male,3.43.68.180
659,Brandy,Dawtrey,bdawtreyia@stumbleupon.com,Male,226.9.204.234
660,Debi,Havile,dhavileib@people.com.cn,Female,153.214.190.95
661,Gipsy,Looker,glookeric@nyu.edu,Female,101.11.0.116
662,Bailie,Sexstone,bsexstoneid@sogou.com,Genderfluid,178.169.134.209
663,Curcio,Causnett,ccausnettie@devhub.com,Male,91.141.19.21
664,Uri,Gulston,ugulstonif@spiegel.de,Male,211.205.78.107
665,Carolann,Capaldo,ccapaldoig@example.com,Female,145.57.45.153
666,Dulcine,Pennick,dpennickih@unicef.org,Female,72.108.27.198
667,Ravid,Cometson,rcometsonii@canalblog.com,Male,23.112.135.117
668,Raviv,McAughtrie,rmcaughtrieij@feedburner.com,Male,173.103.112.156
669,Ada,Folli,afolliik@technorati.com,Female,251.15.71.214
670,Gay,Aynsley,gaynsleyil@cyberchimps.com,Female,211.131.255.61
671,Efren,Bodycomb,ebodycombim@simplemachines.org,Male,243.145.241.191
672,Brigida,Leman,blemanin@over-blog.com,Female,135.243.168.62
673,Britt,Leeuwerink,bleeuwerinkio@example.com,Male,103.33.126.107
674,Raye,Tunnick,rtunnickip@homestead.com,Female,166.67.25.174
675,Renado,Ianniello,riannielloiq@intel.com,Male,180.125.153.116
676,Robby,Tixall,rtixallir@yolasite.com,Female,108.93.18.175
677,Bessie,MacAndrew,bmacandrewis@indiegogo.com,Female,30.148.230.255
678,Suzette,Kik,skikit@trellian.com,Female,145.151.91.64
679,Nadean,Bothams,nbothamsiu@artisteer.com,Female,199.152.9.172
680,Giff,Gainforth,ggainforthiv@alibaba.com,Agender,70.43.68.35
681,Reine,Downie,rdownieiw@businessweek.com,Female,8.94.12.67
682,Igor,Bergstrand,ibergstrandix@icio.us,Male,217.116.117.248
683,Raquela,Neiland,rneilandiy@gizmodo.com,Female,142.9.79.132
684,Mercie,Dollar,mdollariz@loc.gov,Female,144.54.201.95
685,Jamima,Skett,jskettj0@springer.com,Female,57.238.185.37
686,Marcie,Sissons,msissonsj1@ucla.edu,Female,234.66.140.168
687,Gusta,Backs,gbacksj2@archive.org,Female,211.3.229.186
688,Guss,Terrell,gterrellj3@ning.com,Male,55.234.86.126
689,Aleksandr,Reason,areasonj4@loc.gov,Male,78.245.150.78
690,Swen,Wethey,swetheyj5@nih.gov,Male,167.28.155.91
691,Crawford,Gisburn,cgisburnj6@studiopress.com,Male,194.110.112.48
692,Gilemette,Orrey,gorreyj7@irs.gov,Female,133.210.101.199
693,Lanna,Barton,lbartonj8@timesonline.co.uk,Female,195.34.14.69
694,Winnie,Mansbridge,wmansbridgej9@blogspot.com,Male,113.193.174.206
695,Loralyn,Serraillier,lserraillierja@stumbleupon.com,Female,151.183.83.231
696,Paquito,Rockell,prockelljb@slideshare.net,Male,241.209.89.252
697,Finley,Rentelll,frentellljc@soundcloud.com,Male,25.131.67.88
698,Querida,Brandenburg,qbrandenburgjd@goo.gl,Genderqueer,24.24.245.104
699,Brett,Pamplin,bpamplinje@sitemeter.com,Female,156.247.23.156
700,Barron,Hartright,bhartrightjf@deliciousdays.com,Male,94.121.235.70
701,Melvyn,Derx,mderxjg@theatlantic.com,Male,104.23.202.99
702,Bernie,Phear,bphearjh@qq.com,Female,136.133.187.20
703,Selia,Robak,srobakji@indiegogo.com,Female,1.203.142.172
704,Deborah,Kevern,dkevernjj@cocolog-nifty.com,Female,169.177.161.175
705,Joyce,Meeron,jmeeronjk@wufoo.com,Female,155.115.52.196
706,Justen,Hopewell,jhopewelljl@vimeo.com,Male,197.8.53.50
707,Jareb,Haines,jhainesjm@discuz.net,Male,240.166.189.135
708,Willie,Sempill,wsempilljn@house.gov,Male,23.140.166.82
709,Dominga,Tonsley,dtonsleyjo@nps.gov,Female,63.162.1.53
710,Alane,Bellamy,abellamyjp@ebay.co.uk,Female,230.252.155.224
711,Perl,Fittis,pfittisjq@usda.gov,Female,40.23.209.103
712,Germain,Pleaden,gpleadenjr@yahoo.co.jp,Non-binary,53.234.84.155
713,Duky,Applegate,dapplegatejs@google.com.hk,Male,19.178.164.40
714,Pincus,Summerhayes,psummerhayesjt@fc2.com,Male,210.64.111.154
715,Ikey,Flear,iflearju@adobe.com,Male,243.123.129.194
716,Paquito,Orleton,porletonjv@51.la,Male,175.56.250.218
717,Joyous,Dubbin,jdubbinjw@barnesandnoble.com,Female,203.213.14.172
718,Kiley,Tyt,ktytjx@webnode.com,Male,236.106.96.28
719,Martita,Kendrick,mkendrickjy@psu.edu,Female,34.171.99.239
720,Fonz,Waldron,fwaldronjz@51.la,Male,172.11.90.173
721,Ikey,Mosey,imoseyk0@statcounter.com,Male,84.73.211.74
722,Felicio,Plaide,fplaidek1@addtoany.com,Male,113.165.176.95
723,Jacklin,Jamary,jjamaryk2@virginia.edu,Female,253.42.3.60
724,Larry,Pendrill,lpendrillk3@mac.com,Male,222.82.28.153
725,Faina,Binch,fbinchk4@hatena.ne.jp,Genderqueer,114.212.248.192
726,Rosalia,Pinchon,rpinchonk5@geocities.com,Female,60.188.171.11
727,Ezequiel,Kneal,eknealk6@jugem.jp,Male,142.211.194.217
728,Maryellen,Korf,mkorfk7@tripadvisor.com,Female,119.46.32.127
729,Bridget,Cumberledge,bcumberledgek8@ft.com,Female,236.215.62.179
730,Gates,Galgey,ggalgeyk9@guardian.co.uk,Female,40.215.13.95
731,Stephine,MacKey,smackeyka@unblog.fr,Female,9.185.76.191
732,Hewet,Western,hwesternkb@alibaba.com,Male,52.196.144.215
733,Myca,Croll,mcrollkc@biblegateway.com,Male,35.68.52.248
734,Theresa,Vickerman,tvickermankd@rakuten.co.jp,Female,40.40.9.12
735,Vania,Threadgold,vthreadgoldke@facebook.com,Female,215.250.200.153
736,Charley,Fortye,cfortyekf@nbcnews.com,Male,177.74.50.122
737,Etty,Van De Cappelle,evandecappellekg@reddit.com,Female,219.214.141.192
738,Egor,Sackett,esackettkh@xrea.com,Male,3.24.123.6
739,Vin,Vereker,vverekerki@drupal.org,Male,14.46.61.8
740,Tadeas,Reaman,treamankj@etsy.com,Male,163.246.216.181
741,Scott,Hourihan,shourihankk@europa.eu,Male,195.216.43.33
742,Tanny,Cruikshank,tcruikshankkl@redcross.org,Male,98.7.5.63
743,Pepi,Zaple,pzaplekm@yellowbook.com,Genderqueer,50.103.35.165
744,Klara,Burgott,kburgottkn@taobao.com,Bigender,211.183.2.238
745,Greg,Boldison,gboldisonko@twitter.com,Male,208.205.53.139
746,Nero,Cancellario,ncancellariokp@ning.com,Male,214.27.19.37
747,Crysta,Hawler,chawlerkq@chicagotribune.com,Female,127.157.238.149
748,Cobb,Thombleson,cthomblesonkr@free.fr,Agender,101.112.155.241
749,Una,Leming,ulemingks@shareasale.com,Female,233.121.21.99
750,Raimundo,Morefield,rmorefieldkt@hp.com,Male,250.255.161.88
751,Linnea,Sergeant,lsergeantku@webmd.com,Non-binary,183.8.49.129
752,Eliot,Coffey,ecoffeykv@columbia.edu,Male,117.139.159.39
753,Keelia,Hardwich,khardwichkw@simplemachines.org,Female,49.222.40.225
754,Teddi,Brunker,tbrunkerkx@usnews.com,Female,114.220.186.5
755,Ursuline,Justice,ujusticeky@tuttocitta.it,Female,30.70.212.0
756,Wilone,Aleksashin,waleksashinkz@jugem.jp,Female,164.218.187.66
757,Birch,Lacy,blacyl0@blogspot.com,Male,60.66.97.164
758,Roxine,Germon,rgermonl1@ft.com,Female,132.55.206.74
759,Ardeen,Kick,akickl2@eepurl.com,Female,194.196.92.145
760,Mick,Padly,mpadlyl3@ucoz.com,Male,110.151.35.16
761,Salvador,Coulling,scoullingl4@cpanel.net,Male,166.253.105.179
762,Briant,Troup,btroupl5@senate.gov,Male,127.66.159.182
763,Felecia,Cleft,fcleftl6@washingtonpost.com,Female,145.181.249.225
764,Jourdain,Carrington,jcarringtonl7@nature.com,Male,115.180.138.180
765,Lester,Geillier,lgeillierl8@parallels.com,Male,117.39.24.7
766,Claudetta,Rosbottom,crosbottoml9@sina.com.cn,Female,70.2.245.116
767,Red,Dennis,rdennisla@opera.com,Male,148.222.19.39
768,Livia,Uphill,luphilllb@prnewswire.com,Female,131.27.207.19
769,Meridel,Ollet,molletlc@alibaba.com,Female,205.252.211.62
770,Ximenez,Gallafant,xgallafantld@google.fr,Male,85.24.94.238
771,Trudey,Jiggens,tjiggensle@businessweek.com,Female,27.65.20.16
772,Wittie,Baldam,wbaldamlf@over-blog.com,Male,83.144.8.138
773,Katerine,Duckinfield,kduckinfieldlg@sina.com.cn,Female,17.250.114.34
774,Greta,Edson,gedsonlh@shinystat.com,Female,202.137.237.94
775,Gabrila,McLewd,gmclewdli@freewebs.com,Female,203.89.128.127
776,Ulberto,Klulisek,ukluliseklj@imgur.com,Male,198.199.187.104
777,Kristyn,Woolmore,kwoolmorelk@gmpg.org,Bigender,3.157.110.41
778,Jamesy,McKee,jmckeell@parallels.com,Male,190.219.207.171
779,Gabey,Craigmile,gcraigmilelm@google.nl,Female,113.54.105.81
780,Berny,Enion,benionln@nature.com,Male,18.79.233.175
781,Dion,Pointer,dpointerlo@virginia.edu,Male,149.85.219.161
782,Alva,Follis,afollislp@wisc.edu,Male,111.246.224.86
783,Venus,Simison,vsimisonlq@washington.edu,Female,253.62.26.107
784,Averyl,Calderhead,acalderheadlr@nsw.gov.au,Female,59.192.95.88
785,Andras,Holborn,aholbornls@epa.gov,Male,77.46.172.211
786,Willamina,Morbey,wmorbeylt@google.es,Polygender,101.213.182.108
787,Marika,Arthan,marthanlu@skyrock.com,Female,130.18.18.120
788,Merv,Chantler,mchantlerlv@smh.com.au,Male,11.212.191.125
789,Ronica,Quarton,rquartonlw@reverbnation.com,Female,19.76.74.186
790,Preston,Kinnerley,pkinnerleylx@tmall.com,Male,65.41.107.34
791,Adrien,Dablin,adablinly@reverbnation.com,Male,59.107.30.40
792,Zachery,Opdenorth,zopdenorthlz@craigslist.org,Male,210.131.75.71
793,Katheryn,Ortet,kortetm0@posterous.com,Female,177.44.73.88
794,Lennie,Rosenblum,lrosenblumm1@shinystat.com,Male,46.234.2.253
795,Axel,Starsmore,astarsmorem2@themeforest.net,Male,203.6.39.225
796,Gaye,Chapple,gchapplem3@rediff.com,Female,5.234.105.69
797,Camilla,Winborn,cwinbornm4@comcast.net,Female,59.82.219.203
798,Merry,Bampfield,mbampfieldm5@nationalgeographic.com,Female,146.140.48.86
799,Sheeree,Gowman,sgowmanm6@cbc.ca,Female,211.187.219.231
800,Meris,Chumley,mchumleym7@ucoz.com,Female,37.46.246.131
801,Malva,Renad,mrenadm8@is.gd,Female,225.138.4.152
802,Christopher,Sarney,csarneym9@artisteer.com,Male,17.5.96.142
803,Deanne,Rockwell,drockwellma@csmonitor.com,Female,99.172.168.21
804,Jakie,Luttger,jluttgermb@addthis.com,Male,242.121.168.249
805,Barny,Cuff,bcuffmc@flavors.me,Male,144.122.195.69
806,Marquita,Czyz,mczyzmd@cam.ac.uk,Female,67.190.145.97
807,Caz,Cawt,ccawtme@vimeo.com,Male,174.199.81.49
808,Madelina,Bruffell,mbruffellmf@nasa.gov,Non-binary,234.20.30.163
809,Lynsey,Tilbey,ltilbeymg@amazon.co.jp,Female,183.28.156.176
810,Aldis,O'Doherty,aodohertymh@psu.edu,Male,47.231.53.89
811,Meade,Jardine,mjardinemi@ehow.com,Female,251.89.104.215
812,Engelbert,Briereton,ebrieretonmj@biglobe.ne.jp,Male,220.5.117.0
813,Curtis,Creasey,ccreaseymk@delicious.com,Male,159.229.107.42
814,Barri,Braganza,bbraganzaml@japanpost.jp,Male,166.152.19.137
815,Banky,Dunckley,bdunckleymm@meetup.com,Male,21.1.151.252
816,Silvain,Huban,shubanmn@phoca.cz,Male,102.220.112.216
817,Stephanie,Ketch,sketchmo@un.org,Female,212.80.160.84
818,Della,Jarratt,djarrattmp@wired.com,Female,232.56.42.7
819,Link,Files,lfilesmq@scientificamerican.com,Male,97.210.188.32
820,Jarret,Maes,jmaesmr@home.pl,Male,33.93.226.248
821,Allen,Hawthorne,ahawthornems@google.ru,Male,108.112.35.189
822,Candy,Edworthye,cedworthyemt@mail.ru,Female,23.111.75.138
823,Berkley,Moar,bmoarmu@sphinn.com,Male,194.74.86.141
824,Sascha,Westwater,swestwatermv@myspace.com,Male,185.46.141.17
825,Reeva,Darridon,rdarridonmw@g.co,Female,134.246.215.95
826,Dody,Royden,droydenmx@sakura.ne.jp,Female,251.200.244.92
827,Ofelia,Beadel,obeadelmy@csmonitor.com,Female,92.122.89.221
828,Adrian,Critch,acritchmz@tmall.com,Non-binary,236.160.123.173
829,Blinny,Salter,bsaltern0@yahoo.com,Bigender,197.171.55.97
830,Allistir,Gribble,agribblen1@weebly.com,Genderfluid,233.18.120.100
831,Gavin,Bouldstridge,gbouldstridgen2@mysql.com,Male,131.24.162.71
832,Cairistiona,De Morena,cdemorenan3@columbia.edu,Female,227.73.195.199
833,Berta,Lebang,blebangn4@mayoclinic.com,Female,14.114.42.179
834,Farr,Lushey,flusheyn5@multiply.com,Male,3.162.247.140
835,Towny,Deamer,tdeamern6@cdbaby.com,Male,198.226.105.211
836,Wilbur,Gummie,wgummien7@google.fr,Male,154.172.49.61
837,Korey,Chiese,kchiesen8@yellowbook.com,Male,176.129.222.109
838,Blondie,Cockshtt,bcockshttn9@va.gov,Female,225.119.80.107
839,Sheilah,Stoter,sstoterna@dyndns.org,Female,41.227.17.130
840,Aldric,Kenwood,akenwoodnb@umich.edu,Male,158.85.3.87
841,Christel,Barthrup,cbarthrupnc@home.pl,Female,190.73.231.179
842,Germaine,Radborn,gradbornnd@rambler.ru,Male,16.61.31.251
843,Immanuel,d' Eye,ideyene@redcross.org,Male,194.93.230.157
844,Sayre,Jachimiak,sjachimiaknf@usnews.com,Female,64.171.208.170
845,Elroy,Sinden,esindenng@printfriendly.com,Genderfluid,57.39.155.236
846,Kitti,Mallebone,kmallebonenh@mozilla.com,Female,129.188.192.14
847,Winnah,Hebden,whebdenni@myspace.com,Polygender,173.235.249.121
848,Siusan,Wych,swychnj@globo.com,Female,177.60.159.88
849,Glynda,Langdridge,glangdridgenk@youku.com,Female,226.214.161.117
850,Darill,Mussalli,dmussallinl@patch.com,Male,241.241.22.103
851,Nelli,Driffe,ndriffenm@redcross.org,Polygender,177.102.230.204
852,Jeff,Levington,jlevingtonnn@senate.gov,Male,34.35.6.213
853,Cort,Ferneley,cferneleyno@1und1.de,Male,108.81.197.159
854,Lory,Boulds,lbouldsnp@flavors.me,Female,25.141.129.191
855,Beatrisa,Remington,bremingtonnq@hhs.gov,Female,75.242.112.111
856,Rhianna,Sommerly,rsommerlynr@disqus.com,Female,171.55.55.48
857,Ernesto,Pyatt,epyattns@usnews.com,Male,40.249.113.164
858,Faun,Thomlinson,fthomlinsonnt@bizjournals.com,Female,32.217.116.230
859,Perri,Giraudot,pgiraudotnu@icio.us,Female,235.49.45.109
860,Aleen,Winch,awinchnv@dropbox.com,Female,197.107.95.0
861,Isador,Lobley,ilobleynw@exblog.jp,Male,136.35.124.221
862,Anneliese,Hartnup,ahartnupnx@thetimes.co.uk,Female,139.14.116.49
863,Krista,Pylkynyton,kpylkynytonny@bloomberg.com,Female,204.18.253.135
864,Mickey,Baroux,mbarouxnz@elpais.com,Male,106.208.194.115
865,Burton,Bogace,bbogaceo0@wisc.edu,Male,207.153.252.115
866,Sheffy,Zorzutti,szorzuttio1@yellowpages.com,Male,59.115.1.117
867,Micky,Gately,mgatelyo2@gov.uk,Male,136.23.199.80
868,Shaylah,Fitzjohn,sfitzjohno3@deviantart.com,Female,217.203.100.199
869,Morty,Barthram,mbarthramo4@nhs.uk,Male,184.249.111.227
870,Dionis,Pawden,dpawdeno5@blogspot.com,Female,100.33.173.50
871,Jesse,Raspison,jraspisono6@yelp.com,Male,124.26.231.57
872,Vasily,Munnis,vmunniso7@seattletimes.com,Male,107.133.184.88
873,Jacquelynn,Atton,jattono8@princeton.edu,Female,195.71.143.135
874,Lexis,Colbourn,lcolbourno9@ucla.edu,Female,55.93.71.108
875,Irene,Harmant,iharmantoa@slideshare.net,Female,194.176.32.150
876,Thorpe,Furtado,tfurtadoob@ezinearticles.com,Male,99.111.46.116
877,Chris,Kieff,ckieffoc@xrea.com,Female,233.133.59.204
878,Isidora,Mullan,imullanod@europa.eu,Female,152.2.234.47
879,Arda,Toomer,atoomeroe@cnbc.com,Female,71.184.128.174
880,Tabitha,Bilofsky,tbilofskyof@harvard.edu,Female,170.12.147.11
881,Garik,Holson,gholsonog@berkeley.edu,Male,79.47.210.240
882,Janaya,McReath,jmcreathoh@tripadvisor.com,Female,57.206.16.129
883,Demeter,Capeloff,dcapeloffoi@hostgator.com,Female,106.252.246.90
884,Florentia,Maddy,fmaddyoj@github.com,Female,25.147.12.4
885,Katina,Wildash,kwildashok@mapy.cz,Genderqueer,232.128.100.34
886,Shelbi,Heighton,sheightonol@is.gd,Agender,159.156.66.215
887,Kliment,Well,kwellom@un.org,Male,143.170.124.113
888,Randee,Formigli,rformiglion@a8.net,Female,121.9.75.119
889,Georgie,O'Flannery,goflanneryoo@aol.com,Female,83.124.248.45
890,Eloisa,Manueau,emanueauop@sphinn.com,Female,197.146.97.188
891,Karalynn,Ummfrey,kummfreyoq@elpais.com,Female,205.66.14.31
892,Dale,Winsor,dwinsoror@taobao.com,Female,9.29.71.96
893,Arnoldo,Hynson,ahynsonos@deviantart.com,Genderfluid,251.83.124.192
894,Thorvald,Davie,tdavieot@epa.gov,Male,199.246.182.128
895,Ferrel,Ronan,fronanou@prnewswire.com,Male,226.68.124.154
896,Carmita,Rabbitts,crabbittsov@sina.com.cn,Female,123.56.1.185
897,Emmey,Syde,esydeow@prnewswire.com,Female,47.176.67.118
898,Rosella,Marshland,rmarshlandox@springer.com,Female,138.132.212.10
899,Ruggiero,Forsdike,rforsdikeoy@wired.com,Male,247.107.31.83
900,Dodi,Langmead,dlangmeadoz@ft.com,Female,203.28.249.221
901,Kahlil,Sallier,ksallierp0@ycombinator.com,Male,123.159.93.112
902,Charmion,Peyzer,cpeyzerp1@bluehost.com,Female,0.137.38.110
903,Daisie,McComas,dmccomasp2@quantcast.com,Female,103.148.211.53
904,Dougie,MacClure,dmacclurep3@delicious.com,Male,9.188.237.172
905,Keefe,Kellet,kkelletp4@go.com,Male,209.200.200.255
906,Derk,Voce,dvocep5@huffingtonpost.com,Male,245.97.152.174
907,Bertha,Tremellier,btremellierp6@berkeley.edu,Female,161.42.161.35
908,Wileen,McQuorkel,wmcquorkelp7@printfriendly.com,Female,164.25.18.112
909,Elladine,Davage,edavagep8@umich.edu,Female,150.182.113.118
910,Brendis,Lenin,bleninp9@hp.com,Male,104.151.37.85
911,Kamillah,Rootes,krootespa@usatoday.com,Female,116.119.240.233
912,Wittie,Simm,wsimmpb@altervista.org,Male,36.21.75.105
913,Karleen,Morilla,kmorillapc@aboutads.info,Agender,62.253.125.114
914,Daisie,Loveredge,dloveredgepd@slashdot.org,Female,76.242.199.63
915,Dave,Droghan,ddroghanpe@paypal.com,Male,231.131.251.171
916,Andrea,Vasler,avaslerpf@so-net.ne.jp,Male,254.176.53.109
917,Anny,Baalham,abaalhampg@lycos.com,Female,10.10.68.73
918,Sansone,Anthoin,santhoinph@businessinsider.com,Male,249.205.63.136
919,Ricoriki,Burchall,rburchallpi@buzzfeed.com,Bigender,190.200.230.184
920,Stevy,Coote,scootepj@facebook.com,Male,156.11.226.73
921,Bryon,Soggee,bsoggeepk@cbslocal.com,Male,177.185.14.74
922,Adele,Duffree,aduffreepl@nba.com,Agender,158.28.115.162
923,Elnora,Weekly,eweeklypm@cam.ac.uk,Female,67.245.208.42
924,Arley,Petrussi,apetrussipn@nifty.com,Genderqueer,228.239.196.169
925,Margi,Tedstone,mtedstonepo@taobao.com,Female,20.93.228.135
926,Thorstein,Miquelet,tmiqueletpp@so-net.ne.jp,Male,233.241.97.8
927,Gracie,Garza,ggarzapq@europa.eu,Female,167.97.156.22
928,Mohammed,Ecles,meclespr@wikimedia.org,Male,83.176.220.24
929,Melamie,Lathom,mlathomps@desdev.cn,Female,119.24.14.87
930,Claudette,Chaffe,cchaffept@privacy.gov.au,Female,47.24.97.3
931,Rand,Chaffin,rchaffinpu@va.gov,Male,221.92.79.153
932,Delia,Heintsch,dheintschpv@i2i.jp,Female,107.30.207.107
933,Emerson,Starzaker,estarzakerpw@comsenz.com,Male,234.146.234.250
934,Genny,Bann,gbannpx@plala.or.jp,Female,71.234.247.156
935,Beth,Cornborough,bcornboroughpy@joomla.org,Female,141.99.84.23
936,Ollie,Arkwright,oarkwrightpz@nba.com,Male,197.76.30.155
937,Ysabel,Passman,ypassmanq0@pinterest.com,Female,50.160.6.86
938,Chic,Jury,cjuryq1@wikia.com,Male,223.151.196.41
939,Ebenezer,Stelli,estelliq2@digg.com,Male,236.226.151.93
940,Cathrin,Elies,celiesq3@nba.com,Female,202.177.192.168
941,Hyacinthia,Skelhorne,hskelhorneq4@oaic.gov.au,Female,166.175.33.90
942,Nicolea,O'Leahy,noleahyq5@tamu.edu,Polygender,85.1.179.53
943,Alejoa,Baselli,abaselliq6@alexa.com,Male,242.119.116.16
944,Nedi,Bygrove,nbygroveq7@mac.com,Agender,57.15.106.166
945,Kathlin,Thackham,kthackhamq8@wufoo.com,Female,16.4.253.198
946,Truda,Tomasutti,ttomasuttiq9@slashdot.org,Female,78.45.102.213
947,Fawne,Tortoishell,ftortoishellqa@blog.com,Female,137.134.224.220
948,Aguste,Seignior,aseigniorqb@ebay.co.uk,Bigender,251.118.234.191
949,Thorvald,Semorad,tsemoradqc@oakley.com,Male,145.202.122.214
950,Lynna,Allred,lallredqd@domainmarket.com,Female,219.81.220.177
951,Coretta,Rea,creaqe@webnode.com,Female,97.156.112.20
952,Drusy,Cheeke,dcheekeqf@samsung.com,Female,165.220.50.115
953,Hinda,Screwton,hscrewtonqg@edublogs.org,Female,32.181.184.211
954,Timothee,Touson,ttousonqh@reuters.com,Male,221.159.40.230
955,Carrie,Letham,clethamqi@home.pl,Polygender,179.68.99.13
956,Gerik,Tinsey,gtinseyqj@craigslist.org,Male,58.125.238.169
957,Jeramey,Algeo,jalgeoqk@cafepress.com,Male,46.222.54.21
958,Jeffrey,Ullrich,jullrichql@mail.ru,Male,106.148.177.84
959,Alicia,Whittenbury,awhittenburyqm@cbc.ca,Female,157.171.185.69
960,Derk,Doonican,ddoonicanqn@virginia.edu,Male,106.170.110.6
961,Hammad,Malden,hmaldenqo@cam.ac.uk,Male,240.250.215.81
962,Odie,Gabbetis,ogabbetisqp@etsy.com,Male,33.110.192.165
963,Syd,Nisot,snisotqq@clickbank.net,Male,149.255.225.127
964,Bancroft,Piche,bpicheqr@icq.com,Male,65.103.77.49
965,Marmaduke,Barkaway,mbarkawayqs@mit.edu,Male,107.202.211.138
966,Manolo,Borth,mborthqt@epa.gov,Male,164.38.219.43
967,Bondie,Causbey,bcausbeyqu@tripadvisor.com,Male,228.191.35.3
968,Faun,Cronshaw,fcronshawqv@blinklist.com,Female,81.15.215.239
969,Anna-diana,Stallen,astallenqw@cnet.com,Female,73.17.169.53
970,Lib,Willder,lwillderqx@issuu.com,Female,220.251.97.109
971,Collen,Sirmond,csirmondqy@mozilla.com,Female,165.255.69.186
972,Ewen,Crystal,ecrystalqz@guardian.co.uk,Male,14.209.162.76
973,Margette,Conford,mconfordr0@hao123.com,Female,1.234.197.190
974,Coraline,Stannis,cstannisr1@icio.us,Female,135.2.188.242
975,Vanessa,Pearton,vpeartonr2@bloglines.com,Female,255.128.141.113
976,Gayel,Massimi,gmassimir3@github.com,Female,139.140.224.94
977,Roselin,Gemmill,rgemmillr4@photobucket.com,Female,86.155.250.247
978,Ban,Jillard,bjillardr5@reverbnation.com,Male,209.150.49.24
979,Marni,Cosbee,mcosbeer6@wufoo.com,Female,248.57.167.106
980,Orion,Antonellini,oantonellinir7@soup.io,Male,4.152.244.20
981,Merilee,Hollyer,mhollyerr8@pinterest.com,Non-binary,35.161.141.253
982,Janina,Maltman,jmaltmanr9@umn.edu,Female,246.192.44.123
983,Berton,Isbell,bisbellra@issuu.com,Male,158.106.24.225
984,Oralle,Worwood,oworwoodrb@joomla.org,Female,239.8.252.140
985,Witty,Kingsley,wkingsleyrc@jugem.jp,Male,51.146.69.118
986,Kassia,O'Crowley,kocrowleyrd@constantcontact.com,Genderqueer,235.1.209.204
987,Cyndie,Dillicate,cdillicatere@mail.ru,Female,9.131.88.13
988,Randa,Beggio,rbeggiorf@hhs.gov,Female,178.116.196.42
989,Babette,McKiernan,bmckiernanrg@yahoo.com,Female,10.28.66.32
990,Etta,Kirtland,ekirtlandrh@cnbc.com,Female,183.112.246.140
991,Randal,Gilbertson,rgilbertsonri@hugedomains.com,Male,72.123.113.195
992,Tobias,Syseland,tsyselandrj@dropbox.com,Polygender,137.192.15.175
993,Leigh,Greiser,lgreiserrk@state.tx.us,Male,114.224.106.159
994,Mariellen,Foreman,mforemanrl@aboutads.info,Female,167.152.169.185
995,Ive,Collick,icollickrm@cocolog-nifty.com,Polygender,102.181.22.7
996,Piper,Saltsberger,psaltsbergerrn@blogger.com,Female,74.100.222.108
997,Gamaliel,Excell,gexcellro@blogspot.com,Male,253.73.100.31
998,Marlowe,Lude,mluderp@accuweather.com,Male,50.254.188.64
999,Rhianna,Giscken,rgisckenrq@mtv.com,Female,14.65.221.251
1000,Mirna,Gahagan,mgahaganrr@amazon.de,Female,51.222.105.96
