id,first_name,last_name,email,gender,ip_address
1,Bertie,De Wolfe,bdewolfe0@ihg.com,Female,173.243.200.249
2,Ethelbert,Maidment,emaidment1@dedecms.com,Male,115.28.3.170
3,Ethan,Vaughan,evaughan2@cbsnews.com,Male,202.192.221.223
4,Gaultiero,Morewood,gmorewood3@nydailynews.com,Male,147.30.119.54
5,Marinna,Adicot,madicot4@gnu.org,Female,100.211.238.193
6,Kaylee,Mewton,kmewton5@fastcompany.com,Female,169.206.4.21
7,Nyssa,Morfett,nmorfett6@quantcast.com,Female,29.114.134.12
8,Georgette,Coke,gcoke7@china.com.cn,Female,136.186.183.167
9,Dion,Alliston,dalliston8@deviantart.com,Female,184.215.240.184
10,Chev,Briereton,cbriereton9@cbsnews.com,Bigender,77.56.111.226
11,Farrand,Trevear,ftreveara@dyndns.org,Polygender,186.126.215.255
12,Brigid,Hawkey,bhawkeyb@mashable.com,Female,60.149.208.14
13,Simonne,Stembridge,sstembridgec@state.tx.us,Female,166.2.138.223
14,Tracey,Paprotny,tpaprotnyd@dedecms.com,Female,179.4.149.159
15,Dorri,Acors,dacorse@booking.com,Female,51.196.36.32
16,Ashlee,Leverette,aleverettef@godaddy.com,Female,77.93.161.60
17,Agnella,Jiggen,ajiggeng@mozilla.com,Female,3.227.43.5
18,Elsie,Suthworth,esuthworthh@smugmug.com,Female,135.194.127.255
19,Chalmers,Griswaite,cgriswaitei@netlog.com,Male,205.117.73.27
20,Xerxes,Josselson,xjosselsonj@weibo.com,Male,56.142.252.29
21,Niall,Branston,nbranstonk@nature.com,Male,236.3.127.53
22,Valida,Chadbourne,vchadbournel@baidu.com,Female,44.49.126.38
23,Cordie,Karadzas,ckaradzasm@thetimes.co.uk,Male,160.245.206.140
24,Horace,Bowich,hbowichn@discovery.com,Male,88.66.59.55
25,Celine,Bleackly,cbleacklyo@twitpic.com,Female,51.58.31.241
26,Avie,Ranshaw,aranshawp@va.gov,Female,75.60.85.209
27,Nilson,Edmand,nedmandq@opera.com,Male,38.153.106.61
28,Shaw,Waleran,swaleranr@cornell.edu,Male,167.32.46.65
29,Josy,Brendel,jbrendels@google.pl,Female,233.212.193.59
30,Lionel,Stronough,lstronought@nature.com,Male,61.16.106.82
31,Byrann,Milier,bmilieru@miitbeian.gov.cn,Male,93.224.193.0
32,Tuesday,Fairbanks,tfairbanksv@stumbleupon.com,Female,118.24.140.116
33,Sheelagh,Chilles,schillesw@istockphoto.com,Female,30.169.95.203
34,Udale,Pullan,upullanx@nba.com,Male,104.148.36.182
35,Elsinore,de Voiels,edevoielsy@loc.gov,Female,203.131.75.10
36,Marvin,Jado,mjadoz@1und1.de,Male,7.82.170.105
37,Temp,Dimbleby,tdimbleby10@phoca.cz,Male,192.207.193.113
38,Kiel,Salliere,ksalliere11@bizjournals.com,Male,95.55.143.105
39,Mimi,Wayvill,mwayvill12@live.com,Female,203.61.78.10
40,Brandyn,Claypole,bclaypole13@blog.com,Male,216.238.255.30
41,Guthry,Ilbert,gilbert14@senate.gov,Male,217.86.63.186
42,Amie,Ander,aander15@weather.com,Female,217.31.195.220
43,Erminia,Kreuzer,ekreuzer16@over-blog.com,Polygender,79.204.34.60
44,Fraser,Gyenes,fgyenes17@booking.com,Male,253.107.91.227
45,Nixie,Realph,nrealph18@networkadvertising.org,Female,211.210.247.135
46,Katharyn,Crennell,kcrennell19@meetup.com,Female,90.202.209.110
47,Enrica,Wybrew,ewybrew1a@wikia.com,Female,221.1.205.91
48,Northrup,O'Crevy,nocrevy1b@com.com,Male,233.7.147.47
49,Maire,MacRury,mmacrury1c@netscape.com,Female,192.191.140.161
50,Adriana,Coleford,acoleford1d@e-recht24.de,Female,115.202.175.26
51,Verina,Parrin,vparrin1e@clickbank.net,Female,21.152.143.191
52,Fleming,Twyford,ftwyford1f@storify.com,Male,215.209.110.146
53,Cristin,Berends,cberends1g@independent.co.uk,Female,138.95.42.154
54,Ivor,Woollacott,iwoollacott1h@ning.com,Male,1.129.59.103
55,Frankie,Cryer,fcryer1i@nbcnews.com,Male,198.74.151.89
56,Brandyn,Banister,bbanister1j@google.es,Male,10.216.105.163
57,Sigismund,Brummitt,sbrummitt1k@bbb.org,Polygender,190.152.35.210
58,Konstanze,Weth,kweth1l@yellowbook.com,Female,40.35.182.161
59,Morris,Seary,mseary1m@nih.gov,Male,11.187.1.72
60,Marshall,Gordon,mgordon1n@ameblo.jp,Male,226.139.174.105
61,Otto,Waite,owaite1o@dailymail.co.uk,Male,10.93.44.11
62,Malchy,Rockwell,mrockwell1p@blogger.com,Male,177.70.241.119
63,Charita,Behneke,cbehneke1q@livejournal.com,Female,85.44.92.78
64,Hi,Mullins,hmullins1r@ebay.co.uk,Male,217.99.19.217
65,Quent,Grinley,qgrinley1s@quantcast.com,Male,144.61.24.63
66,Penny,Elrick,pelrick1t@i2i.jp,Male,193.110.23.54
67,Saleem,Bamb,sbamb1u@baidu.com,Male,103.210.40.179
68,Emelita,Hodges,ehodges1v@facebook.com,Female,37.134.172.97
69,Valaria,Baff,vbaff1w@ebay.com,Female,206.51.37.85
70,Gabi,Semerad,gsemerad1x@psu.edu,Female,13.184.140.214
71,Niki,Dunniom,ndunniom1y@ustream.tv,Male,150.159.156.242
72,Jocko,Hankard,jhankard1z@goodreads.com,Male,72.174.251.147
73,Morie,Arrundale,marrundale20@cargocollective.com,Male,238.142.36.145
74,Herrick,Richin,hrichin21@go.com,Male,116.166.70.0
75,Sophi,Denge,sdenge22@zdnet.com,Female,115.203.167.231
76,Phylis,Cleife,pcleife23@epa.gov,Female,30.35.245.160
77,Reinaldos,Stinton,rstinton24@example.com,Male,177.9.110.209
78,Janeen,Tankin,jtankin25@hp.com,Female,89.30.199.28
79,Clyde,Pragnall,cpragnall26@goodreads.com,Male,237.42.213.30
80,Wynn,Vardy,wvardy27@theguardian.com,Male,29.34.47.212
81,Shell,Bridgement,sbridgement28@comcast.net,Male,214.117.209.163
82,Moritz,Lickess,mlickess29@howstuffworks.com,Male,229.134.142.60
83,Chevalier,Frears,cfrears2a@cisco.com,Male,71.162.99.43
84,Berton,Koppens,bkoppens2b@furl.net,Male,164.219.207.233
85,Merrill,Widd,mwidd2c@desdev.cn,Female,133.220.5.86
86,Harland,Devey,hdevey2d@live.com,Polygender,15.82.27.225
87,Mile,Toderi,mtoderi2e@canalblog.com,Male,216.112.218.92
88,Faye,Ciciari,fciciari2f@theatlantic.com,Female,187.45.209.251
89,Marcus,Negri,mnegri2g@va.gov,Genderfluid,170.150.188.53
90,Corilla,Bruty,cbruty2h@1688.com,Female,211.40.139.97
91,Melitta,Comer,mcomer2i@acquirethisname.com,Female,216.232.211.2
92,Ardyce,Letessier,aletessier2j@bbb.org,Female,194.54.183.131
93,Carmelita,Ingley,cingley2k@arstechnica.com,Female,55.11.7.101
94,Marven,Hinchcliffe,mhinchcliffe2l@wikipedia.org,Male,157.160.128.13
95,Hewet,Johnke,hjohnke2m@kickstarter.com,Male,213.5.150.170
96,Carena,Tavener,ctavener2n@ustream.tv,Female,9.23.13.101
97,Gavin,Connelly,gconnelly2o@umich.edu,Male,85.86.181.205
98,Ranique,Willis,rwillis2p@cdc.gov,Female,206.146.34.15
99,Hayes,Killik,hkillik2q@marketwatch.com,Male,156.178.73.255
100,Skippy,Kenvin,skenvin2r@businesswire.com,Male,245.81.168.208
101,Valentina,Rowles,vrowles2s@tumblr.com,Female,84.210.170.150
102,Bryon,MacCallister,bmaccallister2t@facebook.com,Male,40.61.205.80
103,Meridel,Greenalf,mgreenalf2u@sciencedaily.com,Polygender,93.178.251.2
104,Jeanette,Jesson,jjesson2v@dailymotion.com,Female,164.57.133.225
105,Jessa,Petrie,jpetrie2w@java.com,Female,23.62.171.245
106,Ofelia,Leif,oleif2x@opensource.org,Polygender,3.217.161.161
107,Austine,Beek,abeek2y@furl.net,Female,46.3.85.245
108,Christan,Sterrie,csterrie2z@yelp.com,Agender,28.23.6.219
109,Heywood,Naismith,hnaismith30@4shared.com,Male,98.185.205.188
110,Kenny,Trimble,ktrimble31@ca.gov,Male,18.209.206.156
111,Nedi,Blaza,nblaza32@bloglines.com,Female,3.70.48.237
112,Fedora,Huckle,fhuckle33@latimes.com,Female,31.182.69.189
113,Jae,Comiam,jcomiam34@mac.com,Male,176.58.129.85
114,Teresina,Itzkovich,titzkovich35@fotki.com,Female,204.195.211.169
115,Laetitia,Meale,lmeale36@house.gov,Female,62.58.123.111
116,Meggy,Tollady,mtollady37@slashdot.org,Female,177.173.142.240
117,Dacey,Beckett,dbeckett38@clickbank.net,Female,120.22.97.28
118,Millie,Whatsize,mwhatsize39@alibaba.com,Female,73.197.225.222
119,Marget,Bleue,mbleue3a@mediafire.com,Female,199.186.201.142
120,Edlin,Clare,eclare3b@patch.com,Male,211.185.127.125
121,Esteban,O' Markey,eomarkey3c@woothemes.com,Male,57.153.154.68
122,Clive,Paske,cpaske3d@freewebs.com,Male,189.71.193.168
123,Lauri,Sleigh,lsleigh3e@state.tx.us,Female,250.201.121.4
124,Rosie,Duce,rduce3f@soundcloud.com,Female,198.222.17.87
125,Chicky,Bes,cbes3g@wunderground.com,Female,16.25.178.38
126,Engelbert,Matas,ematas3h@washington.edu,Male,148.220.213.60
127,Sammy,Mennithorp,smennithorp3i@nbcnews.com,Male,135.90.120.41
128,Angela,Nortcliffe,anortcliffe3j@scribd.com,Genderqueer,148.129.153.67
129,Dona,Icom,dicom3k@wufoo.com,Female,125.128.153.48
130,Derron,Bowskill,dbowskill3l@hubpages.com,Male,45.198.14.197
131,Rickey,Bendley,rbendley3m@studiopress.com,Male,72.74.30.207
132,Norry,Joynson,njoynson3n@paypal.com,Male,82.12.88.229
133,Othelia,Monro,omonro3o@fc2.com,Female,154.82.208.51
134,Fredrick,Tremellan,ftremellan3p@ifeng.com,Male,171.107.57.37
135,Brandtr,Landa,blanda3q@yelp.com,Male,209.60.216.231
136,Danny,Lukacs,dlukacs3r@hubpages.com,Polygender,137.245.43.89
137,Clemente,Bulstrode,cbulstrode3s@columbia.edu,Genderfluid,28.133.9.29
138,Man,Threlkeld,mthrelkeld3t@smugmug.com,Male,9.131.40.100
139,Fionna,Markos,fmarkos3u@slideshare.net,Female,59.241.57.188
140,Siffre,Tivolier,stivolier3v@ftc.gov,Male,5.177.186.47
141,Billi,Issacson,bissacson3w@artisteer.com,Bigender,50.111.89.59
142,Barris,Craddy,bcraddy3x@livejournal.com,Male,72.206.17.186
143,Paule,Pople,ppople3y@yellowpages.com,Female,129.241.135.15
144,Emelen,Colerick,ecolerick3z@homestead.com,Male,162.157.56.46
145,Pall,Coule,pcoule40@mediafire.com,Male,5.152.100.50
146,Teodora,Di Nisco,tdinisco41@yellowbook.com,Female,57.236.72.90
147,Nicholas,Casley,ncasley42@theguardian.com,Male,94.149.29.194
148,Elroy,Abramovitz,eabramovitz43@nydailynews.com,Male,80.130.153.70
149,Cordey,Fairfull,cfairfull44@furl.net,Female,2.168.57.99
150,Fredi,Parcall,fparcall45@bloomberg.com,Female,55.74.185.44
151,Heloise,Frickey,hfrickey46@comsenz.com,Female,44.216.155.227
152,Kippie,Henighan,khenighan47@dell.com,Male,102.118.26.23
153,Vergil,Titherington,vtitherington48@pagesperso-orange.fr,Male,66.182.96.106
154,Toni,Schiersch,tschiersch49@lulu.com,Genderfluid,59.44.84.166
155,Katharyn,Gerdes,kgerdes4a@domainmarket.com,Female,163.166.235.44
156,Garek,Cockarill,gcockarill4b@mozilla.org,Male,132.0.32.152
157,Kerrin,Varndall,kvarndall4c@webnode.com,Female,172.213.236.186
158,Ewan,Scrooby,escrooby4d@google.pl,Male,46.81.205.87
159,Lucas,Fibbit,lfibbit4e@privacy.gov.au,Male,56.28.192.201
160,Rahal,Fley,rfley4f@foxnews.com,Female,99.90.176.1
161,Jordain,Hurd,jhurd4g@chron.com,Female,61.150.117.203
162,Corinna,Dassindale,cdassindale4h@oaic.gov.au,Female,133.163.50.33
163,Edythe,Hassell,ehassell4i@cmu.edu,Female,118.87.191.112
164,Lee,Benley,lbenley4j@about.com,Female,61.21.42.96
165,Carilyn,Manston,cmanston4k@domainmarket.com,Female,99.12.151.153
166,Tyson,Benkhe,tbenkhe4l@histats.com,Male,12.111.248.98
167,Say,Cocozza,scocozza4m@tripadvisor.com,Male,126.37.165.67
168,Marcella,Marchington,mmarchington4n@cbslocal.com,Female,120.186.17.201
169,Reginald,Dowty,rdowty4o@arizona.edu,Male,91.237.146.207
170,Jacky,Dionis,jdionis4p@aol.com,Female,151.217.152.226
171,Thaine,Wilkennson,twilkennson4q@tamu.edu,Male,75.252.63.35
172,Silvana,Bowyer,sbowyer4r@w3.org,Non-binary,240.230.33.31
173,Roland,Neely,rneely4s@cdbaby.com,Male,114.158.109.61
174,Teresina,Blakely,tblakely4t@is.gd,Female,186.217.83.105
175,Ralina,Stallan,rstallan4u@va.gov,Genderfluid,108.200.223.49
176,Simone,Lusher,slusher4v@cnet.com,Female,241.69.29.164
177,Rodge,O'Ferris,roferris4w@foxnews.com,Polygender,166.147.193.98
178,Muriel,Kincla,mkincla4x@cnbc.com,Female,222.33.8.67
179,Brice,Mulrean,bmulrean4y@miibeian.gov.cn,Male,8.130.237.165
180,Sally,Southerns,ssoutherns4z@ask.com,Female,119.210.244.204
181,Heath,Pracy,hpracy50@deliciousdays.com,Female,72.255.171.216
182,Sybila,Laingmaid,slaingmaid51@google.com.hk,Female,180.151.37.68
183,Meridel,Blessed,mblessed52@4shared.com,Female,1.83.237.5
184,Erinna,Van der Brugge,evanderbrugge53@senate.gov,Female,3.54.223.164
185,Zsazsa,Vaneschi,zvaneschi54@mapquest.com,Female,205.84.50.68
186,Llywellyn,Blackston,lblackston55@vinaora.com,Male,78.240.77.96
187,Jules,Colquit,jcolquit56@aol.com,Male,161.233.117.1
188,Lennie,Rossin,lrossin57@amazon.co.uk,Male,71.70.12.165
189,Leshia,Bradane,lbradane58@theglobeandmail.com,Female,79.243.183.2
190,Rakel,Bailes,rbailes59@ed.gov,Genderfluid,186.4.203.62
191,Carmencita,Mault,cmault5a@virginia.edu,Female,31.116.125.251
192,Abram,Seefeldt,aseefeldt5b@ted.com,Male,89.109.113.192
193,Colly,Tefft,ctefft5c@elpais.com,Female,103.243.73.241
194,Hyacinthie,Dooman,hdooman5d@columbia.edu,Female,133.42.129.4
195,Annmarie,Wace,awace5e@google.it,Female,241.130.27.74
196,Polly,Schimek,pschimek5f@cbc.ca,Female,62.192.93.4
197,Marcia,Arend,marend5g@a8.net,Female,246.219.83.202
198,Cullin,Bollen,cbollen5h@joomla.org,Male,43.212.36.132
199,Vladimir,Wyon,vwyon5i@biblegateway.com,Male,151.203.157.204
200,Poul,O'Reagan,poreagan5j@prlog.org,Male,154.173.99.70
201,Bert,Tiddeman,btiddeman5k@bing.com,Male,103.253.117.47
202,Creigh,Pauluzzi,cpauluzzi5l@hatena.ne.jp,Male,83.187.136.4
203,Ethel,Silverston,esilverston5m@github.io,Female,161.193.192.52
204,Margarita,Berzons,mberzons5n@pinterest.com,Female,141.194.127.3
205,Felita,Dreye,fdreye5o@e-recht24.de,Female,123.138.186.97
206,Jaquenette,Mummery,jmummery5p@joomla.org,Female,47.149.5.46
207,Rudiger,Vogl,rvogl5q@mapquest.com,Male,233.13.210.132
208,Elvina,Oxlee,eoxlee5r@blogspot.com,Female,6.77.237.13
209,Keven,Uebel,kuebel5s@addtoany.com,Male,17.185.95.13
210,Charlene,Brede,cbrede5t@china.com.cn,Female,142.111.11.84
211,Mariellen,Tzuker,mtzuker5u@mac.com,Female,171.202.6.250
212,Terri,Rooper,trooper5v@surveymonkey.com,Male,14.130.50.157
213,Millisent,Melrose,mmelrose5w@eepurl.com,Genderfluid,46.155.183.26
214,Care,Scibsey,cscibsey5x@behance.net,Bigender,49.152.88.90
215,Delmor,Bellon,dbellon5y@illinois.edu,Male,72.234.103.211
216,Philomena,Endle,pendle5z@webnode.com,Female,142.212.50.233
217,Kaylyn,Shieber,kshieber60@xing.com,Female,58.180.70.181
218,Claudetta,Stoggles,cstoggles61@nature.com,Female,98.199.207.172
219,Dilan,Behrens,dbehrens62@un.org,Male,150.169.123.171
220,Lyda,Swaton,lswaton63@ucoz.com,Female,40.172.123.208
221,Jedediah,Tilney,jtilney64@omniture.com,Male,47.139.16.22
222,Garrett,Wixon,gwixon65@home.pl,Male,170.120.15.200
223,Karna,Dowbekin,kdowbekin66@yelp.com,Female,43.86.168.213
224,Aleece,Koopman,akoopman67@squidoo.com,Female,54.2.90.176
225,Daven,Martinello,dmartinello68@mozilla.org,Male,62.77.208.132
226,Jaquenetta,Wisher,jwisher69@ebay.com,Female,191.174.143.6
227,Bertram,Wickson,bwickson6a@ow.ly,Male,71.243.190.42
228,Marin,Leithgoe,mleithgoe6b@time.com,Female,23.99.12.234
229,Justina,Sighart,jsighart6c@furl.net,Female,38.49.142.6
230,Larine,Fitzer,lfitzer6d@netvibes.com,Female,101.180.50.233
231,Flin,Renvoise,frenvoise6e@i2i.jp,Male,171.248.10.76
232,Melonie,O' Flaherty,moflaherty6f@stanford.edu,Female,249.157.168.224
233,Melanie,Giraudeau,mgiraudeau6g@patch.com,Female,94.55.2.88
234,Ettore,Ganley,eganley6h@livejournal.com,Male,125.223.41.189
235,Stevena,Baumann,sbaumann6i@yahoo.com,Female,218.106.179.45
236,Anjanette,Murphy,amurphy6j@unicef.org,Agender,9.133.32.30
237,Reg,Mallion,rmallion6k@yale.edu,Male,174.81.116.202
238,Chandler,Knewstubb,cknewstubb6l@epa.gov,Male,73.173.121.204
239,Dew,Thame,dthame6m@utexas.edu,Male,160.192.240.165
240,Ruprecht,Burnall,rburnall6n@t.co,Male,112.233.50.136
241,Coop,Honacker,chonacker6o@cbc.ca,Male,47.85.104.112
242,Dorena,Eynaud,deynaud6p@hud.gov,Female,175.37.134.193
243,Hans,Bills,hbills6q@mozilla.com,Bigender,104.84.69.178
244,Aharon,Stamps,astamps6r@gizmodo.com,Male,195.40.245.230
245,Hewett,Ferreri,hferreri6s@mac.com,Male,245.221.153.78
246,Gussi,Lavallin,glavallin6t@huffingtonpost.com,Female,114.2.74.133
247,Margi,Houlworth,mhoulworth6u@canalblog.com,Female,2.83.175.208
248,Lisetta,Diss,ldiss6v@chronoengine.com,Female,186.109.130.103
249,Thomasin,Cushworth,tcushworth6w@opera.com,Genderfluid,156.51.217.249
250,Selinda,Dorran,sdorran6x@fc2.com,Female,164.34.71.83
251,Raynor,O'Flynn,roflynn6y@uol.com.br,Male,113.173.179.169
252,Doloritas,Neligan,dneligan6z@pinterest.com,Female,250.145.214.40
253,Lesley,Orsay,lorsay70@cam.ac.uk,Female,166.164.47.0
254,Quintus,Mechi,qmechi71@last.fm,Polygender,144.176.170.243
255,Darwin,Minico,dminico72@google.co.uk,Male,208.88.50.164
256,Cynthea,Sayes,csayes73@uol.com.br,Female,237.44.181.185
257,Ula,Tiuit,utiuit74@geocities.com,Female,47.113.208.61
258,Carmencita,Carless,ccarless75@time.com,Female,165.255.142.187
259,Rick,Brabyn,rbrabyn76@fema.gov,Male,196.85.38.113
260,Wenona,Clarricoates,wclarricoates77@cbslocal.com,Female,146.225.50.129
261,Tarrance,Grassett,tgrassett78@com.com,Male,34.179.44.92
262,Lucina,Hawkyens,lhawkyens79@bigcartel.com,Female,198.249.36.14
263,Holly,Braizier,hbraizier7a@guardian.co.uk,Male,244.83.168.238
264,Crissy,Belloch,cbelloch7b@hibu.com,Female,78.198.53.202
265,Carolyne,Kluss,ckluss7c@mapy.cz,Female,165.94.134.160
266,Xymenes,Klementz,xklementz7d@arizona.edu,Male,8.160.168.37
267,Chrysler,Sales,csales7e@weibo.com,Female,253.74.87.53
268,Winn,Havard,whavard7f@xrea.com,Male,102.26.16.213
269,Shadow,Pottberry,spottberry7g@noaa.gov,Male,186.162.225.203
270,Franzen,Peoples,fpeoples7h@google.fr,Agender,8.38.168.1
271,Jeth,Blakeslee,jblakeslee7i@unc.edu,Male,31.14.37.200
272,Shela,Balthasar,sbalthasar7j@nymag.com,Female,244.69.65.133
273,Ricki,Grant,rgrant7k@stumbleupon.com,Male,94.117.154.246
274,Alvan,Hargraves,ahargraves7l@nbcnews.com,Male,123.224.99.233
275,Bili,Harse,bharse7m@bbb.org,Female,222.218.91.240
276,Emory,Cook,ecook7n@slate.com,Male,44.70.250.24
277,Jaye,Larive,jlarive7o@clickbank.net,Male,166.248.49.182
278,Pegeen,Finnie,pfinnie7p@arstechnica.com,Female,143.78.145.144
279,Rossie,Skirving,rskirving7q@google.co.jp,Male,73.89.114.218
280,Angelita,Corballis,acorballis7r@nba.com,Female,66.149.196.243
281,Tucky,Soppitt,tsoppitt7s@slate.com,Male,14.180.185.229
282,Darryl,Lumbly,dlumbly7t@archive.org,Female,192.197.235.153
283,Muffin,Labusquiere,mlabusquiere7u@nytimes.com,Female,117.18.0.53
284,Olly,Halkyard,ohalkyard7v@jimdo.com,Female,119.225.172.152
285,Read,Milier,rmilier7w@bravesites.com,Male,250.39.173.98
286,Chariot,Wilprecht,cwilprecht7x@macromedia.com,Male,247.186.209.233
287,Michelle,Jarlmann,mjarlmann7y@google.com,Female,75.181.195.69
288,Gnni,Abeles,gabeles7z@hp.com,Female,241.186.86.249
289,Sallyann,Checcucci,scheccucci80@forbes.com,Female,51.232.129.246
290,Bambi,Kaspar,bkaspar81@zdnet.com,Female,232.165.93.152
291,Shelley,Gerholz,sgerholz82@about.me,Genderqueer,22.146.31.92
292,Hallie,Macey,hmacey83@altervista.org,Bigender,64.150.226.102
293,Casi,Mead,cmead84@princeton.edu,Female,35.139.35.133
294,Alessandro,Kaser,akaser85@reuters.com,Male,82.19.165.197
295,Willdon,Stather,wstather86@berkeley.edu,Male,194.203.250.69
296,Gherardo,McVaugh,gmcvaugh87@baidu.com,Male,204.162.255.104
297,Gawain,Thor,gthor88@discovery.com,Male,95.4.172.125
298,Rosemonde,Teaz,rteaz89@linkedin.com,Female,12.6.211.233
299,Adlai,Garrattley,agarrattley8a@symantec.com,Male,218.126.224.16
300,Ada,Munt,amunt8b@rakuten.co.jp,Female,11.251.194.173
301,Inigo,Shurman,ishurman8c@dot.gov,Male,80.147.51.218
302,Keeley,Faustian,kfaustian8d@vistaprint.com,Female,190.112.199.37
303,Jacki,Mossdale,jmossdale8e@comsenz.com,Female,122.76.127.139
304,Normand,Newsham,nnewsham8f@bravesites.com,Male,246.92.203.54
305,Anet,Hilliam,ahilliam8g@soundcloud.com,Female,207.231.232.236
306,Marlow,Edgeler,medgeler8h@google.nl,Male,197.167.2.36
307,Tanya,Rodear,trodear8i@harvard.edu,Female,160.151.161.20
308,Garek,O'Cannovane,gocannovane8j@google.it,Male,242.90.20.102
309,Luz,Dibbin,ldibbin8k@paginegialle.it,Female,70.249.43.93
310,Stanley,Willgress,swillgress8l@tumblr.com,Male,238.124.144.131
311,Briana,Isselee,bisselee8m@noaa.gov,Female,32.18.246.111
312,Horst,Mamwell,hmamwell8n@wordpress.org,Male,237.251.47.146
313,Nealson,Bleasdale,nbleasdale8o@edublogs.org,Male,122.124.178.21
314,Thomas,Stedson,tstedson8p@va.gov,Male,48.219.214.245
315,Kaycee,Wackly,kwackly8q@exblog.jp,Female,230.119.251.214
316,Lorine,Suarez,lsuarez8r@walmart.com,Female,181.130.95.61
317,Herculie,Mant,hmant8s@imgur.com,Male,30.54.108.21
318,Celestyna,Filipic,cfilipic8t@sina.com.cn,Female,24.72.162.108
319,Ward,Kamall,wkamall8u@independent.co.uk,Male,149.127.148.138
320,Bunni,Scollan,bscollan8v@goodreads.com,Female,242.188.42.23
321,Lincoln,Dies,ldies8w@dedecms.com,Male,127.195.222.232
322,Veronika,Whybray,vwhybray8x@icio.us,Female,31.179.166.23
323,Wilma,Olley,wolley8y@tripadvisor.com,Female,71.177.90.155
324,Lora,Gristock,lgristock8z@simplemachines.org,Female,187.254.74.206
325,Tedman,Vondrys,tvondrys90@wp.com,Male,16.191.14.233
326,Manuel,Patience,mpatience91@yandex.ru,Male,224.192.133.221
327,Laurice,Ledson,lledson92@jigsy.com,Female,239.107.221.133
328,Amalea,Nevitt,anevitt93@google.it,Female,221.202.106.77
329,Homere,Worland,hworland94@angelfire.com,Male,116.125.86.124
330,Leslie,Sheppey,lsheppey95@chron.com,Female,120.167.4.18
331,Hilary,Elmhurst,helmhurst96@europa.eu,Female,210.33.238.198
332,Evan,Hamill,ehamill97@globo.com,Male,138.250.76.165
333,Britney,Crass,bcrass98@tmall.com,Genderfluid,63.121.78.83
334,Lisbeth,Sinncock,lsinncock99@cdc.gov,Female,167.245.237.79
335,Donni,Andrzejczak,dandrzejczak9a@uol.com.br,Female,94.66.55.88
336,Gonzalo,Pull,gpull9b@google.co.jp,Male,126.51.153.95
337,Harwilll,Soro,hsoro9c@delicious.com,Male,224.54.45.224
338,Fanchette,Lowson,flowson9d@livejournal.com,Female,215.151.174.93
339,Erl,Burgisi,eburgisi9e@nymag.com,Male,233.99.124.215
340,Dulcinea,Raddenbury,draddenbury9f@kickstarter.com,Female,135.63.10.245
341,Toby,Baversor,tbaversor9g@unesco.org,Female,147.135.73.153
342,Goldi,Prue,gprue9h@nih.gov,Bigender,118.195.62.196
343,Susann,Somerlie,ssomerlie9i@etsy.com,Female,223.224.210.46
344,Floris,Morewood,fmorewood9j@odnoklassniki.ru,Female,253.199.43.252
345,Ruthie,Moseley,rmoseley9k@photobucket.com,Female,8.55.33.3
346,Cam,Van Son,cvanson9l@networkadvertising.org,Male,195.238.123.240
347,Marnie,Flamank,mflamank9m@moonfruit.com,Female,242.226.244.9
348,Jeremie,Asplin,jasplin9n@cargocollective.com,Male,230.140.60.144
349,Kalinda,MacCartan,kmaccartan9o@kickstarter.com,Female,232.96.48.121
350,Jannel,De Hooge,jdehooge9p@china.com.cn,Female,96.16.155.27
351,Gayler,Roadknight,groadknight9q@google.co.jp,Male,222.189.128.216
352,Timmy,Cutress,tcutress9r@unblog.fr,Male,163.25.0.233
353,Xever,Carress,xcarress9s@woothemes.com,Male,35.21.143.30
354,Vanni,Rubroe,vrubroe9t@imdb.com,Agender,27.52.45.142
355,Taddeusz,Danher,tdanher9u@indiatimes.com,Male,76.92.5.202
356,Warden,Tomisch,wtomisch9v@youtu.be,Male,248.55.83.233
357,Suzanne,Bebb,sbebb9w@mashable.com,Female,93.124.70.137
358,Sammie,Poolton,spoolton9x@chronoengine.com,Male,33.151.66.102
359,Zelda,Ziemen,zziemen9y@bizjournals.com,Female,175.207.42.69
360,Dimitry,Franzini,dfranzini9z@amazon.de,Male,2.152.135.107
361,Hedwig,McGowan,hmcgowana0@360.cn,Genderfluid,208.163.29.140
362,Diahann,Lepoidevin,dlepoidevina1@youtube.com,Female,193.194.93.204
363,Patrizio,Rhodus,prhodusa2@unblog.fr,Male,102.92.46.46
364,Stillman,Roddie,sroddiea3@netscape.com,Polygender,86.142.10.88
365,Willie,Mingame,wmingamea4@posterous.com,Female,243.241.161.152
366,Nickolai,Tildesley,ntildesleya5@csmonitor.com,Male,56.209.145.116
367,Marylin,Pennyman,mpennymana6@privacy.gov.au,Female,149.113.101.72
368,Hugh,Collard,hcollarda7@ox.ac.uk,Male,141.145.9.233
369,Libbi,Tregea,ltregeaa8@domainmarket.com,Female,10.17.137.49
370,Shell,Trent,strenta9@gizmodo.com,Female,41.165.162.164
371,Elvis,Studholme,estudholmeaa@1und1.de,Male,35.156.170.81
372,Herb,Monsey,hmonseyab@woothemes.com,Male,183.244.246.54
373,Adelaide,Jillitt,ajillittac@chronoengine.com,Female,90.81.38.203
374,Enid,Fedorchenko,efedorchenkoad@umich.edu,Female,57.237.246.61
375,Crin,Nerne,cnerneae@desdev.cn,Female,108.89.229.51
376,Israel,Napper,inapperaf@de.vu,Male,47.203.93.231
377,Wyatt,Waddingham,wwaddinghamag@usda.gov,Male,70.22.50.240
378,Keith,Murdie,kmurdieah@prnewswire.com,Male,71.17.32.29
379,Dee dee,Lewin,dlewinai@surveymonkey.com,Female,47.167.54.124
380,Marinna,Verner,mverneraj@chicagotribune.com,Female,3.13.27.253
381,Hobey,Barkley,hbarkleyak@yellowpages.com,Male,235.68.36.112
382,Barn,McDuffie,bmcduffieal@washington.edu,Male,34.155.71.179
383,Jermain,Whatham,jwhathamam@google.nl,Genderfluid,104.134.38.77
384,Shep,Dolan,sdolanan@huffingtonpost.com,Male,36.106.250.246
385,Pierrette,Tolotti,ptolottiao@google.co.jp,Female,199.227.210.1
386,Sheffy,Camin,scaminap@instagram.com,Male,17.234.208.69
387,Aksel,Drever,adreveraq@exblog.jp,Male,157.155.149.176
388,Andria,De Few,adefewar@canalblog.com,Female,91.15.39.56
389,Pate,Blasetti,pblasettias@gnu.org,Male,57.189.88.94
390,Deeanne,McDell,dmcdellat@ask.com,Female,191.125.242.212
391,Pooh,Chretien,pchretienau@miitbeian.gov.cn,Male,59.142.18.4
392,Brynna,Danahar,bdanaharav@biblegateway.com,Female,10.171.79.11
393,Jodi,Duffrie,jduffrieaw@yandex.ru,Male,163.137.219.236
394,Ami,Pietasch,apietaschax@homestead.com,Female,47.1.110.45
395,Ty,Keymar,tkeymaray@amazon.com,Genderfluid,53.54.175.134
396,Tristan,Byk,tbykaz@salon.com,Male,125.130.45.157
397,Perkin,Ochterlony,pochterlonyb0@nih.gov,Male,180.180.121.137
398,Kevina,Gilley,kgilleyb1@printfriendly.com,Female,16.223.115.26
399,Cilka,Boyen,cboyenb2@indiatimes.com,Female,136.69.164.72
400,Ashia,Dooher,adooherb3@flickr.com,Female,162.107.124.40
401,Stanislas,Halegarth,shalegarthb4@bing.com,Male,0.88.212.243
402,Stephine,Beddows,sbeddowsb5@cbsnews.com,Female,98.19.63.15
403,Inger,Marshfield,imarshfieldb6@i2i.jp,Male,3.149.36.210
404,Raychel,Gwatkin,rgwatkinb7@tripod.com,Female,166.25.108.161
405,Berkie,Matusevich,bmatusevichb8@msu.edu,Male,166.131.116.251
406,Alphard,Wickwar,awickwarb9@cocolog-nifty.com,Male,195.168.93.104
407,Erminie,Neeve,eneeveba@de.vu,Female,100.166.93.54
408,Vanda,Butte,vbuttebb@infoseek.co.jp,Female,152.10.87.122
409,Birch,Pendered,bpenderedbc@123-reg.co.uk,Non-binary,70.50.239.141
410,Adoree,Quogan,aquoganbd@sitemeter.com,Female,179.136.220.74
411,Guenevere,Shropshire,gshropshirebe@ebay.co.uk,Female,71.210.126.80
412,Rebecca,Bamber,rbamberbf@wikimedia.org,Female,155.59.4.167
413,Silvana,Spratley,sspratleybg@fotki.com,Female,23.7.150.130
414,Scotty,Garrison,sgarrisonbh@phpbb.com,Male,193.42.180.160
415,Gregoor,Rivilis,grivilisbi@sina.com.cn,Male,221.112.217.56
416,Kristina,Tidbold,ktidboldbj@tamu.edu,Female,51.156.129.67
417,Bentlee,Mapson,bmapsonbk@unicef.org,Male,70.204.3.150
418,Marnie,Rupp,mruppbl@blogger.com,Genderqueer,178.39.42.196
419,Nollie,Rove,nrovebm@w3.org,Male,198.127.60.106
420,Hermina,Gwillyam,hgwillyambn@alexa.com,Female,190.194.20.0
421,Ethelred,Gammell,egammellbo@simplemachines.org,Male,119.174.218.172
422,Silvanus,Gwyer,sgwyerbp@nyu.edu,Male,184.94.170.215
423,Herold,Tyhurst,htyhurstbq@technorati.com,Male,88.196.31.160
424,Morse,Ianitti,mianittibr@sbwire.com,Male,164.81.75.115
425,Lucian,Dudding,lduddingbs@blog.com,Male,23.192.200.199
426,Analiese,Schankel,aschankelbt@wikipedia.org,Female,197.245.193.50
427,Darleen,Pagen,dpagenbu@myspace.com,Female,204.213.181.103
428,Judie,Gracewood,jgracewoodbv@eepurl.com,Female,143.250.183.102
429,Arabelle,Royston,aroystonbw@mapquest.com,Female,176.21.89.53
430,Nathalia,Paulon,npaulonbx@sohu.com,Genderfluid,225.111.70.46
431,Chet,John,cjohnby@huffingtonpost.com,Male,253.131.215.141
432,Antonio,Deveral,adeveralbz@slashdot.org,Non-binary,61.180.181.195
433,Nicolas,Giannotti,ngiannottic0@usda.gov,Male,58.64.168.97
434,Maribelle,Wigg,mwiggc1@unc.edu,Female,7.228.255.27
435,Rickert,McClaren,rmcclarenc2@geocities.jp,Male,149.5.230.111
436,Gard,Wooldridge,gwooldridgec3@slideshare.net,Male,166.185.12.143
437,Jandy,Skippon,jskipponc4@theatlantic.com,Bigender,5.40.67.118
438,Angel,Levi,alevic5@twitpic.com,Female,5.27.88.136
439,Carmina,McGeffen,cmcgeffenc6@pen.io,Female,212.218.93.144
440,Bank,Lerway,blerwayc7@i2i.jp,Male,139.79.60.140
441,Maddi,Broomhall,mbroomhallc8@omniture.com,Genderqueer,225.254.8.153
442,Sergent,Polhill,spolhillc9@skype.com,Male,220.193.146.123
443,Englebert,Wellman,ewellmanca@salon.com,Male,152.163.3.216
444,Boycie,Ambrogi,bambrogicb@zimbio.com,Male,243.224.182.171
445,Coraline,Doggerell,cdoggerellcc@squidoo.com,Female,220.122.56.87
446,Maurice,Osborn,mosborncd@topsy.com,Male,29.234.177.109
447,Hussein,Cunney,hcunneyce@wikipedia.org,Male,97.29.54.61
448,Jourdan,Hunnable,jhunnablecf@ucsd.edu,Female,251.172.64.124
449,Marlena,Brackenridge,mbrackenridgecg@yahoo.com,Female,226.78.56.243
450,Bambie,Sainz,bsainzch@domainmarket.com,Female,13.202.97.53
451,Lorenza,Coleshill,lcoleshillci@uiuc.edu,Female,11.241.114.168
452,Jodee,Meaking,jmeakingcj@a8.net,Female,50.138.161.144
453,Jenilee,Wetherald,jwetheraldck@seattletimes.com,Female,139.57.247.109
454,Charlton,Ragborne,cragbornecl@printfriendly.com,Male,33.48.195.26
455,Sibella,Touret,stouretcm@archive.org,Genderqueer,33.180.228.28
456,Margalit,Gerrad,mgerradcn@google.com.br,Female,130.242.82.53
457,Desdemona,Doxsey,ddoxseyco@forbes.com,Female,93.176.82.245
458,Agustin,Bodham,abodhamcp@joomla.org,Male,73.8.201.79
459,Evyn,Bedinham,ebedinhamcq@jalbum.net,Male,155.96.153.191
460,Parsifal,Judson,pjudsoncr@csmonitor.com,Male,51.22.185.30
461,Elvina,Headrick,eheadrickcs@a8.net,Female,11.238.187.174
462,Trude,Santo,tsantoct@youtube.com,Female,219.174.7.162
463,Colene,O'Harney,coharneycu@hostgator.com,Female,209.133.19.214
464,Honoria,Dench,hdenchcv@usnews.com,Female,196.53.161.9
465,Ashton,Hayes,ahayescw@msn.com,Bigender,42.243.142.49
466,Marlyn,Romaine,mromainecx@mysql.com,Female,5.125.116.76
467,Roddie,Trippett,rtrippettcy@reverbnation.com,Male,212.21.109.100
468,Burk,Stigers,bstigerscz@va.gov,Male,37.219.58.200
469,Iver,Kmiec,ikmiecd0@tiny.cc,Male,175.127.108.234
470,Mireille,Enterlein,menterleind1@nyu.edu,Female,99.250.111.117
471,Doll,Dodle,ddodled2@cyberchimps.com,Female,189.229.230.6
472,Brand,Fellona,bfellonad3@google.nl,Male,127.65.228.61
473,Selma,Remer,sremerd4@gmpg.org,Female,62.231.232.10
474,Richmond,Morffew,rmorffewd5@huffingtonpost.com,Male,138.253.116.91
475,Maegan,Lorinez,mlorinezd6@edublogs.org,Female,39.39.18.59
476,Nicoline,Morot,nmorotd7@yale.edu,Female,150.51.49.118
477,Sharyl,Moorcraft,smoorcraftd8@wikipedia.org,Female,93.48.254.204
478,Antone,Conrard,aconrardd9@blogs.com,Male,249.214.73.139
479,Salli,Belloch,sbellochda@xinhuanet.com,Female,174.98.3.243
480,Eric,Jansens,ejansensdb@mapquest.com,Male,89.140.192.70
481,Rhetta,Gosden,rgosdendc@jalbum.net,Female,96.158.169.67
482,Coleen,Tallboy,ctallboydd@infoseek.co.jp,Bigender,129.18.127.47
483,Kassie,Crowcroft,kcrowcroftde@tumblr.com,Female,7.212.83.240
484,Demeter,Culwen,dculwendf@tinyurl.com,Female,80.172.55.150
485,Ekaterina,Rockingham,erockinghamdg@smh.com.au,Female,181.224.186.26
486,Gavan,Drabble,gdrabbledh@myspace.com,Male,140.167.236.61
487,Sallyann,Acome,sacomedi@discuz.net,Female,83.216.97.80
488,Aurilia,Scowcraft,ascowcraftdj@csmonitor.com,Female,166.241.52.111
489,Quentin,Brewer,qbrewerdk@economist.com,Male,224.235.149.13
490,Ediva,Giraudou,egiraudoudl@macromedia.com,Female,130.193.201.252
491,Rivkah,Wedlock,rwedlockdm@epa.gov,Female,160.90.117.193
492,Sella,Dionisi,sdionisidn@mysql.com,Female,59.156.14.141
493,Alden,Kinneir,akinneirdo@redcross.org,Male,19.100.224.123
494,Jasmine,Aizlewood,jaizlewooddp@archive.org,Female,158.150.183.194
495,Cesar,Bloxsom,cbloxsomdq@examiner.com,Male,119.170.243.29
496,Kerianne,Bursell,kburselldr@techcrunch.com,Female,173.58.36.155
497,Clemmy,Henmarsh,chenmarshds@dot.gov,Female,12.83.120.28
498,Faydra,Hoggin,fhoggindt@time.com,Female,172.164.49.159
499,Enrika,Eric,eericdu@yellowpages.com,Female,239.205.86.31
500,El,Powell,epowelldv@posterous.com,Male,124.28.25.242
501,Tani,Couroy,tcouroydw@flavors.me,Female,214.46.7.153
502,Deana,Osgodby,dosgodbydx@cmu.edu,Female,105.155.76.184
503,Hollyanne,Beade,hbeadedy@archive.org,Female,110.21.117.113
504,Kenon,Upwood,kupwooddz@engadget.com,Male,123.217.207.255
505,Chad,Hartgill,chartgille0@pagesperso-orange.fr,Agender,49.190.144.77
506,Channa,Allaker,callakere1@amazon.com,Female,18.184.35.184
507,Ed,Regenhardt,eregenhardte2@buzzfeed.com,Genderfluid,61.128.45.93
508,Marlow,Adamkiewicz,madamkiewicze3@over-blog.com,Male,196.94.192.66
509,Tam,Spoure,tspouree4@wp.com,Male,174.144.244.154
510,Bethanne,Housam,bhousame5@discuz.net,Female,21.38.71.194
511,Wyatt,Whisker,wwhiskere6@marketwatch.com,Male,96.219.252.247
512,Byron,Pharrow,bpharrowe7@twitpic.com,Male,144.69.237.213
513,Alvinia,Drust,adruste8@globo.com,Female,207.189.12.47
514,Isador,Schaffler,ischafflere9@weather.com,Male,18.127.21.183
515,Arnoldo,Yuryshev,ayuryshevea@paypal.com,Male,145.63.155.28
516,Wolfgang,Doget,wdogeteb@cyberchimps.com,Male,224.22.9.26
517,Abner,Stanion,astanionec@youku.com,Male,238.117.47.241
518,Lydia,Coalbran,lcoalbraned@joomla.org,Female,65.143.84.243
519,Terri,Ingliby,tinglibyee@eventbrite.com,Male,151.166.121.254
520,Jenifer,Waddell,jwaddellef@nationalgeographic.com,Female,44.98.104.209
521,Antons,Elington,aelingtoneg@gnu.org,Male,13.10.5.129
522,Dickie,Schwander,dschwandereh@wufoo.com,Agender,77.101.236.122
523,Bryant,Snozzwell,bsnozzwellei@google.it,Male,18.17.75.81
524,Rebekah,Onyon,ronyonej@skype.com,Genderqueer,43.162.1.120
525,Dalli,Holleran,dholleranek@tumblr.com,Male,110.176.132.192
526,Althea,Bartolomeotti,abartolomeottiel@360.cn,Female,10.1.213.92
527,Caritta,Daouze,cdaouzeem@yandex.ru,Female,36.109.94.158
528,Dell,Udey,dudeyen@surveymonkey.com,Male,125.32.105.37
529,Susanne,Merwede,smerwedeeo@pen.io,Agender,90.71.37.90
530,Merralee,Dengate,mdengateep@comsenz.com,Female,129.130.116.151
531,Wallache,Townshend,wtownshendeq@typepad.com,Male,99.0.207.88
532,Hillie,Wadsworth,hwadsworther@economist.com,Non-binary,137.0.61.78
533,Colet,Eldin,celdines@baidu.com,Male,247.126.129.191
534,Cello,Cahen,ccahenet@theglobeandmail.com,Male,55.159.51.33
535,Marlowe,Bridge,mbridgeeu@prlog.org,Male,241.70.71.240
536,Ulrich,Mearing,umearingev@amazon.de,Male,32.202.149.190
537,Ilene,Collman,icollmanew@huffingtonpost.com,Female,25.128.57.229
538,Fleurette,Yelden,fyeldenex@sciencedaily.com,Female,63.59.170.148
539,Elfreda,Bannerman,ebannermaney@nps.gov,Female,47.169.1.242
540,Roxy,Brignall,rbrignallez@over-blog.com,Female,126.240.190.147
541,Bailey,Crookall,bcrookallf0@myspace.com,Bigender,60.226.206.86
542,Manda,Crutch,mcrutchf1@drupal.org,Female,201.223.88.188
543,Rozanne,Bimson,rbimsonf2@economist.com,Female,17.154.67.43
544,Midge,Scopes,mscopesf3@parallels.com,Female,71.58.114.13
545,Megen,Roskell,mroskellf4@ustream.tv,Female,74.179.169.12
546,Carmine,Sire,csiref5@businesswire.com,Male,120.250.91.104
547,Yance,Ruttgers,yruttgersf6@shop-pro.jp,Male,22.219.245.157
548,Asia,Malzard,amalzardf7@hhs.gov,Female,34.234.203.91
549,Zulema,Wynett,zwynettf8@buzzfeed.com,Female,33.65.185.138
550,Grata,Allitt,gallittf9@mapquest.com,Female,92.183.39.216
551,Harley,Gowanlock,hgowanlockfa@google.pl,Female,148.188.20.242
552,Hilton,Haddacks,hhaddacksfb@biglobe.ne.jp,Male,71.55.133.220
553,Tomlin,Daniello,tdaniellofc@usda.gov,Male,1.150.111.109
554,Teodorico,Bortolussi,tbortolussifd@cbc.ca,Male,123.83.131.179
555,Rem,Tuppeny,rtuppenyfe@woothemes.com,Polygender,150.157.12.31
556,Adamo,Purchon,apurchonff@cyberchimps.com,Male,155.17.84.231
557,Kilian,Filippov,kfilippovfg@intel.com,Male,231.191.85.134
558,Prisca,Norwood,pnorwoodfh@github.com,Agender,144.16.119.102
559,Pierrette,Hurley,phurleyfi@tumblr.com,Female,120.241.69.56
560,Estevan,Skillington,eskillingtonfj@aboutads.info,Male,16.14.36.128
561,North,Vassall,nvassallfk@eventbrite.com,Male,24.112.14.48
562,Alyss,Sanson,asansonfl@si.edu,Non-binary,114.14.55.248
563,Kriste,Spirritt,kspirrittfm@jiathis.com,Female,239.48.87.233
564,Kristo,Gonsalo,kgonsalofn@printfriendly.com,Male,244.90.63.38
565,Tammy,McLaine,tmclainefo@harvard.edu,Male,45.117.202.184
566,Bailey,Beadham,bbeadhamfp@europa.eu,Male,186.13.214.230
567,Bryan,Ballsdon,bballsdonfq@wp.com,Male,160.215.40.150
568,Leonora,Jiroudek,ljiroudekfr@paginegialle.it,Genderfluid,11.249.163.32
569,Tedra,Thake,tthakefs@dot.gov,Female,150.32.170.172
570,Ely,Calloway,ecallowayft@hubpages.com,Male,230.187.40.175
571,Rosalyn,Tithecott,rtithecottfu@blog.com,Female,170.151.59.207
572,Chloette,Berrington,cberringtonfv@foxnews.com,Female,6.251.217.70
573,Sheelagh,Sambedge,ssambedgefw@printfriendly.com,Female,80.4.200.118
574,Angelina,Kield,akieldfx@4shared.com,Female,59.212.42.4
575,Kevin,Kobu,kkobufy@ucoz.ru,Male,181.187.99.24
576,Harbert,Bryns,hbrynsfz@technorati.com,Male,86.0.210.147
577,Lyn,Rickford,lrickfordg0@google.de,Male,122.10.86.111
578,Idaline,Bootton,iboottong1@cdbaby.com,Female,218.24.184.102
579,Halsey,Artharg,harthargg2@harvard.edu,Male,178.52.206.142
580,Oralee,Law,olawg3@washington.edu,Female,222.137.20.33
581,Dwayne,Oylett,doylettg4@cbslocal.com,Genderfluid,152.196.5.58
582,Sauveur,Bern,sberng5@vinaora.com,Male,38.172.110.233
583,Roxana,Raoult,rraoultg6@yale.edu,Female,218.18.99.72
584,Lissa,Ort,lortg7@nytimes.com,Female,231.215.152.232
585,Lizzie,Steer,lsteerg8@linkedin.com,Female,73.11.78.61
586,Melita,Lamzed,mlamzedg9@weather.com,Female,246.230.52.143
587,Adrienne,Goncalo,agoncaloga@sitemeter.com,Female,121.76.215.199
588,Derril,Barraclough,dbarracloughgb@hp.com,Male,249.105.19.171
589,Carrie,Eeles,ceelesgc@europa.eu,Female,199.105.155.153
590,Rozele,Kirkham,rkirkhamgd@friendfeed.com,Female,103.97.105.37
591,Clifford,Spellman,cspellmange@cisco.com,Non-binary,73.99.49.62
592,Ettie,Sushams,esushamsgf@opera.com,Genderqueer,112.208.51.66
593,Curt,Cookman,ccookmangg@usnews.com,Bigender,83.48.115.109
594,Dave,Trewhella,dtrewhellagh@usda.gov,Male,155.156.155.201
595,Lee,Goozee,lgoozeegi@nymag.com,Male,26.142.153.52
596,Michale,Brock,mbrockgj@oakley.com,Male,36.231.35.57
597,Jemmie,Skehens,jskehensgk@nifty.com,Female,114.230.221.64
598,Benedetto,Drillingcourt,bdrillingcourtgl@mtv.com,Male,4.224.97.82
599,Penny,Rowena,prowenagm@salon.com,Female,241.34.113.143
600,Latisha,Iacobini,liacobinign@bravesites.com,Female,44.255.163.174
601,Martguerita,Somerville,msomervillego@xing.com,Female,165.34.221.3
602,Alasteir,Creedland,acreedlandgp@blogger.com,Agender,249.230.206.216
603,Beatriz,Dawson,bdawsongq@moonfruit.com,Female,59.187.186.254
604,Brod,Pittle,bpittlegr@comcast.net,Male,153.181.211.181
605,Riannon,Haps,rhapsgs@va.gov,Female,76.125.129.102
606,Cristobal,Boarer,cboarergt@tinyurl.com,Male,211.31.196.48
607,Kailey,Owenson,kowensongu@plala.or.jp,Female,10.195.32.73
608,Orella,Airlie,oairliegv@skype.com,Female,20.111.124.60
609,Christine,Mansour,cmansourgw@washingtonpost.com,Non-binary,91.198.70.26
610,Aigneis,Wallworth,awallworthgx@plala.or.jp,Female,153.4.144.131
611,Lorenzo,Itzakovitz,litzakovitzgy@dot.gov,Male,3.49.190.65
612,Joela,Kingsworth,jkingsworthgz@bravesites.com,Female,105.128.51.206
613,Gustav,Isaksson,gisakssonh0@surveymonkey.com,Male,50.225.214.227
614,Aline,Ceillier,aceillierh1@samsung.com,Female,152.142.53.214
615,Xymenes,Godman,xgodmanh2@furl.net,Agender,34.169.226.183
616,Melinda,Rowen,mrowenh3@dion.ne.jp,Genderfluid,129.21.186.70
617,Niko,Parkhouse,nparkhouseh4@paginegialle.it,Male,35.54.36.166
618,Lanie,Grellis,lgrellish5@taobao.com,Male,34.174.114.124
619,Spence,Hewins,shewinsh6@ftc.gov,Non-binary,80.170.173.38
620,Whitby,O'Lennane,wolennaneh7@oaic.gov.au,Male,145.218.103.203
621,Camey,Le Fleming,cleflemingh8@tamu.edu,Male,13.135.49.99
622,Merry,Hounsome,mhounsomeh9@webmd.com,Male,23.43.57.91
623,Maddalena,Lynn,mlynnha@alexa.com,Female,229.141.91.37
624,Robbyn,Calley,rcalleyhb@bloglovin.com,Female,106.72.198.176
625,Leone,Banaszczyk,lbanaszczykhc@storify.com,Female,199.87.57.43
626,Ewen,Fathers,efathershd@vinaora.com,Male,246.211.35.62
627,Rowney,Stanhope,rstanhopehe@state.tx.us,Male,99.156.18.177
628,Annmarie,Aronoff,aaronoffhf@cbsnews.com,Female,176.119.113.232
629,Peirce,Stammirs,pstammirshg@joomla.org,Male,232.112.97.255
630,Alberta,Oldmeadow,aoldmeadowhh@pagesperso-orange.fr,Female,91.42.196.5
631,Leelah,Bantick,lbantickhi@e-recht24.de,Female,125.243.20.17
632,Kev,Vandenhoff,kvandenhoffhj@cpanel.net,Male,126.237.17.30
633,Lacie,Abbison,labbisonhk@sina.com.cn,Female,20.112.51.189
634,Toddy,Arnout,tarnouthl@t-online.de,Male,193.126.230.117
635,Terrence,Cratere,tcraterehm@friendfeed.com,Agender,176.51.217.121
636,Annmaria,Farmiloe,afarmiloehn@mit.edu,Polygender,174.113.188.47
637,Artair,Napoleon,anapoleonho@list-manage.com,Male,221.148.12.242
638,Hugo,Feilden,hfeildenhp@shutterfly.com,Male,104.112.251.181
639,Annadiana,Bramble,abramblehq@soundcloud.com,Female,102.83.242.236
640,Raynard,Bollom,rbollomhr@qq.com,Male,210.1.159.189
641,Clementina,Celloni,ccellonihs@cdc.gov,Female,160.145.117.54
642,Algernon,Renad,arenadht@mail.ru,Polygender,54.235.33.126
643,Kaja,Garton,kgartonhu@oracle.com,Female,89.0.3.19
644,Rhonda,Troillet,rtroillethv@theguardian.com,Female,106.214.99.197
645,Martina,Bernakiewicz,mbernakiewiczhw@webeden.co.uk,Female,81.26.57.224
646,Shannen,Vasse,svassehx@blogger.com,Female,240.125.254.125
647,Grover,McLeman,gmclemanhy@nymag.com,Male,117.244.163.187
648,Hillary,Normanville,hnormanvillehz@yandex.ru,Female,59.129.77.146
649,Maitilde,Mackness,mmacknessi0@statcounter.com,Female,176.135.246.123
650,Chicky,Tirte,ctirtei1@wix.com,Male,241.126.239.75
651,Conny,Gilleon,cgilleoni2@1und1.de,Male,154.174.225.117
652,Tildie,Straine,tstrainei3@engadget.com,Female,68.225.118.75
653,Berky,Ainslee,bainsleei4@hubpages.com,Male,245.110.6.86
654,Alisa,Backwell,abackwelli5@godaddy.com,Female,186.187.148.75
655,Matthew,Craney,mcraneyi6@hao123.com,Male,57.112.106.175
656,Isiahi,Lembrick,ilembricki7@pcworld.com,Male,119.239.147.113
657,Herculie,Ellsbury,hellsburyi8@instagram.com,Male,63.127.68.81
658,Sapphira,Sturte,ssturtei9@seattletimes.com,Female,2.104.4.81
659,Brew,Clench,bclenchia@ycombinator.com,Male,208.79.56.145
660,Alexandre,Drummond,adrummondib@sphinn.com,Male,2.193.90.213
661,Foster,Guwer,fguweric@yale.edu,Male,110.112.91.164
662,Ilyssa,Chapellow,ichapellowid@aol.com,Agender,164.138.218.168
663,Lillis,Cowpe,lcowpeie@1und1.de,Female,104.25.67.229
664,Agnola,Sizey,asizeyif@gov.uk,Female,59.165.151.109
665,Rheba,Trusdale,rtrusdaleig@ow.ly,Female,50.27.92.124
666,Florella,Peace,fpeaceih@networksolutions.com,Female,148.251.12.116
667,Marijn,Ridler,mridlerii@miibeian.gov.cn,Male,93.70.1.24
668,Blondell,Bowart,bbowartij@hc360.com,Female,10.166.153.161
669,Anet,McCaughey,amccaugheyik@exblog.jp,Genderqueer,222.192.211.9
670,Glory,Dyzart,gdyzartil@usa.gov,Female,23.42.90.125
671,Paige,Willavize,pwillavizeim@desdev.cn,Female,79.193.37.78
672,Nady,Andriolli,nandriolliin@npr.org,Female,3.221.112.25
673,Arvin,Thominga,athomingaio@usatoday.com,Polygender,205.215.83.215
674,Celene,Huygen,chuygenip@istockphoto.com,Polygender,191.128.202.183
675,Cornelia,Yurin,cyuriniq@pen.io,Female,152.232.40.204
676,Rusty,Bellay,rbellayir@rakuten.co.jp,Male,167.196.171.247
677,Warner,MacGee,wmacgeeis@bizjournals.com,Male,183.242.125.169
678,Kit,Richens,krichensit@dot.gov,Female,124.181.192.144
679,Abbe,Seeborne,aseeborneiu@studiopress.com,Male,186.250.167.221
680,Vinnie,Ferrers,vferrersiv@wp.com,Male,34.232.5.86
681,Lamont,Pau,lpauiw@amazon.com,Male,114.185.114.11
682,Gwenni,Capelin,gcapelinix@dmoz.org,Female,41.198.186.133
683,Yehudi,Bienvenu,ybienvenuiy@wunderground.com,Male,173.9.138.59
684,Ricard,Cambridge,rcambridgeiz@slate.com,Male,178.161.240.77
685,Melita,Boulde,mbouldej0@utexas.edu,Female,165.71.54.237
686,Roddie,Hanbury,rhanburyj1@cnbc.com,Male,191.26.97.207
687,Gilles,Breffit,gbreffitj2@hhs.gov,Male,191.21.132.0
688,Querida,Easton,qeastonj3@jugem.jp,Female,248.115.0.30
689,Trisha,Kuhn,tkuhnj4@posterous.com,Female,249.28.120.152
690,Wilbur,Bane,wbanej5@omniture.com,Male,245.28.217.201
691,Darby,Carrodus,dcarrodusj6@usatoday.com,Female,120.143.219.218
692,Diahann,McSperrin,dmcsperrinj7@psu.edu,Female,168.114.132.99
693,Patty,Taynton,ptayntonj8@wikispaces.com,Male,14.169.111.10
694,Demetris,McCord,dmccordj9@nps.gov,Male,189.253.68.46
695,Aleda,Farbrother,afarbrotherja@ask.com,Female,160.35.57.209
696,Cassandry,Prangnell,cprangnelljb@phoca.cz,Non-binary,208.15.221.227
697,Zared,Cleaton,zcleatonjc@ocn.ne.jp,Male,205.121.20.255
698,Elliot,Martel,emarteljd@foxnews.com,Male,25.18.18.17
699,Kale,Girogetti,kgirogettije@guardian.co.uk,Male,71.138.155.115
700,Dasya,Eddy,deddyjf@is.gd,Genderfluid,17.102.36.250
701,Tyne,Shill,tshilljg@ow.ly,Female,123.127.148.2
702,Matilda,Juzek,mjuzekjh@vinaora.com,Female,242.129.34.229
703,Mord,Schuchmacher,mschuchmacherji@nifty.com,Male,101.17.200.31
704,Kassi,Tabor,ktaborjj@meetup.com,Female,151.18.15.24
705,Raul,Chidlow,rchidlowjk@furl.net,Male,75.61.169.195
706,Kippie,Pingston,kpingstonjl@addtoany.com,Female,134.52.165.140
707,Efren,Slingsby,eslingsbyjm@upenn.edu,Male,76.198.162.177
708,Clement,Harriagn,charriagnjn@linkedin.com,Male,31.88.95.46
709,Coretta,Dunham,cdunhamjo@cbslocal.com,Female,54.32.187.223
710,Daven,Fahy,dfahyjp@nba.com,Male,121.188.221.149
711,Thea,Le Blond,tleblondjq@g.co,Female,181.122.78.162
712,Dian,Habbin,dhabbinjr@usgs.gov,Female,246.222.107.41
713,Terrel,Anthoin,tanthoinjs@joomla.org,Male,11.173.236.217
714,Millie,Blaxall,mblaxalljt@princeton.edu,Female,112.154.34.189
715,Alyda,Germaine,agermaineju@altervista.org,Genderqueer,178.158.101.154
716,Matilde,Phillipson,mphillipsonjv@cbsnews.com,Female,102.171.217.33
717,Emeline,Vidyapin,evidyapinjw@ucoz.com,Female,183.164.44.91
718,Neils,Baggaley,nbaggaleyjx@independent.co.uk,Male,56.177.121.34
719,Ferguson,Lynch,flynchjy@facebook.com,Male,237.22.215.107
720,Florella,Sciacovelli,fsciacovellijz@addthis.com,Female,216.156.5.38
721,Taylor,Goater,tgoaterk0@mtv.com,Male,13.239.158.17
722,Thedric,McRobbie,tmcrobbiek1@ca.gov,Male,123.166.48.221
723,Guillemette,Jannasch,gjannaschk2@usa.gov,Female,7.179.90.178
724,Sarge,MacTrustrie,smactrustriek3@ebay.co.uk,Male,4.219.194.206
725,Benito,Betser,bbetserk4@oakley.com,Male,160.110.132.236
726,Mano,Snap,msnapk5@cam.ac.uk,Male,248.69.138.88
727,Erica,Greiswood,egreiswoodk6@marriott.com,Female,48.87.187.215
728,Dory,Chumley,dchumleyk7@linkedin.com,Female,24.254.179.253
729,Alessandro,Shugg,ashuggk8@nationalgeographic.com,Male,24.208.26.100
730,Thaxter,Ewert,tewertk9@macromedia.com,Male,192.86.112.222
731,Nestor,Hawksworth,nhawksworthka@networkadvertising.org,Male,51.158.7.95
732,Noble,Belderson,nbeldersonkb@nhs.uk,Male,50.166.32.102
733,Alessandro,Gerger,agergerkc@sphinn.com,Male,135.220.214.205
734,Gaby,Hanbridge,ghanbridgekd@imageshack.us,Female,106.81.95.217
735,Omar,Ackroyd,oackroydke@cnbc.com,Male,91.170.118.79
736,Sheba,Molyneaux,smolyneauxkf@google.ru,Female,177.213.143.194
737,Dominica,Sharpus,dsharpuskg@statcounter.com,Female,9.119.247.25
738,Llywellyn,Imort,limortkh@toplist.cz,Male,32.138.249.156
739,Denny,Oats,doatski@seattletimes.com,Agender,195.157.198.197
740,Pepito,Frangione,pfrangionekj@examiner.com,Male,73.112.247.124
741,Shannan,Stearley,sstearleykk@auda.org.au,Male,183.162.109.190
742,Emmalee,Boutton,ebouttonkl@cyberchimps.com,Female,146.5.2.11
743,Corenda,McIllroy,cmcillroykm@wikimedia.org,Female,22.222.68.129
744,Westleigh,Beevens,wbeevenskn@oakley.com,Male,118.169.198.183
745,Malissia,Pickerill,mpickerillko@biglobe.ne.jp,Female,253.33.183.145
746,Milli,Rossander,mrossanderkp@columbia.edu,Genderfluid,146.250.246.169
747,Palmer,Roizn,proiznkq@163.com,Male,217.228.133.65
748,Godart,Rockell,grockellkr@slideshare.net,Male,255.91.43.221
749,Torey,McCullagh,tmccullaghks@elpais.com,Male,215.169.218.194
750,Dominik,Ambage,dambagekt@blogtalkradio.com,Male,128.233.144.42
751,Delilah,Dole,ddoleku@cpanel.net,Female,115.228.173.43
752,Niki,Lunny,nlunnykv@sourceforge.net,Female,237.87.162.126
753,Nero,Slyne,nslynekw@ycombinator.com,Male,217.42.85.163
754,Fin,Grandisson,fgrandissonkx@whitehouse.gov,Male,64.244.1.136
755,Field,Winspurr,fwinspurrky@webs.com,Polygender,60.167.49.8
756,Carmine,Eseler,ceselerkz@taobao.com,Male,11.37.207.77
757,Breanne,McGenis,bmcgenisl0@elpais.com,Female,159.243.218.227
758,Brittney,Pennone,bpennonel1@typepad.com,Female,173.142.142.153
759,Anne-corinne,Fouracre,afouracrel2@squarespace.com,Bigender,220.54.103.83
760,Sindee,Simeoli,ssimeolil3@mtv.com,Female,63.148.157.72
761,Kiley,Kenchington,kkenchingtonl4@ameblo.jp,Female,139.130.188.146
762,Ambrose,Crystal,acrystall5@wired.com,Male,245.7.201.66
763,Tannie,Stacy,tstacyl6@cdbaby.com,Male,113.172.181.173
764,Jacqueline,Northcliffe,jnorthcliffel7@i2i.jp,Female,36.148.135.188
765,Etan,Zmitrichenko,ezmitrichenkol8@sbwire.com,Polygender,244.10.126.129
766,Aeriela,Maleney,amaleneyl9@cnbc.com,Female,139.123.22.168
767,Genovera,Ricket,gricketla@xrea.com,Female,42.42.41.246
768,Adrea,Vasilov,avasilovlb@qq.com,Female,125.199.130.231
769,Allan,Sleeny,asleenylc@dropbox.com,Male,202.41.119.217
770,Clemente,Scemp,cscempld@princeton.edu,Male,56.68.202.74
771,Jolee,Caudrelier,jcaudrelierle@youtube.com,Female,158.187.208.84
772,Henderson,Romero,hromerolf@amazon.co.jp,Polygender,186.182.19.245
773,Savina,Lonie,slonielg@unesco.org,Female,130.150.70.147
774,Giff,Cella,gcellalh@utexas.edu,Male,144.245.128.207
775,Lory,Charrington,lcharringtonli@example.com,Female,158.236.247.26
776,Frankie,Volke,fvolkelj@tamu.edu,Male,141.149.133.149
777,Delmor,Wilstead,dwilsteadlk@prweb.com,Male,251.133.241.73
778,Jourdan,Cano,jcanoll@deviantart.com,Female,123.126.214.175
779,Nickolai,Matovic,nmatoviclm@amazonaws.com,Male,92.71.211.255
780,Helaina,Menham,hmenhamln@alexa.com,Bigender,167.158.47.188
781,Saundra,Labrow,slabrowlo@loc.gov,Male,193.98.107.238
782,Gaven,Berzin,gberzinlp@tripadvisor.com,Male,82.251.227.156
783,Pasquale,Pascho,ppascholq@goo.ne.jp,Male,94.212.81.101
784,Hillyer,Vanshin,hvanshinlr@usatoday.com,Male,249.133.51.3
785,Myrtia,MacAnulty,mmacanultyls@google.fr,Female,16.188.168.96
786,Angie,Girhard,agirhardlt@si.edu,Male,88.40.117.56
787,Haven,Goodburn,hgoodburnlu@ovh.net,Male,246.165.164.210
788,Trenna,Wasling,twaslinglv@skype.com,Female,88.70.142.118
789,Bradney,Philipet,bphilipetlw@zimbio.com,Male,22.81.83.73
790,Mignon,Daglish,mdaglishlx@oaic.gov.au,Female,124.93.182.22
791,Frankie,Hannis,fhannisly@businesswire.com,Male,254.4.82.103
792,Wolfy,Roma,wromalz@surveymonkey.com,Male,203.167.8.97
793,Avis,Lanfer,alanferm0@marriott.com,Female,43.160.189.243
794,Janeczka,Jermy,jjermym1@weibo.com,Female,158.90.160.205
795,Emilee,Roy,eroym2@issuu.com,Female,2.215.70.19
796,Alecia,Furphy,afurphym3@yellowbook.com,Female,61.234.228.205
797,Onfre,Hanselmann,ohanselmannm4@alibaba.com,Genderfluid,44.127.48.252
798,Aileen,Gaffey,agaffeym5@smh.com.au,Female,156.197.102.72
799,Ronalda,Govini,rgovinim6@chronoengine.com,Female,163.126.121.254
800,Thorin,McKeighen,tmckeighenm7@seesaa.net,Male,47.6.202.51
801,Lilllie,Anan,lananm8@angelfire.com,Female,183.255.121.30
802,Dav,Joron,djoronm9@ucoz.com,Male,27.18.126.41
803,Stanislaus,Tomek,stomekma@cdc.gov,Male,102.158.10.245
804,Jorge,Wontner,jwontnermb@bluehost.com,Male,44.166.101.149
805,Ivor,Benoey,ibenoeymc@tripadvisor.com,Male,156.117.54.94
806,Marijn,Zettler,mzettlermd@hubpages.com,Male,189.78.105.111
807,Louella,Markel,lmarkelme@gov.uk,Agender,144.169.135.228
808,Mychal,Goldfinch,mgoldfinchmf@earthlink.net,Male,103.104.220.239
809,Cody,Gye,cgyemg@rakuten.co.jp,Female,27.132.202.89
810,Annmaria,MacRierie,amacrieriemh@typepad.com,Female,41.104.182.254
811,Simonne,Kitchenman,skitchenmanmi@amazon.co.jp,Female,160.57.227.250
812,Alonso,Collingridge,acollingridgemj@instagram.com,Male,239.1.123.28
813,Gennie,Jerrand,gjerrandmk@prnewswire.com,Female,12.99.216.67
814,Fremont,Melmoth,fmelmothml@themeforest.net,Male,156.142.67.100
815,Erastus,Massimi,emassimimm@eepurl.com,Male,239.239.82.32
816,Mozes,Gadman,mgadmanmn@tuttocitta.it,Male,209.194.236.9
817,Robbie,Alp,ralpmo@edublogs.org,Male,239.162.180.129
818,Katina,Maleck,kmaleckmp@telegraph.co.uk,Female,100.27.125.210
819,Elle,Canfield,ecanfieldmq@yellowbook.com,Female,2.48.37.219
820,Daven,Le Grove,dlegrovemr@feedburner.com,Non-binary,150.172.95.39
821,Devan,Dayment,ddaymentms@opensource.org,Female,208.117.2.253
822,Allison,Clatworthy,aclatworthymt@webnode.com,Female,15.105.77.253
823,Dorothea,Dadge,ddadgemu@1und1.de,Female,130.47.173.123
824,Lemmy,Dot,ldotmv@creativecommons.org,Non-binary,169.114.126.6
825,Land,Startin,lstartinmw@nasa.gov,Male,255.174.149.149
826,Randee,Di Bartolommeo,rdibartolommeomx@geocities.jp,Female,206.119.255.1
827,Teddy,Ivashkin,tivashkinmy@admin.ch,Male,94.239.126.1
828,Aveline,Sprigin,aspriginmz@flavors.me,Female,6.247.55.54
829,Fae,Bryant,fbryantn0@java.com,Non-binary,17.149.206.79
830,Trev,Hedgecock,thedgecockn1@linkedin.com,Male,173.15.146.230
831,Sergent,Noah,snoahn2@amazon.com,Male,158.12.181.43
832,Sky,Jeal,sjealn3@uol.com.br,Male,190.218.247.186
833,Brina,Kochs,bkochsn4@linkedin.com,Female,103.24.6.173
834,Zaccaria,Dibson,zdibsonn5@wunderground.com,Bigender,7.5.45.94
835,Hadley,Bronot,hbronotn6@eventbrite.com,Male,3.95.179.162
836,Theresita,Pikesley,tpikesleyn7@sbwire.com,Agender,230.190.26.186
837,Oralia,Wealthall,owealthalln8@prlog.org,Female,214.49.211.239
838,Rose,Desporte,rdesporten9@canalblog.com,Genderfluid,21.34.222.62
839,Kellby,Kittle,kkittlena@linkedin.com,Male,162.82.5.246
840,Luciano,Eburah,leburahnb@technorati.com,Male,124.63.15.136
841,Darnell,Leeburn,dleeburnnc@census.gov,Male,38.25.53.223
842,Fairleigh,Hubbuck,fhubbucknd@businessweek.com,Male,228.30.163.88
843,Laney,Honeyghan,lhoneyghanne@merriam-webster.com,Female,117.124.197.108
844,Roselin,Reeson,rreesonnf@mashable.com,Female,14.42.237.155
845,Nani,Tangye,ntangyeng@pbs.org,Female,73.4.96.247
846,Victoir,Olrenshaw,volrenshawnh@360.cn,Male,89.28.5.152
847,Karney,Marfield,kmarfieldni@sitemeter.com,Male,78.15.182.111
848,Kelli,Zuan,kzuannj@altervista.org,Female,228.182.214.179
849,Pierson,Attkins,pattkinsnk@goodreads.com,Male,145.0.99.56
850,Flora,Brimman,fbrimmannl@yelp.com,Genderqueer,246.149.169.121
851,Archibald,Saphir,asaphirnm@wsj.com,Male,254.245.115.31
852,Jenn,Briatt,jbriattnn@imgur.com,Female,68.169.184.110
853,Emelen,Lefever,elefeverno@github.com,Male,123.15.92.125
854,Pieter,Loyns,ploynsnp@hp.com,Male,156.187.163.228
855,Madelina,Castella,mcastellanq@europa.eu,Bigender,78.157.4.210
856,Flory,Codner,fcodnernr@creativecommons.org,Male,71.31.153.211
857,Trefor,Emblem,temblemns@tinyurl.com,Male,179.219.67.36
858,Dina,Kobel,dkobelnt@walmart.com,Female,175.244.131.212
859,Ariela,Hooke,ahookenu@4shared.com,Female,111.164.217.48
860,Angus,Lambertz,alambertznv@apache.org,Male,111.137.215.152
861,Niall,Billingsly,nbillingslynw@mail.ru,Male,212.121.121.50
862,Ardelle,Tryhorn,atryhornnx@arizona.edu,Female,83.190.247.213
863,Shaun,Aubert,saubertny@infoseek.co.jp,Female,94.191.195.241
864,Rudiger,Seller,rsellernz@clickbank.net,Male,71.158.104.159
865,Prentice,O'Henehan,pohenehano0@example.com,Male,219.76.54.59
866,Amberly,Megahey,amegaheyo1@mapquest.com,Female,70.191.186.213
867,Janaya,Brownlea,jbrownleao2@marriott.com,Genderqueer,69.150.215.87
868,Tatiania,Vittet,tvitteto3@vk.com,Female,76.249.57.48
869,Katharine,Kornyshev,kkornyshevo4@pbs.org,Female,238.197.200.160
870,Shelden,Andrzejewski,sandrzejewskio5@opensource.org,Male,246.193.108.84
871,Ricardo,DelaField,rdelafieldo6@webmd.com,Genderfluid,224.187.181.226
872,Inger,Chrisp,ichrispo7@smugmug.com,Female,69.103.9.34
873,Jarib,Wollrauch,jwollraucho8@alexa.com,Male,41.12.197.147
874,Irina,Whittaker,iwhittakero9@epa.gov,Female,229.87.213.23
875,Chester,Hexter,chexteroa@salon.com,Male,186.137.237.188
876,Theodore,Lobley,tlobleyob@purevolume.com,Male,71.247.119.169
877,Bordie,Sawday,bsawdayoc@umich.edu,Male,98.202.57.2
878,Cate,Ellerton,cellertonod@army.mil,Female,39.76.174.13
879,Cayla,Quidenham,cquidenhamoe@bloglovin.com,Female,96.29.84.255
880,Joly,Slatcher,jslatcherof@exblog.jp,Female,32.85.86.222
881,Helaine,Jarred,hjarredog@photobucket.com,Female,104.240.52.231
882,Breena,Cholonin,bcholoninoh@google.es,Female,15.149.249.38
883,Burlie,Ubee,bubeeoi@storify.com,Male,166.229.44.125
884,Devan,Ciric,dciricoj@google.co.uk,Genderfluid,18.208.130.226
885,Addie,Dayment,adaymentok@sphinn.com,Male,6.132.42.208
886,Duke,Glassopp,dglassoppol@reference.com,Male,245.18.245.127
887,Eirena,Polfer,epolferom@instagram.com,Female,121.236.146.174
888,Tatiana,Wagon,twagonon@e-recht24.de,Polygender,124.190.149.150
889,Timothy,Hawse,thawseoo@shop-pro.jp,Male,160.190.94.39
890,Neila,Newcomen,nnewcomenop@symantec.com,Female,158.80.70.62
891,Jesse,Bladge,jbladgeoq@elpais.com,Female,209.60.181.54
892,Melita,Mineghelli,mmineghellior@mashable.com,Female,219.88.27.45
893,Bryant,Davioud,bdavioudos@pagesperso-orange.fr,Bigender,23.156.251.50
894,Carlynne,Witton,cwittonot@fc2.com,Female,138.98.246.118
895,Adriena,Woodbridge,awoodbridgeou@cnn.com,Female,242.188.141.181
896,Kyle,Schoroder,kschoroderov@cbslocal.com,Male,129.107.7.225
897,Lorene,Sillito,lsillitoow@elegantthemes.com,Female,57.84.25.63
898,Jeremy,Van Leeuwen,jvanleeuwenox@uol.com.br,Male,170.194.197.136
899,Rona,Creffield,rcreffieldoy@purevolume.com,Female,239.236.70.139
900,Simon,McCalister,smccalisteroz@springer.com,Male,158.203.103.154
901,Garrik,Greser,ggreserp0@yelp.com,Male,127.218.38.51
902,Malcolm,Scholig,mscholigp1@ameblo.jp,Male,116.66.137.230
903,Ladonna,Schwerin,lschwerinp2@ucoz.ru,Female,85.98.30.221
904,Aubine,Orr,aorrp3@deliciousdays.com,Female,78.84.114.124
905,Dukey,Budik,dbudikp4@wikimedia.org,Male,9.115.170.7
906,Paquito,Haward,phawardp5@hatena.ne.jp,Agender,5.61.226.237
907,Jermaine,Dungay,jdungayp6@tripod.com,Male,249.238.85.184
908,Myrlene,MacVean,mmacveanp7@typepad.com,Female,105.199.100.188
909,Talbot,Wintringham,twintringhamp8@uol.com.br,Male,202.186.133.148
910,Desmund,Cowen,dcowenp9@t.co,Genderfluid,208.69.98.94
911,Inna,Thunderman,ithundermanpa@uol.com.br,Female,171.128.84.109
912,Gerik,Harrod,gharrodpb@apache.org,Male,132.162.228.218
913,Ashil,Twiname,atwinamepc@google.co.jp,Female,93.190.0.251
914,Rossie,Tabour,rtabourpd@pbs.org,Male,17.190.21.84
915,Alasteir,Oxenbury,aoxenburype@youtu.be,Genderfluid,244.104.200.242
916,Marty,Gerhts,mgerhtspf@123-reg.co.uk,Male,14.234.143.24
917,Louis,Heggison,lheggisonpg@ucla.edu,Male,24.39.188.13
918,Cinnamon,Wilkins,cwilkinsph@telegraph.co.uk,Female,27.19.13.245
919,Mata,Haslehurst,mhaslehurstpi@cloudflare.com,Male,28.197.88.124
920,Erny,Rolfe,erolfepj@globo.com,Male,227.54.62.144
921,Genny,Fundell,gfundellpk@cam.ac.uk,Polygender,77.160.238.100
922,Marlowe,Greenlees,mgreenleespl@github.com,Male,133.238.120.174
923,Hyacinthie,Selwood,hselwoodpm@instagram.com,Female,133.137.55.35
924,Brittan,Cecchi,bcecchipn@blog.com,Female,72.239.221.100
925,Andie,Gettins,agettinspo@yellowbook.com,Male,16.86.127.20
926,Aurilia,Johnigan,ajohniganpp@meetup.com,Female,9.188.209.222
927,Michaela,Knowler,mknowlerpq@imgur.com,Female,116.153.196.187
928,Delila,Wiersma,dwiersmapr@state.tx.us,Female,200.125.68.91
929,Amelita,Gorsse,agorsseps@biglobe.ne.jp,Female,218.20.135.209
930,Giselle,Georger,ggeorgerpt@netscape.com,Female,62.200.59.164
931,Tom,Base,tbasepu@free.fr,Male,104.127.226.138
932,Efrem,Cholton,echoltonpv@cargocollective.com,Male,145.94.75.100
933,Wait,Haily,whailypw@fc2.com,Male,34.207.192.16
934,Patience,D'Acth,pdacthpx@bbc.co.uk,Female,235.0.130.63
935,Wynny,Zanni,wzannipy@usa.gov,Female,113.35.19.66
936,Myrtle,Dalligan,mdalliganpz@geocities.com,Female,158.42.187.198
937,Isak,Byrnes,ibyrnesq0@umn.edu,Male,180.240.72.108
938,Darya,Cubin,dcubinq1@google.cn,Female,154.213.29.10
939,Roderic,Hayter,rhayterq2@cnn.com,Male,34.230.139.142
940,Rose,Wilcott,rwilcottq3@irs.gov,Female,130.89.133.159
941,Molli,Berdale,mberdaleq4@prlog.org,Female,255.114.81.206
942,Tuckie,de Chastelain,tdechastelainq5@answers.com,Male,176.182.79.11
943,Kristoffer,Ondrak,kondrakq6@irs.gov,Male,250.100.133.122
944,Ben,Thaw,bthawq7@google.ru,Genderqueer,39.90.253.196
945,Burt,Lambot,blambotq8@arizona.edu,Male,105.248.31.10
946,Susannah,Geist,sgeistq9@joomla.org,Female,96.111.52.191
947,Jack,Prott,jprottqa@state.tx.us,Male,116.165.237.88
948,Brenda,Jerok,bjerokqb@ftc.gov,Female,232.241.91.229
949,Hillary,Stampe,hstampeqc@archive.org,Bigender,104.149.89.173
950,Georgy,Harvatt,gharvattqd@google.ru,Male,2.119.145.214
951,Timoteo,Blunt,tbluntqe@cocolog-nifty.com,Male,244.234.17.102
952,Helsa,Nurny,hnurnyqf@tinypic.com,Female,112.73.111.198
953,Reilly,Landon,rlandonqg@ucoz.com,Agender,125.182.157.171
954,Adele,Martini,amartiniqh@ovh.net,Female,218.62.141.204
955,Gabe,Shinton,gshintonqi@google.fr,Male,76.234.45.161
956,Cole,Braemer,cbraemerqj@yandex.ru,Male,166.7.241.222
957,Bradan,Aspell,baspellqk@hud.gov,Male,15.140.221.8
958,Roch,Nicol,rnicolql@army.mil,Female,224.174.27.179
959,Niles,Verring,nverringqm@ibm.com,Male,223.49.193.90
960,Chas,Miklem,cmiklemqn@cbc.ca,Male,190.111.110.232
961,Jareb,MacGarvey,jmacgarveyqo@latimes.com,Male,60.68.188.216
962,Beaufort,Gatehouse,bgatehouseqp@rambler.ru,Male,125.176.179.216
963,Web,Oakinfold,woakinfoldqq@foxnews.com,Genderqueer,70.127.81.13
964,Jeanie,Subhan,jsubhanqr@umn.edu,Female,130.92.179.231
965,Bondon,Lightman,blightmanqs@topsy.com,Male,215.22.222.174
966,Warden,MacKeague,wmackeagueqt@drupal.org,Male,166.54.89.246
967,Harwilll,Striker,hstrikerqu@ted.com,Male,175.248.167.177
968,Lonnard,Von Der Empten,lvonderemptenqv@blog.com,Male,77.125.101.163
969,Ofella,Gwinnel,ogwinnelqw@sciencedirect.com,Bigender,157.57.175.103
970,Steffane,Stowell,sstowellqx@deviantart.com,Female,213.96.3.35
971,Merrile,Reoch,mreochqy@cnn.com,Female,206.146.14.37
972,Den,Lacroix,dlacroixqz@businessweek.com,Male,142.188.175.28
973,Shell,Reinert,sreinertr0@trellian.com,Male,57.148.189.179
974,Terri-jo,Wickman,twickmanr1@4shared.com,Female,199.22.211.243
975,Whit,Colliss,wcollissr2@nifty.com,Male,126.211.127.129
976,Ricard,Garry,rgarryr3@unesco.org,Male,13.156.63.204
977,Brnaba,Meo,bmeor4@gizmodo.com,Male,21.20.140.100
978,Vaclav,Randleson,vrandlesonr5@indiatimes.com,Male,66.194.153.93
979,Kenyon,Lindholm,klindholmr6@constantcontact.com,Male,132.176.85.188
980,Alyce,Sigward,asigwardr7@wikipedia.org,Female,102.160.158.12
981,Hetty,Damerell,hdamerellr8@reddit.com,Female,116.207.36.72
982,Oralla,Frew,ofrewr9@statcounter.com,Female,254.224.141.213
983,Danila,Brack,dbrackra@woothemes.com,Female,216.216.48.69
984,Shaylah,Keppin,skeppinrb@uol.com.br,Female,31.21.123.196
985,Ynez,Prine,yprinerc@mail.ru,Female,120.37.23.88
986,Alejoa,Harme,aharmerd@timesonline.co.uk,Male,76.184.34.148
987,Ettore,Rikard,erikardre@ted.com,Male,21.165.3.255
988,Harris,Aronowitz,haronowitzrf@state.tx.us,Male,4.215.152.183
989,Pietrek,O'Devey,podeveyrg@cafepress.com,Male,209.23.146.12
990,Jessee,Guilloneau,jguilloneaurh@mashable.com,Male,13.246.236.79
991,Carley,Flann,cflannri@tinypic.com,Female,20.11.203.52
992,Brunhilde,Rickcord,brickcordrj@qq.com,Genderqueer,169.249.147.149
993,Graehme,Culkin,gculkinrk@topsy.com,Male,11.77.85.190
994,Delora,Ribbon,dribbonrl@blogtalkradio.com,Female,149.134.177.40
995,Casandra,Bebbington,cbebbingtonrm@squarespace.com,Female,117.69.84.229
996,Sibilla,Isitt,sisittrn@unc.edu,Female,147.144.58.58
997,Wendeline,Skyrm,wskyrmro@seattletimes.com,Female,162.179.217.98
998,Madella,Allpress,mallpressrp@disqus.com,Female,205.97.222.153
999,Una,Trenam,utrenamrq@hao123.com,Female,224.227.30.11
1000,Derry,MacGruer,dmacgruerrr@miitbeian.gov.cn,Male,163.4.10.103
