id,first_name,last_name,email,gender,ip_address
1,Conway,Backler,cbackler0@barnesandnoble.com,Male,133.118.146.48
2,Cesya,Mallett,cmallett1@merriam-webster.com,Female,239.113.164.8
3,Cynde,Buscher,cbuscher2@theguardian.com,Female,60.152.74.160
4,Laureen,Estick,lestick3@ucla.edu,Female,252.44.242.65
5,Dorolice,Carwardine,dcarwardine4@bloglovin.com,Female,190.43.98.165
6,Alvy,Vockins,avockins5@wikipedia.org,Polygender,206.66.251.204
7,Evonne,Tidswell,etidswell6@mysql.com,Female,234.240.205.205
8,Imogene,Chart,ichart7@comcast.net,Female,73.73.214.183
9,Joye,Mundow,jmundow8@newsvine.com,Female,192.114.164.143
10,Chere,Brookshaw,cbrookshaw9@ted.com,Female,10.229.188.30
11,Dulci,Rowe,drowea@washington.edu,Female,78.36.172.159
12,Karissa,Pickthall,kpickthallb@furl.net,Female,149.35.4.48
13,Martguerita,Juliff,mjuliffc@statcounter.com,Female,206.176.114.244
14,Bertine,Offen,boffend@oracle.com,Female,6.74.164.196
15,Desirae,Prynne,dprynnee@ox.ac.uk,Female,226.87.237.79
16,Daphne,Melson,dmelsonf@miitbeian.gov.cn,Female,182.176.55.199
17,Pieter,McGuirk,pmcguirkg@yandex.ru,Male,201.32.56.102
18,Dannel,Wittke,dwittkeh@artisteer.com,Male,197.73.197.120
19,Belicia,Schultes,bschultesi@elpais.com,Female,43.51.80.101
20,Angelle,Phillcox,aphillcoxj@adobe.com,Female,192.10.16.3
21,Rene,Batterbee,rbatterbeek@nytimes.com,Male,125.186.46.234
22,Byran,McGibbon,bmcgibbonl@wufoo.com,Male,101.180.17.234
23,Michale,Walkingshaw,mwalkingshawm@weebly.com,Male,55.210.40.19
24,Misha,Lashbrook,mlashbrookn@statcounter.com,Female,215.94.255.206
25,Theresina,Robun,trobuno@amazonaws.com,Female,159.193.101.52
26,Toby,Ommanney,tommanneyp@dedecms.com,Male,45.165.140.8
27,Kristyn,L' Anglois,klangloisq@blogtalkradio.com,Female,243.63.95.93
28,Courtney,Spreull,cspreullr@so-net.ne.jp,Female,27.78.163.167
29,Bibby,Ferrao,bferraos@blog.com,Female,211.3.154.243
30,Audy,Kull,akullt@latimes.com,Female,31.223.145.36
31,Berte,Scantleberry,bscantleberryu@flavors.me,Female,152.124.198.173
32,Margareta,Chidler,mchidlerv@live.com,Female,139.180.129.171
33,Harlin,Trathen,htrathenw@fda.gov,Male,136.164.227.173
34,Hortense,Layzell,hlayzellx@yellowpages.com,Female,110.127.205.142
35,Charlena,de Juares,cdejuaresy@geocities.com,Female,225.77.103.86
36,Sherry,Maynard,smaynardz@smh.com.au,Female,212.81.218.13
37,Shalne,Leuchars,sleuchars10@columbia.edu,Female,195.220.157.30
38,Kahaleel,Hakonsson,khakonsson11@github.com,Male,24.95.40.36
39,Patrice,Rouff,prouff12@hubpages.com,Female,170.125.9.143
40,Papageno,Sollam,psollam13@apple.com,Male,162.233.11.90
41,Hashim,Hardwell,hhardwell14@rambler.ru,Male,61.178.161.47
42,Larine,Issatt,lissatt15@merriam-webster.com,Female,82.16.52.151
43,Augustin,MacNulty,amacnulty16@umn.edu,Non-binary,100.45.175.167
44,Cordula,Huguenet,chuguenet17@auda.org.au,Female,217.124.221.243
45,Linnell,Booty,lbooty18@ameblo.jp,Female,100.76.238.103
46,Nedda,Hawse,nhawse19@miitbeian.gov.cn,Female,191.43.115.137
47,Doreen,Baybutt,dbaybutt1a@bloglovin.com,Female,253.71.184.255
48,Grady,MacAlister,gmacalister1b@prweb.com,Male,208.109.149.150
49,Almeta,Seatter,aseatter1c@yandex.ru,Female,107.66.9.243
50,Giffie,Tarbett,gtarbett1d@dailymotion.com,Male,197.89.232.98
51,Katie,Swoffer,kswoffer1e@shareasale.com,Female,86.200.74.92
52,Bartholomew,Oaker,boaker1f@bloglines.com,Male,72.120.192.194
53,Cosimo,Coghill,ccoghill1g@hao123.com,Male,168.154.104.217
54,Fayina,Defont,fdefont1h@drupal.org,Female,183.27.242.52
55,Vanni,Rutherforth,vrutherforth1i@devhub.com,Female,215.238.147.107
56,Silvanus,Hawtrey,shawtrey1j@wufoo.com,Male,65.132.167.73
57,Angil,Gouny,agouny1k@mediafire.com,Female,193.129.134.29
58,Laurella,Genney,lgenney1l@feedburner.com,Female,84.79.247.65
59,Sandye,Orchard,sorchard1m@printfriendly.com,Female,213.47.61.214
60,Hyatt,Ifill,hifill1n@squidoo.com,Male,94.230.53.244
61,Madelina,Brunet,mbrunet1o@ucoz.ru,Female,77.136.158.129
62,Angie,Shelvey,ashelvey1p@squarespace.com,Female,181.249.235.140
63,Lotti,Vellacott,lvellacott1q@networksolutions.com,Female,160.213.217.164
64,Ardelle,di Rocca,adirocca1r@mashable.com,Female,195.199.96.110
65,Windham,Valdes,wvaldes1s@oaic.gov.au,Male,46.67.33.141
66,Nikolia,Hounson,nhounson1t@hao123.com,Female,27.223.242.239
67,Laverne,Niblett,lniblett1u@addtoany.com,Female,198.209.14.103
68,Blancha,Chanter,bchanter1v@illinois.edu,Female,147.183.212.164
69,Kenn,Hartless,khartless1w@photobucket.com,Male,21.179.222.172
70,Tobye,Kyston,tkyston1x@apache.org,Female,68.80.67.160
71,Wakefield,Grovier,wgrovier1y@paypal.com,Male,202.147.146.247
72,Murvyn,Macbane,mmacbane1z@istockphoto.com,Male,50.214.109.61
73,Joachim,Shedd,jshedd20@netscape.com,Male,54.105.102.192
74,Andreas,Brigge,abrigge21@shinystat.com,Male,222.111.241.130
75,Vincenz,Cortin,vcortin22@over-blog.com,Male,48.156.254.143
76,Duff,Fishleigh,dfishleigh23@soundcloud.com,Male,60.208.149.95
77,Gabriell,Calltone,gcalltone24@china.com.cn,Female,23.105.76.240
78,Curr,Gissop,cgissop25@flavors.me,Male,121.143.220.13
79,Annis,Bevans,abevans26@cnbc.com,Female,154.103.170.114
80,Del,Tipler,dtipler27@multiply.com,Male,189.58.199.22
81,Esra,Winmill,ewinmill28@cargocollective.com,Male,2.164.68.151
82,Siward,Ianilli,sianilli29@spotify.com,Male,206.93.102.177
83,Birk,Greeves,bgreeves2a@xing.com,Male,162.77.32.219
84,Cecilla,Barme,cbarme2b@gravatar.com,Female,230.153.74.23
85,Curcio,Slowly,cslowly2c@imageshack.us,Male,24.93.65.206
86,Lilias,McCarron,lmccarron2d@skype.com,Genderqueer,152.45.21.165
87,Winne,Nield,wnield2e@loc.gov,Female,190.122.122.143
88,Corbett,Aiken,caiken2f@prweb.com,Male,206.195.179.193
89,Melita,Nattriss,mnattriss2g@123-reg.co.uk,Female,76.13.182.23
90,Ola,Dufaur,odufaur2h@istockphoto.com,Female,9.209.237.21
91,Wendye,Dunsire,wdunsire2i@bloomberg.com,Female,189.144.17.79
92,Jacklyn,Wondraschek,jwondraschek2j@abc.net.au,Female,63.220.120.153
93,Jaime,Bourdel,jbourdel2k@vk.com,Female,142.35.18.133
94,Addie,Grieves,agrieves2l@dailymail.co.uk,Genderqueer,188.50.142.82
95,Stern,Wannell,swannell2m@upenn.edu,Bigender,53.27.142.236
96,Esther,Gillebride,egillebride2n@free.fr,Female,24.33.242.115
97,Pincus,Brownfield,pbrownfield2o@illinois.edu,Male,226.39.177.9
98,Bliss,Jamot,bjamot2p@newsvine.com,Female,190.64.231.7
99,Karney,Sertin,ksertin2q@un.org,Bigender,17.141.182.104
100,Klarrisa,Lago,klago2r@apache.org,Female,192.98.247.201
101,Gaby,Gerran,ggerran2s@nature.com,Male,31.226.180.136
102,Wynnie,Alekseev,walekseev2t@un.org,Female,218.205.242.235
103,Donalt,Accombe,daccombe2u@washington.edu,Male,224.168.221.144
104,Sumner,Jager,sjager2v@freewebs.com,Male,207.41.50.71
105,Clem,Stubbings,cstubbings2w@intel.com,Male,154.104.12.173
106,Mariann,Rouke,mrouke2x@newsvine.com,Female,85.250.154.120
107,Robena,Beekmann,rbeekmann2y@google.pl,Female,57.250.237.211
108,Steffen,Rosekilly,srosekilly2z@army.mil,Male,161.74.60.166
109,Edlin,Buswell,ebuswell30@weibo.com,Male,41.49.115.164
110,Tiphany,Callan,tcallan31@google.de,Female,141.145.163.233
111,Lukas,Monday,lmonday32@cmu.edu,Male,12.70.186.87
112,Tommie,Minnock,tminnock33@mlb.com,Female,59.106.83.182
113,Shari,Fewless,sfewless34@utexas.edu,Female,47.96.4.176
114,Glyn,Airs,gairs35@seattletimes.com,Male,201.94.71.148
115,Mair,Heselwood,mheselwood36@eepurl.com,Female,219.240.157.5
116,Quentin,Ceyssen,qceyssen37@amazon.co.jp,Male,24.34.125.177
117,Karoly,Pittel,kpittel38@booking.com,Male,247.65.158.21
118,Iggie,McGlynn,imcglynn39@china.com.cn,Male,216.141.216.49
119,Marcelo,Elsegood,melsegood3a@csmonitor.com,Male,224.147.232.25
120,Daniella,Benedict,dbenedict3b@edublogs.org,Female,2.63.218.122
121,Shauna,Hathaway,shathaway3c@typepad.com,Female,121.203.71.252
122,Farra,Carreyette,fcarreyette3d@istockphoto.com,Genderqueer,195.195.102.30
123,Fremont,Comoletti,fcomoletti3e@godaddy.com,Male,165.153.206.11
124,Sawyer,Peschka,speschka3f@t-online.de,Male,168.222.24.153
125,Sandye,Craw,scraw3g@creativecommons.org,Female,212.186.229.232
126,Astrid,Piddle,apiddle3h@whitehouse.gov,Female,84.202.153.70
127,Hilary,Boyland,hboyland3i@bluehost.com,Female,77.252.171.210
128,Christiana,Marjanski,cmarjanski3j@umn.edu,Female,70.217.223.111
129,Evered,Reef,ereef3k@cdc.gov,Male,4.166.189.0
130,Korrie,Hesse,khesse3l@slate.com,Female,209.200.56.108
131,Courtney,Harmon,charmon3m@4shared.com,Female,105.170.239.129
132,Lem,Leek,lleek3n@exblog.jp,Male,234.86.128.84
133,Rourke,Pykett,rpykett3o@nytimes.com,Male,69.44.119.215
134,Sigfried,Marishenko,smarishenko3p@blogs.com,Male,193.79.166.169
135,Delora,Bilfoot,dbilfoot3q@comcast.net,Female,87.213.167.117
136,Raeann,Olsen,rolsen3r@over-blog.com,Female,22.62.34.250
137,Veronika,Negro,vnegro3s@boston.com,Female,49.214.77.118
138,Myrtice,Ewebank,mewebank3t@mashable.com,Female,6.182.52.137
139,Cathie,Spurryer,cspurryer3u@yolasite.com,Female,225.0.229.16
140,Vassili,Ivanyushin,vivanyushin3v@ucsd.edu,Male,97.244.189.69
141,Aleksandr,Prandoni,aprandoni3w@mayoclinic.com,Male,242.63.106.120
142,Esmeralda,Dealtry,edealtry3x@wufoo.com,Female,116.23.15.102
143,Noak,Edgerly,nedgerly3y@surveymonkey.com,Male,85.158.50.238
144,Bartlet,McCafferty,bmccafferty3z@si.edu,Male,127.73.153.95
145,Nobe,Heaney`,nheaney40@npr.org,Male,118.176.225.69
146,Dorey,Schwandermann,dschwandermann41@time.com,Male,4.140.45.255
147,Geraldine,Stoakley,gstoakley42@va.gov,Female,62.178.253.22
148,Alfonse,Hellard,ahellard43@cloudflare.com,Male,124.89.93.235
149,Tobiah,Tedstone,ttedstone44@edublogs.org,Male,225.176.151.191
150,Pablo,Rodder,prodder45@barnesandnoble.com,Male,199.166.226.123
151,Elias,Malam,emalam46@howstuffworks.com,Male,245.98.28.215
152,Adriena,Joris,ajoris47@ebay.com,Female,195.176.83.51
153,Waylon,Pirozzi,wpirozzi48@diigo.com,Male,205.223.161.50
154,Robinet,Wragge,rwragge49@freewebs.com,Female,167.55.152.44
155,Bert,Runciman,brunciman4a@studiopress.com,Female,115.23.39.207
156,Myrilla,Symington,msymington4b@tripod.com,Female,76.248.192.73
157,Tommi,Glanz,tglanz4c@foxnews.com,Female,185.205.33.95
158,Carolin,Churcher,cchurcher4d@usgs.gov,Female,126.168.215.117
159,Spencer,Bartlomiej,sbartlomiej4e@nytimes.com,Male,212.7.49.61
160,Chuck,Cuvley,ccuvley4f@csmonitor.com,Male,159.171.87.32
161,Roselin,Willas,rwillas4g@com.com,Female,2.99.25.87
162,Julius,Tissier,jtissier4h@purevolume.com,Male,231.209.36.16
163,Archibald,Blitz,ablitz4i@tinypic.com,Male,176.10.234.86
164,Melony,Coverley,mcoverley4j@yahoo.com,Female,36.183.188.209
165,Teodorico,Lightbody,tlightbody4k@slate.com,Male,200.14.55.29
166,Isadore,Avesque,iavesque4l@mashable.com,Male,3.125.144.1
167,Malva,Lockey,mlockey4m@nationalgeographic.com,Female,47.232.101.67
168,Gaby,Sketcher,gsketcher4n@auda.org.au,Male,34.14.73.0
169,Gaile,Cavilla,gcavilla4o@state.gov,Bigender,238.50.30.158
170,Lian,Riha,lriha4p@utexas.edu,Female,255.130.233.90
171,Franciskus,Pomfrey,fpomfrey4q@ning.com,Male,68.50.9.39
172,Ola,Roscrigg,oroscrigg4r@altervista.org,Female,2.235.203.59
173,Jade,Ingerith,jingerith4s@vimeo.com,Female,208.153.35.141
174,Henryetta,Kirsop,hkirsop4t@addtoany.com,Female,129.29.64.73
175,Lela,Mushrow,lmushrow4u@stanford.edu,Female,235.253.12.61
176,Rozanne,Peirpoint,rpeirpoint4v@bigcartel.com,Female,164.248.148.56
177,Jacques,Peddar,jpeddar4w@nymag.com,Male,200.133.25.137
178,Thacher,Kenealy,tkenealy4x@prweb.com,Male,44.18.86.71
179,Jolee,Rable,jrable4y@etsy.com,Female,121.163.60.123
180,Ferdinanda,Rouge,frouge4z@furl.net,Female,0.111.26.27
181,North,Hiner,nhiner50@linkedin.com,Male,152.209.246.173
182,Inga,Cartan,icartan51@irs.gov,Female,109.87.157.72
183,Marketa,Heball,mheball52@techcrunch.com,Female,65.142.94.143
184,Rip,Hartridge,rhartridge53@uol.com.br,Male,133.243.160.239
185,Milton,Rosas,mrosas54@cam.ac.uk,Male,145.69.180.5
186,Deane,Burroughes,dburroughes55@topsy.com,Male,83.179.2.110
187,Annice,Purkess,apurkess56@skype.com,Female,51.171.150.32
188,Belia,Annon,bannon57@addthis.com,Female,139.103.217.50
189,Cleveland,Dowyer,cdowyer58@php.net,Male,88.159.230.244
190,Hilliard,Meeron,hmeeron59@typepad.com,Male,189.103.3.39
191,Marlo,Edlington,medlington5a@army.mil,Female,120.196.64.89
192,Rena,Tunnicliff,rtunnicliff5b@miitbeian.gov.cn,Female,69.141.172.66
193,Malvin,Swidenbank,mswidenbank5c@narod.ru,Male,32.243.250.104
194,Rori,Dayly,rdayly5d@ucla.edu,Female,84.3.72.11
195,Helen-elizabeth,Durrett,hdurrett5e@newsvine.com,Female,29.170.30.210
196,Murielle,Crocken,mcrocken5f@tamu.edu,Female,122.36.9.40
197,Trina,Labbett,tlabbett5g@jalbum.net,Female,228.224.158.130
198,Joannes,Cornau,jcornau5h@mail.ru,Female,121.90.19.181
199,Marje,Brinkley,mbrinkley5i@reverbnation.com,Female,77.72.30.42
200,Denni,Ketts,dketts5j@yahoo.com,Female,171.60.235.142
201,Burgess,Hacon,bhacon5k@lycos.com,Male,58.60.132.179
202,Uriah,Soreau,usoreau5l@deviantart.com,Male,55.232.73.37
203,Sauncho,Beadham,sbeadham5m@vinaora.com,Male,56.25.6.73
204,Melissa,Grigore,mgrigore5n@sun.com,Female,11.42.222.94
205,Jolyn,Milsted,jmilsted5o@mozilla.org,Female,99.87.3.202
206,Katherine,Lillyman,klillyman5p@gnu.org,Female,25.230.134.44
207,Corney,MacMichael,cmacmichael5q@fotki.com,Male,131.23.196.163
208,Belinda,Abela,babela5r@businessweek.com,Female,95.147.40.31
209,Chastity,Holmyard,cholmyard5s@e-recht24.de,Female,78.47.87.61
210,Angelique,Raubenheim,araubenheim5t@nyu.edu,Bigender,93.5.247.214
211,Sonny,Sabati,ssabati5u@phpbb.com,Male,192.176.192.189
212,Gaspard,Asher,gasher5v@multiply.com,Male,153.9.184.126
213,Ansel,Hoyer,ahoyer5w@ox.ac.uk,Male,249.47.60.174
214,Dorree,Banat,dbanat5x@addtoany.com,Female,193.179.130.30
215,Esdras,Bramont,ebramont5y@google.com.hk,Male,160.54.45.103
216,Nixie,Donati,ndonati5z@joomla.org,Female,64.190.36.152
217,Jedd,Goosey,jgoosey60@baidu.com,Male,241.144.152.157
218,Consuela,Finlaison,cfinlaison61@archive.org,Female,52.177.121.228
219,Cad,Gerring,cgerring62@bing.com,Male,156.104.30.101
220,Forbes,Mowsdale,fmowsdale63@cloudflare.com,Male,198.76.153.119
221,Kip,Ellard,kellard64@163.com,Female,189.239.42.241
222,Lyle,Fort,lfort65@parallels.com,Male,106.94.158.170
223,Hamlin,Farryn,hfarryn66@time.com,Male,207.149.98.44
224,Charissa,Arstall,carstall67@jalbum.net,Female,44.216.76.26
225,Jackqueline,Watkiss,jwatkiss68@imdb.com,Female,194.18.245.160
226,Finn,Etienne,fetienne69@google.de,Male,223.245.195.17
227,Pammi,Gamon,pgamon6a@devhub.com,Female,214.137.154.232
228,Hobart,Emnoney,hemnoney6b@deliciousdays.com,Male,162.169.55.80
229,Terrance,Manzell,tmanzell6c@icq.com,Non-binary,37.254.158.172
230,Shanda,De Angelis,sdeangelis6d@com.com,Female,88.73.77.14
231,Dov,Chilles,dchilles6e@europa.eu,Male,132.227.31.42
232,Karlee,Daborn,kdaborn6f@printfriendly.com,Female,201.204.113.102
233,Rosalinde,Rand,rrand6g@opensource.org,Female,103.101.32.204
234,Vittoria,Maudsley,vmaudsley6h@yahoo.com,Female,201.28.198.141
235,Reamonn,Tappington,rtappington6i@t.co,Male,178.178.42.25
236,Jose,Lyddyard,jlyddyard6j@weather.com,Male,157.66.255.17
237,Nancie,Taffee,ntaffee6k@flickr.com,Female,77.117.129.151
238,Fabiano,McKiernan,fmckiernan6l@marketwatch.com,Male,9.27.86.37
239,Riva,Stollenbeck,rstollenbeck6m@biblegateway.com,Female,63.8.196.191
240,Ellynn,Alesbrook,ealesbrook6n@census.gov,Female,194.107.206.70
241,Bondy,Rupel,brupel6o@i2i.jp,Male,73.67.172.127
242,Isahella,Iwanicki,iiwanicki6p@geocities.jp,Female,98.238.32.241
243,Egbert,Longley,elongley6q@csmonitor.com,Male,70.161.74.254
244,Wheeler,Ruggen,wruggen6r@list-manage.com,Male,63.147.169.72
245,Lucy,Fryatt,lfryatt6s@tumblr.com,Female,6.61.55.164
246,Joellyn,Starmer,jstarmer6t@sohu.com,Female,24.153.186.146
247,Bud,Barbe,bbarbe6u@ca.gov,Male,69.80.170.197
248,Gena,Bilyard,gbilyard6v@irs.gov,Female,37.71.124.89
249,Isidor,Shemilt,ishemilt6w@samsung.com,Genderfluid,172.245.19.201
250,Dayna,Stronough,dstronough6x@whitehouse.gov,Female,70.237.49.226
251,Agnese,Cowsby,acowsby6y@slideshare.net,Female,252.224.180.32
252,Morgan,Sprules,msprules6z@xinhuanet.com,Female,97.82.99.1
253,Isidore,Grut,igrut70@mashable.com,Male,87.254.40.233
254,Luisa,Bette,lbette71@home.pl,Female,242.112.222.206
255,Natty,Morfett,nmorfett72@bluehost.com,Female,190.126.150.83
256,Bary,Gland,bgland73@addtoany.com,Male,3.210.219.211
257,Isacco,Leinster,ileinster74@wordpress.com,Male,141.127.244.13
258,Rustie,Haig,rhaig75@yellowpages.com,Genderqueer,158.72.120.152
259,Irvine,Trimble,itrimble76@yale.edu,Male,2.22.5.77
260,Lexy,McHarry,lmcharry77@google.co.uk,Female,43.144.74.210
261,Edgard,Matyugin,ematyugin78@moonfruit.com,Male,247.19.37.26
262,Abraham,Bril,abril79@adobe.com,Male,163.74.83.60
263,Richard,Greaser,rgreaser7a@tuttocitta.it,Male,171.50.24.97
264,Dallas,Leeming,dleeming7b@yolasite.com,Male,127.141.200.230
265,Oberon,MacEllen,omacellen7c@vinaora.com,Male,14.93.239.2
266,Layney,Seton,lseton7d@yahoo.co.jp,Female,16.8.179.58
267,Alexis,Schonfeld,aschonfeld7e@opensource.org,Male,142.123.233.43
268,Christan,Faint,cfaint7f@independent.co.uk,Female,137.222.18.42
269,Ado,Misk,amisk7g@jiathis.com,Male,43.133.106.161
270,Nick,Tomkowicz,ntomkowicz7h@lycos.com,Genderfluid,169.128.94.30
271,Mile,Cromack,mcromack7i@fotki.com,Male,47.127.233.47
272,Gard,Entwisle,gentwisle7j@ning.com,Male,68.4.230.148
273,Ody,Sherel,osherel7k@wordpress.org,Male,87.9.238.172
274,Ianthe,Milverton,imilverton7l@nasa.gov,Genderfluid,132.175.15.155
275,Bronnie,Bruun,bbruun7m@sbwire.com,Male,174.174.83.32
276,Winifield,Poolton,wpoolton7n@google.pl,Male,206.152.107.217
277,Rodd,Kunc,rkunc7o@nymag.com,Male,2.145.149.55
278,Angela,Booy,abooy7p@sun.com,Female,231.161.51.18
279,Timofei,Binley,tbinley7q@java.com,Male,249.107.32.20
280,Ciel,Leaf,cleaf7r@photobucket.com,Female,106.173.49.93
281,Gale,Howle,ghowle7s@timesonline.co.uk,Female,19.170.122.130
282,Sybille,Yurkevich,syurkevich7t@narod.ru,Female,62.159.211.238
283,Noelle,Bernon,nbernon7u@upenn.edu,Female,198.2.29.253
284,Yvonne,Blaes,yblaes7v@prweb.com,Female,209.137.160.91
285,Gus,Wreak,gwreak7w@pen.io,Female,58.38.211.161
286,Colette,Errington,cerrington7x@ftc.gov,Female,158.98.0.29
287,Bondon,Turbitt,bturbitt7y@marriott.com,Male,98.70.60.44
288,Hamel,Kittley,hkittley7z@imgur.com,Male,193.38.16.222
289,Pavel,Screech,pscreech80@vkontakte.ru,Male,204.30.2.12
290,Dulcea,Trathan,dtrathan81@zimbio.com,Female,89.103.110.210
291,Ellerey,Lello,elello82@theguardian.com,Male,224.105.108.219
292,Alyosha,Rabjohn,arabjohn83@spotify.com,Male,8.142.194.61
293,Lydie,Parken,lparken84@cdbaby.com,Non-binary,169.196.24.12
294,Etan,Raubenheimers,eraubenheimers85@sitemeter.com,Male,146.57.27.91
295,Hadleigh,Wartonby,hwartonby86@epa.gov,Male,57.18.108.15
296,Carmel,Bernardoux,cbernardoux87@forbes.com,Female,94.107.178.152
297,Stafford,McConaghy,smcconaghy88@craigslist.org,Male,178.171.244.201
298,Eugenia,Galfour,egalfour89@webnode.com,Female,227.82.222.96
299,Charissa,Cristoforetti,ccristoforetti8a@ft.com,Female,186.197.20.24
300,Garfield,Klink,gklink8b@google.com,Male,65.159.242.15
301,Curcio,Kitching,ckitching8c@cam.ac.uk,Male,140.31.207.15
302,Porter,Souttar,psouttar8d@apache.org,Male,182.123.232.72
303,Elvin,Kentish,ekentish8e@wufoo.com,Male,161.188.249.53
304,Charleen,Drummer,cdrummer8f@nps.gov,Female,100.195.236.172
305,Virge,Harragin,vharragin8g@jalbum.net,Male,141.52.52.152
306,Brett,Capey,bcapey8h@meetup.com,Female,152.131.182.170
307,Koren,Filson,kfilson8i@unicef.org,Female,63.96.154.82
308,Zerk,Sarfatti,zsarfatti8j@examiner.com,Male,64.19.88.175
309,North,Haskett,nhaskett8k@dion.ne.jp,Genderqueer,72.105.15.62
310,Corrie,McIlwraith,cmcilwraith8l@yellowbook.com,Male,134.88.166.168
311,Hobard,Nutkin,hnutkin8m@nymag.com,Male,195.215.120.107
312,Gerianna,Battle,gbattle8n@vk.com,Female,66.247.134.172
313,Addy,Wrintmore,awrintmore8o@cmu.edu,Male,70.124.106.208
314,Olympie,Ziemke,oziemke8p@narod.ru,Female,12.232.62.242
315,Christian,Dudleston,cdudleston8q@blog.com,Female,120.85.247.113
316,Frederigo,Caudell,fcaudell8r@forbes.com,Male,207.231.122.53
317,Tod,Bony,tbony8s@over-blog.com,Male,177.7.127.238
318,Katusha,Merigeau,kmerigeau8t@woothemes.com,Female,137.76.61.46
319,Roldan,Petroselli,rpetroselli8u@nsw.gov.au,Male,109.200.28.201
320,Hunfredo,O' Molan,homolan8v@sphinn.com,Male,156.195.216.166
321,Eleen,Beckett,ebeckett8w@nymag.com,Female,180.179.87.63
322,Cher,Stothert,cstothert8x@shop-pro.jp,Female,168.239.167.30
323,Nye,Sitch,nsitch8y@wiley.com,Male,38.95.158.32
324,Stearn,Doul,sdoul8z@imgur.com,Male,101.97.132.151
325,Jerrie,Simononsky,jsimononsky90@yandex.ru,Female,73.41.87.239
326,Stephanus,Peyro,speyro91@patch.com,Male,69.59.65.205
327,Johannah,Cumo,jcumo92@washingtonpost.com,Bigender,218.173.136.219
328,Therine,Duesbury,tduesbury93@smh.com.au,Female,38.96.108.139
329,Humfried,Whitchurch,hwhitchurch94@cnet.com,Bigender,86.179.135.149
330,Archibald,Pedler,apedler95@wordpress.org,Polygender,98.68.44.219
331,Michel,Cestard,mcestard96@latimes.com,Male,165.76.143.83
332,Cece,Coales,ccoales97@storify.com,Male,16.165.59.11
333,Yorgo,Comi,ycomi98@engadget.com,Male,240.160.7.234
334,Dougie,Demangeon,ddemangeon99@google.it,Male,69.57.251.114
335,Imogen,Kivlin,ikivlin9a@dailymotion.com,Female,216.178.117.4
336,Sibylle,Peskett,speskett9b@list-manage.com,Female,6.1.166.22
337,Stormie,Potteridge,spotteridge9c@e-recht24.de,Female,254.34.40.76
338,Kaila,Bellino,kbellino9d@addtoany.com,Female,248.20.161.241
339,Gerhardine,Woolfenden,gwoolfenden9e@booking.com,Female,183.175.154.128
340,Wilhelmina,Schindler,wschindler9f@photobucket.com,Female,179.149.136.133
341,Aylmar,Keoghane,akeoghane9g@amazon.de,Male,101.33.151.29
342,Avictor,Siehard,asiehard9h@ca.gov,Male,113.198.87.75
343,Davine,Hooban,dhooban9i@squidoo.com,Polygender,155.221.241.48
344,Wilie,Paal,wpaal9j@taobao.com,Female,83.202.22.216
345,Robin,Buff,rbuff9k@businessweek.com,Male,212.227.162.111
346,Rancell,Crunkhurn,rcrunkhurn9l@state.tx.us,Male,213.55.48.239
347,Frants,Karchewski,fkarchewski9m@360.cn,Male,14.44.198.100
348,Farlie,Olley,folley9n@flavors.me,Male,40.71.38.240
349,Bone,Bordis,bbordis9o@google.es,Male,185.60.110.185
350,Vinny,Prahl,vprahl9p@boston.com,Female,178.249.216.15
351,Cora,Howorth,choworth9q@hhs.gov,Female,105.105.27.65
352,Gabey,Mardlin,gmardlin9r@clickbank.net,Female,171.124.199.102
353,Stu,Nozzolii,snozzolii9s@ycombinator.com,Male,123.237.234.29
354,Benedikt,Bowry,bbowry9t@youtu.be,Male,13.163.244.103
355,Madeline,Havard,mhavard9u@arstechnica.com,Genderfluid,141.96.156.91
356,Andree,Fairrie,afairrie9v@soundcloud.com,Female,250.199.63.37
357,Dene,Nurdin,dnurdin9w@apache.org,Male,191.219.85.108
358,Vern,Shakshaft,vshakshaft9x@blogtalkradio.com,Male,87.62.164.202
359,Karmen,Etuck,ketuck9y@a8.net,Female,142.10.94.28
360,Welby,Totterdell,wtotterdell9z@kickstarter.com,Male,7.116.113.196
361,Domini,Pavie,dpaviea0@barnesandnoble.com,Female,196.221.245.51
362,Brena,Humfrey,bhumfreya1@sakura.ne.jp,Female,251.142.16.249
363,Julian,Asker,jaskera2@amazonaws.com,Male,210.58.147.163
364,Jacquie,Bog,jboga3@ucoz.com,Genderqueer,145.197.42.148
365,Christine,Swindon,cswindona4@printfriendly.com,Female,125.125.172.149
366,Rusty,Seyers,rseyersa5@hexun.com,Male,95.186.72.22
367,Elysee,Burthom,eburthoma6@hostgator.com,Female,58.237.83.78
368,Lyn,Seller,lsellera7@baidu.com,Female,238.199.195.58
369,Kit,Mullaly,kmullalya8@constantcontact.com,Male,247.209.76.46
370,Deva,Songest,dsongesta9@freewebs.com,Female,244.226.22.152
371,Lindsay,Trodd,ltroddaa@dedecms.com,Male,213.199.22.165
372,Valida,Hawson,vhawsonab@joomla.org,Genderfluid,74.160.194.216
373,Darby,Avey,daveyac@bravesites.com,Female,25.94.62.225
374,Grant,Karolowski,gkarolowskiad@theglobeandmail.com,Male,145.150.159.59
375,Jarid,Garmston,jgarmstonae@php.net,Male,242.0.225.139
376,Marijn,Considine,mconsidineaf@zimbio.com,Male,159.241.200.51
377,Philipa,Andreichik,pandreichikag@csmonitor.com,Female,65.14.89.48
378,Elonore,Gorger,egorgerah@vistaprint.com,Female,77.87.36.60
379,Inez,Foucard,ifoucardai@chicagotribune.com,Female,140.66.178.16
380,Pascale,Broyd,pbroydaj@github.io,Male,7.54.230.55
381,Tiffani,Crosswaite,tcrosswaiteak@utexas.edu,Female,197.39.17.84
382,Gleda,Marklin,gmarklinal@wp.com,Female,106.186.247.165
383,Emerson,Mylchreest,emylchreestam@google.com.au,Male,224.59.71.181
384,Archambault,Spoward,aspowardan@php.net,Male,96.221.165.115
385,Juliann,McGairl,jmcgairlao@scribd.com,Female,6.81.204.202
386,Giuditta,MacFadzan,gmacfadzanap@cisco.com,Female,241.85.1.126
387,Georgena,Danes,gdanesaq@bizjournals.com,Female,16.222.49.155
388,Dannel,Whetton,dwhettonar@sina.com.cn,Male,78.80.39.12
389,Dania,Mathewes,dmathewesas@mozilla.org,Female,178.142.100.229
390,Margarette,Godson,mgodsonat@si.edu,Female,69.11.56.37
391,Frederica,Twizell,ftwizellau@comcast.net,Female,0.168.23.228
392,Olympie,Queree,oquereeav@youku.com,Female,20.219.204.34
393,Winn,Corbie,wcorbieaw@aol.com,Male,203.133.179.115
394,Tobit,Kunneke,tkunnekeax@etsy.com,Male,245.145.212.207
395,Davine,Roskrug,droskrugay@sciencedirect.com,Female,57.93.221.70
396,Adelaida,Penketh,apenkethaz@gizmodo.com,Female,19.231.228.109
397,Chick,Stonnell,cstonnellb0@chicagotribune.com,Male,45.69.161.23
398,Rani,Churchlow,rchurchlowb1@psu.edu,Female,58.26.216.15
399,Robbie,Arkil,rarkilb2@msu.edu,Male,78.178.196.26
400,Lorna,Monk,lmonkb3@gizmodo.com,Female,84.81.92.119
401,Conroy,Archbold,carchboldb4@tinypic.com,Male,50.96.69.121
402,Cly,Birchett,cbirchettb5@home.pl,Male,56.98.163.177
403,Cozmo,Wyllcocks,cwyllcocksb6@oracle.com,Male,18.36.208.94
404,Dunc,Bayne,dbayneb7@berkeley.edu,Male,145.126.34.27
405,Gerry,Primo,gprimob8@jigsy.com,Female,224.96.180.202
406,Abbi,Kitcatt,akitcattb9@bbb.org,Female,93.191.119.112
407,Nickie,Roomes,nroomesba@fema.gov,Male,249.45.135.36
408,Giffie,McElvogue,gmcelvoguebb@tripod.com,Male,171.152.58.34
409,Kinna,Ensley,kensleybc@themeforest.net,Female,148.170.216.109
410,Gan,Thorby,gthorbybd@microsoft.com,Male,74.76.157.33
411,Arvin,Bande,abandebe@paginegialle.it,Male,27.71.15.217
412,Kacey,Seavers,kseaversbf@sphinn.com,Female,74.216.23.126
413,Jonathan,Sixsmith,jsixsmithbg@squidoo.com,Male,229.187.222.14
414,Melisa,Faulconbridge,mfaulconbridgebh@cam.ac.uk,Female,63.87.31.207
415,Ruthe,Tytcomb,rtytcombbi@goo.ne.jp,Agender,143.78.16.121
416,Wilburt,Ginnell,wginnellbj@goo.gl,Male,73.11.88.229
417,Anestassia,Dickerson,adickersonbk@cnet.com,Female,162.149.122.180
418,Mick,Goodchild,mgoodchildbl@go.com,Male,179.163.36.77
419,Jewelle,Feuell,jfeuellbm@ucoz.com,Female,159.98.104.45
420,Wanids,Napoleon,wnapoleonbn@flickr.com,Non-binary,18.38.144.151
421,Myrtice,Tidman,mtidmanbo@ocn.ne.jp,Female,116.241.190.180
422,Boniface,Caldwell,bcaldwellbp@patch.com,Male,173.42.112.8
423,Leoine,Tripcony,ltripconybq@deviantart.com,Female,213.251.219.24
424,Cordelie,Fidele,cfidelebr@fastcompany.com,Female,185.102.58.163
425,Sandro,Dodge,sdodgebs@cnn.com,Male,53.217.15.167
426,Corbett,Eaddy,ceaddybt@cyberchimps.com,Male,43.39.72.137
427,Ario,Ebbetts,aebbettsbu@barnesandnoble.com,Male,81.35.167.59
428,Norry,Iacovini,niacovinibv@weibo.com,Male,115.152.132.32
429,Marian,Hagstone,mhagstonebw@geocities.jp,Female,243.60.126.159
430,Blondie,Braybrook,bbraybrookbx@cbslocal.com,Female,190.94.97.19
431,Ritchie,Tranfield,rtranfieldby@tamu.edu,Male,39.150.56.73
432,Allard,Bastistini,abastistinibz@usnews.com,Male,3.139.14.251
433,Candra,MacAlister,cmacalisterc0@examiner.com,Female,223.151.86.191
434,Fonsie,Nobes,fnobesc1@list-manage.com,Male,233.143.243.78
435,Godfry,Oslar,goslarc2@telegraph.co.uk,Male,35.77.72.103
436,Brendan,Damant,bdamantc3@ebay.com,Male,87.89.124.38
437,Avrom,Trengrouse,atrengrousec4@twitpic.com,Genderqueer,239.121.159.21
438,Alvin,Armand,aarmandc5@devhub.com,Male,248.128.26.201
439,Tamra,Hodinton,thodintonc6@springer.com,Female,162.45.17.46
440,Juditha,Sumsion,jsumsionc7@soup.io,Female,103.22.59.223
441,Essa,Stear,estearc8@independent.co.uk,Female,59.188.193.133
442,Gabi,Gendricke,ggendrickec9@forbes.com,Male,126.117.51.106
443,Reuben,Varlow,rvarlowca@apple.com,Male,129.163.145.2
444,Boycey,Waren,bwarencb@sohu.com,Male,32.66.173.123
445,Tadeo,Gridley,tgridleycc@smugmug.com,Male,232.178.82.147
446,Emilio,Tomsett,etomsettcd@de.vu,Male,45.84.99.95
447,Manfred,Torre,mtorrece@e-recht24.de,Male,50.111.118.83
448,Jessamine,Struthers,jstrutherscf@alibaba.com,Female,192.200.248.148
449,Skelly,Balassi,sbalassicg@buzzfeed.com,Male,112.226.163.32
450,Agathe,Persence,apersencech@geocities.com,Non-binary,176.162.252.196
451,Leupold,Westcot,lwestcotci@berkeley.edu,Male,218.156.188.19
452,Myrlene,Chellingworth,mchellingworthcj@nhs.uk,Female,11.100.160.250
453,Melitta,Littlekit,mlittlekitck@purevolume.com,Female,245.138.171.157
454,Magdalene,Zelley,mzelleycl@angelfire.com,Female,119.163.223.76
455,Flory,Verdun,fverduncm@soundcloud.com,Male,195.42.92.47
456,Ryun,Arkley,rarkleycn@walmart.com,Male,126.5.87.46
457,Johnna,Cornewell,jcornewellco@tinyurl.com,Female,132.138.154.180
458,Imojean,Arstall,iarstallcp@craigslist.org,Female,139.69.161.185
459,Myrvyn,Oliva,molivacq@networksolutions.com,Male,11.116.94.183
460,Hestia,Van Rembrandt,hvanrembrandtcr@dedecms.com,Female,140.160.23.210
461,Teodorico,Gooly,tgoolycs@webs.com,Male,87.230.127.30
462,Florie,De Minico,fdeminicoct@about.me,Female,107.195.42.58
463,Standford,Habbes,shabbescu@github.io,Male,205.135.198.160
464,Mala,Brokenbrow,mbrokenbrowcv@ihg.com,Agender,197.39.225.204
465,Jae,Emsley,jemsleycw@sfgate.com,Male,181.25.232.210
466,Charla,Ferguson,cfergusoncx@samsung.com,Female,125.34.206.68
467,Arman,Fourcade,afourcadecy@bloglovin.com,Male,104.163.114.97
468,Lucretia,Skelhorne,lskelhornecz@mozilla.com,Female,50.163.59.144
469,Allison,Folini,afolinid0@newyorker.com,Female,84.132.129.212
470,Luigi,Jacobbe,ljacobbed1@shareasale.com,Male,223.192.90.60
471,Rodolph,Allan,ralland2@angelfire.com,Male,26.133.86.66
472,Abeu,Bovey,aboveyd3@craigslist.org,Male,252.44.203.206
473,Cornell,Bawme,cbawmed4@privacy.gov.au,Male,212.241.104.60
474,Andy,Satterlee,asatterleed5@t-online.de,Male,122.51.106.235
475,Klarrisa,Antonopoulos,kantonopoulosd6@studiopress.com,Female,87.235.197.26
476,Andros,Atherley,aatherleyd7@1688.com,Male,13.124.174.109
477,Shelley,Hannabuss,shannabussd8@disqus.com,Male,220.18.193.178
478,Sherill,Leathart,sleathartd9@washingtonpost.com,Female,215.202.9.138
479,De,Grzesiak,dgrzesiakda@imgur.com,Female,105.207.158.217
480,Sigismond,Addams,saddamsdb@sakura.ne.jp,Male,120.206.199.231
481,Law,Gumley,lgumleydc@marketwatch.com,Male,74.114.213.156
482,Chelsey,Gregh,cgreghdd@merriam-webster.com,Female,183.191.123.136
483,Tudor,Collard,tcollardde@mozilla.org,Male,221.186.155.91
484,Josefina,Hammarberg,jhammarbergdf@wix.com,Female,248.61.190.90
485,Hamlen,Ackenson,hackensondg@china.com.cn,Male,124.162.98.33
486,Derrick,Blaxley,dblaxleydh@privacy.gov.au,Male,50.194.124.33
487,Care,Birkinshaw,cbirkinshawdi@wisc.edu,Male,133.182.161.27
488,Chevy,Oxbe,coxbedj@pagesperso-orange.fr,Male,7.118.60.28
489,Christophorus,Dallas,cdallasdk@epa.gov,Male,77.28.18.22
490,Addy,Yantsev,ayantsevdl@cyberchimps.com,Male,46.52.69.136
491,Myranda,Edwins,medwinsdm@hibu.com,Female,223.72.70.45
492,Fowler,Bunney,fbunneydn@sitemeter.com,Male,108.125.88.4
493,Chrissy,Benito,cbenitodo@e-recht24.de,Male,216.242.169.204
494,Shurlocke,Bedin,sbedindp@apache.org,Genderfluid,67.16.74.43
495,Laughton,Seery,lseerydq@mozilla.org,Male,0.6.139.159
496,Isak,Mc Caughan,imccaughandr@geocities.com,Male,36.192.121.191
497,Dory,Falconar,dfalconards@army.mil,Male,36.247.68.128
498,Kiele,Paddison,kpaddisondt@a8.net,Female,27.177.232.63
499,Ivor,Winspire,iwinspiredu@apache.org,Male,236.190.130.1
500,Shena,Collingdon,scollingdondv@intel.com,Female,28.162.75.120
501,Dottie,Smithers,dsmithersdw@sphinn.com,Female,126.97.55.144
502,Rosabel,Load,rloaddx@oaic.gov.au,Female,181.108.32.91
503,Benton,O' Concannon,boconcannondy@t.co,Male,41.102.160.175
504,Parrnell,Goad,pgoaddz@yale.edu,Male,108.153.96.251
505,Delmer,Pinilla,dpinillae0@miibeian.gov.cn,Genderfluid,81.233.123.8
506,Hymie,Saintsbury,hsaintsburye1@nifty.com,Genderqueer,57.21.24.172
507,Husain,Plum,hplume2@trellian.com,Male,191.149.171.128
508,Lory,Aubery,lauberye3@vk.com,Female,74.94.74.52
509,Laney,Acklands,lacklandse4@twitter.com,Female,227.70.236.239
510,Reamonn,Sarson,rsarsone5@google.com.br,Male,200.50.20.199
511,Calv,Macenzy,cmacenzye6@hatena.ne.jp,Male,187.42.198.110
512,Jaime,Clash,jclashe7@amazon.com,Male,254.220.75.76
513,Cinderella,Northern,cnortherne8@e-recht24.de,Female,194.180.112.185
514,Mae,O'Loughnan,moloughnane9@imgur.com,Female,204.203.104.201
515,Lilia,Jewks,ljewksea@wiley.com,Female,27.24.79.173
516,Read,Kenewel,rkeneweleb@biglobe.ne.jp,Male,7.176.122.62
517,Tally,Fintoph,tfintophec@wisc.edu,Male,111.93.99.187
518,Hubie,Farnan,hfarnaned@miitbeian.gov.cn,Male,113.243.111.79
519,Dal,Ungerer,dungereree@domainmarket.com,Male,219.63.2.212
520,Candi,Setford,csetfordef@facebook.com,Female,217.36.57.200
521,Diahann,Whimper,dwhimpereg@ftc.gov,Female,77.180.41.253
522,Pierre,Aukland,pauklandeh@slate.com,Male,0.29.165.69
523,Stearne,Lared,slaredei@shareasale.com,Male,131.238.117.89
524,Javier,Cassidy,jcassidyej@clickbank.net,Male,158.98.232.79
525,Ardene,Castillon,acastillonek@usda.gov,Female,49.238.248.125
526,Lenora,MacCaig,lmaccaigel@opera.com,Female,193.135.144.55
527,Ed,McLise,emcliseem@baidu.com,Bigender,137.186.44.148
528,Alphard,Schafer,aschaferen@yellowpages.com,Male,72.108.110.138
529,Josh,Puddicombe,jpuddicombeeo@wp.com,Male,43.148.114.23
530,Janine,McPhelimy,jmcphelimyep@vistaprint.com,Female,141.70.85.220
531,Kleon,Rizzone,krizzoneeq@weather.com,Male,107.242.88.28
532,Marcia,Dobrovolny,mdobrovolnyer@businesswire.com,Female,7.60.199.163
533,Geri,Slight,gslightes@360.cn,Genderfluid,113.188.176.226
534,Dalis,Wabersinke,dwabersinkeet@webs.com,Male,216.235.23.165
535,Dionysus,Bentje,dbentjeeu@mail.ru,Agender,2.174.38.194
536,Mervin,Dunstall,mdunstallev@github.com,Male,23.203.12.220
537,Devan,Rubenov,drubenovew@netvibes.com,Female,172.121.29.167
538,Ced,Heppner,cheppnerex@themeforest.net,Male,57.255.32.58
539,Gertrud,Deeney,gdeeneyey@indiatimes.com,Genderfluid,10.209.150.88
540,Karlis,Brinkley,kbrinkleyez@ezinearticles.com,Male,150.51.251.214
541,Abbey,Duckels,aduckelsf0@state.tx.us,Male,145.122.104.21
542,Lonny,Drewell,ldrewellf1@trellian.com,Male,30.212.72.121
543,Cortie,Trevarthen,ctrevarthenf2@alibaba.com,Male,180.63.2.197
544,Eirena,Keming,ekemingf3@lulu.com,Non-binary,178.232.150.18
545,Nora,Goslin,ngoslinf4@amazon.com,Female,158.19.185.166
546,Else,Kilpatrick,ekilpatrickf5@nba.com,Female,138.31.206.108
547,Burlie,Gerish,bgerishf6@answers.com,Male,139.113.240.21
548,Read,Arsmith,rarsmithf7@tinypic.com,Male,159.208.223.52
549,Hedvige,Dowers,hdowersf8@blogger.com,Genderfluid,146.50.208.248
550,Brit,Kose,bkosef9@miitbeian.gov.cn,Male,181.57.239.167
551,Hillary,Brinicombe,hbrinicombefa@vimeo.com,Female,109.10.160.193
552,Mariette,Massot,mmassotfb@businessweek.com,Female,197.29.94.94
553,Ulric,Luard,uluardfc@skype.com,Male,31.168.48.40
554,Janel,Hawe,jhawefd@eepurl.com,Female,39.12.115.228
555,Druci,Curwen,dcurwenfe@google.com,Female,68.72.232.249
556,Che,Raigatt,craigattff@census.gov,Male,63.77.64.220
557,Madalena,Franies,mfraniesfg@weather.com,Female,58.128.102.14
558,Robbie,Wagnerin,rwagnerinfh@arizona.edu,Male,84.61.183.126
559,Celinka,Heigho,cheighofi@blogger.com,Female,205.202.163.230
560,Walker,Noon,wnoonfj@aboutads.info,Male,80.137.210.71
561,Hermie,Blooman,hbloomanfk@pen.io,Male,23.82.167.187
562,Brier,Shill,bshillfl@yolasite.com,Female,153.71.138.32
563,Henrietta,Skace,hskacefm@buzzfeed.com,Female,133.78.81.218
564,Helli,Pickerill,hpickerillfn@xing.com,Non-binary,194.56.24.46
565,Anestassia,Doog,adoogfo@e-recht24.de,Genderqueer,119.44.74.107
566,Tybi,McGrotty,tmcgrottyfp@weebly.com,Female,34.65.241.21
567,Gaynor,Scripture,gscripturefq@jimdo.com,Genderfluid,237.163.133.205
568,Cesya,Sprague,cspraguefr@omniture.com,Genderqueer,146.179.25.98
569,Cosme,Sego,csegofs@bandcamp.com,Male,234.99.117.62
570,Matias,Fitchen,mfitchenft@cloudflare.com,Male,247.118.17.161
571,Patricia,Caunt,pcauntfu@g.co,Female,186.194.16.76
572,Mariele,O'Cooney,mocooneyfv@soundcloud.com,Female,215.34.238.91
573,Alyse,Smorthit,asmorthitfw@google.de,Female,107.61.67.206
574,Gian,Leuchars,gleucharsfx@wired.com,Male,216.58.7.205
575,Tobye,Showell,tshowellfy@ezinearticles.com,Female,37.61.117.115
576,Inglebert,Prin,iprinfz@histats.com,Male,51.69.220.39
577,Ephraim,Lockitt,elockittg0@multiply.com,Male,137.181.243.245
578,Dallon,Dundridge,ddundridgeg1@edublogs.org,Male,6.227.44.23
579,Mychal,Cinelli,mcinellig2@house.gov,Male,55.145.211.187
580,Nessi,Franey,nfraneyg3@google.fr,Female,215.54.10.196
581,Killy,Magister,kmagisterg4@senate.gov,Male,232.163.240.17
582,Clementius,Scurman,cscurmang5@facebook.com,Male,37.63.155.165
583,Blondy,Punch,bpunchg6@amazon.de,Female,153.143.19.176
584,Giffy,Cotillard,gcotillardg7@istockphoto.com,Male,188.159.6.53
585,Zarah,Filipiak,zfilipiakg8@slashdot.org,Female,187.109.97.162
586,Leigha,Simpson,lsimpsong9@a8.net,Female,179.236.19.19
587,Sigismundo,Cordeau],scordeauga@samsung.com,Male,142.38.21.185
588,Thorpe,Alyoshin,talyoshingb@webs.com,Male,126.202.175.210
589,Theressa,Vanni,tvannigc@issuu.com,Female,172.80.185.64
590,Cathyleen,Klimpt,cklimptgd@usa.gov,Female,85.181.143.151
591,Glynn,Gibbetts,ggibbettsge@github.com,Genderfluid,159.28.11.28
592,Miguela,Witherby,mwitherbygf@illinois.edu,Female,131.2.99.114
593,Court,Gleadhell,cgleadhellgg@europa.eu,Male,168.238.252.128
594,Melany,Boness,mbonessgh@umich.edu,Female,137.156.194.63
595,Garrik,Barfford,gbarffordgi@imageshack.us,Male,113.171.243.104
596,Happy,Krolle,hkrollegj@uiuc.edu,Female,204.36.220.84
597,Gustav,Pointer,gpointergk@go.com,Male,210.244.213.56
598,Tremain,Brokenbrow,tbrokenbrowgl@nsw.gov.au,Male,222.236.210.198
599,Rafi,Pithcock,rpithcockgm@ustream.tv,Male,107.42.205.36
600,Sasha,Flitcroft,sflitcroftgn@slashdot.org,Female,225.121.29.194
601,Paten,Brunker,pbrunkergo@jigsy.com,Male,187.16.148.10
602,Carlie,Fransseni,cfranssenigp@cpanel.net,Female,196.59.157.97
603,Bondon,Bernholt,bbernholtgq@discovery.com,Male,54.158.165.79
604,Robbi,Dabbs,rdabbsgr@live.com,Female,200.75.122.129
605,Livy,Beushaw,lbeushawgs@symantec.com,Female,62.171.63.21
606,Clary,Tutsell,ctutsellgt@mozilla.org,Female,185.36.57.238
607,Carlynne,Gosforth,cgosforthgu@princeton.edu,Female,101.209.169.44
608,Barris,Deyenhardt,bdeyenhardtgv@tiny.cc,Male,105.89.190.157
609,Tiebold,Danshin,tdanshingw@indiatimes.com,Male,11.75.21.93
610,Adda,Congreave,acongreavegx@csmonitor.com,Female,162.142.251.110
611,Andie,Harler,aharlergy@google.com.au,Genderqueer,147.11.51.27
612,Malcolm,Leadbeater,mleadbeatergz@livejournal.com,Male,223.190.65.163
613,Alica,Scanes,ascanesh0@dailymotion.com,Agender,73.80.206.128
614,Wiley,O' Concannon,woconcannonh1@google.nl,Male,108.99.91.47
615,Larine,Andrin,landrinh2@nature.com,Bigender,128.99.45.195
616,Magdalen,Grimme,mgrimmeh3@freewebs.com,Female,193.31.227.198
617,Ninnetta,Mustoe,nmustoeh4@dmoz.org,Female,186.152.19.52
618,Burnaby,Megahey,bmegaheyh5@wix.com,Male,23.45.23.196
619,Britt,Kliche,bklicheh6@artisteer.com,Male,199.164.182.69
620,Rockwell,Spoor,rspoorh7@mlb.com,Male,154.213.139.69
621,Ofilia,Pieche,opiecheh8@altervista.org,Female,64.6.99.171
622,Marcellina,Gilks,mgilksh9@facebook.com,Female,49.86.147.208
623,Emelia,Kildea,ekildeaha@so-net.ne.jp,Female,105.17.148.202
624,Stanislaw,McSparran,smcsparranhb@google.com,Male,190.103.53.80
625,Zaria,Cowins,zcowinshc@bluehost.com,Female,147.13.245.202
626,Kylila,Peyto,kpeytohd@paypal.com,Female,174.5.13.189
627,Bryn,Fruish,bfruishhe@pagesperso-orange.fr,Female,105.82.208.51
628,Curcio,Faloon,cfaloonhf@addthis.com,Male,6.158.135.164
629,Emyle,Hearsey,ehearseyhg@deliciousdays.com,Female,150.78.172.102
630,Janeen,Posselt,jposselthh@wsj.com,Female,37.26.39.137
631,Zared,Noke,znokehi@nydailynews.com,Male,182.162.198.184
632,Rockey,Bonnick,rbonnickhj@imageshack.us,Male,170.27.250.94
633,Haley,Harteley,hharteleyhk@uiuc.edu,Male,219.229.22.240
634,Avrom,Dominguez,adominguezhl@google.es,Agender,17.44.145.238
635,Jessy,O'Noulane,jonoulanehm@youtu.be,Genderqueer,247.244.183.188
636,Richard,Mickleburgh,rmickleburghhn@parallels.com,Male,48.130.145.227
637,Guenna,Churchyard,gchurchyardho@hubpages.com,Female,80.136.141.229
638,Caitlin,Albutt,calbutthp@multiply.com,Female,37.164.75.145
639,Ramsay,Belsher,rbelsherhq@huffingtonpost.com,Male,246.172.85.185
640,Porter,Lethebridge,plethebridgehr@cbsnews.com,Male,185.111.96.53
641,Wheeler,Dulwich,wdulwichhs@usnews.com,Genderfluid,153.148.120.152
642,Belva,Westnedge,bwestnedgeht@hp.com,Female,152.248.98.26
643,Skipper,Oakden,soakdenhu@adobe.com,Male,3.180.106.98
644,Carina,Chestle,cchestlehv@who.int,Genderqueer,227.98.129.174
645,Lovell,Uccello,luccellohw@redcross.org,Male,251.207.173.13
646,Petronella,Linay,plinayhx@economist.com,Female,176.237.137.15
647,Oran,Burger,oburgerhy@blogs.com,Male,248.229.180.10
648,Tessy,Overstreet,toverstreethz@ovh.net,Female,155.173.48.57
649,Cecilia,Barkus,cbarkusi0@dot.gov,Female,23.216.146.0
650,Emalee,Phuprate,ephupratei1@g.co,Female,207.79.46.50
651,Roch,Shave,rshavei2@mlb.com,Female,204.103.98.158
652,Stephan,Maliffe,smaliffei3@mashable.com,Male,84.138.36.210
653,Annice,Mazdon,amazdoni4@globo.com,Female,166.183.88.10
654,Jacky,Darnody,jdarnodyi5@msu.edu,Female,121.167.30.12
655,Rosamund,Chatwin,rchatwini6@about.me,Female,101.113.102.150
656,Leland,Grunnill,lgrunnilli7@blogger.com,Male,252.199.236.18
657,Corenda,Buck,cbucki8@skyrock.com,Female,54.250.4.42
658,Jessalin,Maciaszek,jmaciaszeki9@netscape.com,Female,37.125.8.183
659,Rufe,Cannavan,rcannavania@constantcontact.com,Male,62.89.48.214
660,Guido,Eayrs,geayrsib@bluehost.com,Male,254.129.104.70
661,Hans,Redwall,hredwallic@163.com,Male,108.120.240.106
662,Hank,Pieche,hpiecheid@spotify.com,Male,194.31.143.93
663,Llewellyn,Stimson,lstimsonie@ameblo.jp,Male,251.185.61.135
664,Grayce,Reardon,greardonif@free.fr,Female,96.25.36.125
665,Spense,Garthland,sgarthlandig@icio.us,Male,117.23.202.76
666,Christian,Rowbury,crowburyih@webmd.com,Male,9.125.10.137
667,Delcine,Weth,dwethii@answers.com,Female,172.132.223.82
668,Geri,Andrivel,gandrivelij@google.cn,Female,155.148.58.3
669,Vicky,Beatty,vbeattyik@unblog.fr,Female,82.121.36.244
670,Burg,Swetman,bswetmanil@bluehost.com,Genderqueer,67.169.141.69
671,Avram,O'Mahoney,aomahoneyim@cdbaby.com,Male,234.53.217.88
672,Alwin,Lortzing,alortzingin@vkontakte.ru,Male,168.251.9.143
673,Blondie,Moysey,bmoyseyio@cloudflare.com,Female,151.232.224.251
674,Bird,Bowfin,bbowfinip@people.com.cn,Female,178.248.207.212
675,Christine,Garforth,cgarforthiq@home.pl,Female,172.201.108.198
676,Theresa,Riquet,triquetir@networksolutions.com,Female,15.51.214.252
677,Krysta,Bew,kbewis@wix.com,Female,107.80.44.99
678,Dewie,Morcom,dmorcomit@ocn.ne.jp,Male,199.231.12.228
679,Hobie,Ouldcott,houldcottiu@ca.gov,Male,78.139.161.39
680,Barnie,Lambkin,blambkiniv@globo.com,Male,66.2.136.182
681,Jessika,Picot,jpicotiw@blogger.com,Female,28.104.185.115
682,Taddeusz,Brason,tbrasonix@japanpost.jp,Male,236.4.97.11
683,Giacinta,Curley,gcurleyiy@marriott.com,Female,213.117.215.97
684,Imogen,Cheasman,icheasmaniz@dailymotion.com,Female,120.101.2.92
685,Dewey,Brunon,dbrunonj0@rakuten.co.jp,Male,89.192.95.2
686,Pansy,Hassall,phassallj1@jimdo.com,Female,46.128.97.86
687,Lidia,Connolly,lconnollyj2@chronoengine.com,Female,7.244.190.219
688,Frederigo,Salack,fsalackj3@umich.edu,Male,164.101.173.1
689,Kiri,Barajaz,kbarajazj4@jugem.jp,Female,30.214.11.144
690,Isaac,Cavendish,icavendishj5@nasa.gov,Genderqueer,180.117.252.238
691,Tina,Remon,tremonj6@webeden.co.uk,Female,0.65.179.29
692,Kalie,Rousel,krouselj7@yellowbook.com,Female,151.163.115.92
693,Alice,Cootes,acootesj8@army.mil,Female,226.61.110.70
694,Carmine,Aven,cavenj9@youtu.be,Male,246.177.112.252
695,Marsh,Butchart,mbutchartja@census.gov,Male,44.214.119.42
696,Merle,Edgington,medgingtonjb@state.gov,Female,149.19.33.76
697,Darla,Samarth,dsamarthjc@issuu.com,Female,78.64.135.165
698,Illa,Karle,ikarlejd@friendfeed.com,Female,125.223.100.170
699,Tully,Gumm,tgummje@posterous.com,Male,89.111.7.74
700,Brianna,De Bellis,bdebellisjf@fc2.com,Female,98.74.152.6
701,Correy,Saterthwait,csaterthwaitjg@is.gd,Male,79.199.246.24
702,Conroy,Dorsey,cdorseyjh@mozilla.org,Male,5.38.225.126
703,Baxy,MacKissack,bmackissackji@sohu.com,Male,167.212.200.230
704,Sherilyn,Stellino,sstellinojj@imageshack.us,Female,0.71.116.125
705,Lorrayne,Rawling,lrawlingjk@reverbnation.com,Female,79.243.114.5
706,Junia,Petrecz,jpetreczjl@shareasale.com,Genderqueer,119.102.30.95
707,Rey,Elesander,relesanderjm@ft.com,Female,167.31.12.109
708,Jodie,Newe,jnewejn@blog.com,Male,189.174.63.180
709,Norine,Danigel,ndanigeljo@senate.gov,Female,136.119.215.104
710,Roseanne,Rollinshaw,rrollinshawjp@census.gov,Female,105.43.221.109
711,Gisela,Fernyhough,gfernyhoughjq@vkontakte.ru,Female,140.97.200.114
712,Rolando,Fardy,rfardyjr@123-reg.co.uk,Male,45.83.12.143
713,Farrel,Dolohunty,fdolohuntyjs@about.me,Male,113.254.164.240
714,Yevette,Gepp,ygeppjt@dagondesign.com,Female,234.222.222.35
715,Dedra,Bester,dbesterju@booking.com,Female,149.38.128.170
716,Gusti,Bedbrough,gbedbroughjv@creativecommons.org,Genderqueer,158.120.2.45
717,Levi,Briance,lbriancejw@nbcnews.com,Male,244.131.86.231
718,Raymond,Larchiere,rlarchierejx@harvard.edu,Male,4.155.139.13
719,Gwenneth,Laguerre,glaguerrejy@hatena.ne.jp,Female,131.52.77.61
720,Esteban,Fillan,efillanjz@printfriendly.com,Male,208.44.228.68
721,Cam,Romme,crommek0@wired.com,Female,6.134.38.28
722,Ailbert,Dreakin,adreakink1@edublogs.org,Male,139.193.250.47
723,Ariadne,Sullivan,asullivank2@howstuffworks.com,Female,97.131.28.152
724,Corrie,Gors,cgorsk3@de.vu,Genderqueer,141.193.29.220
725,Jarid,Haygreen,jhaygreenk4@123-reg.co.uk,Male,77.220.145.163
726,Sibel,Gathercole,sgathercolek5@usa.gov,Female,154.4.82.193
727,Yvette,Shelf,yshelfk6@google.nl,Female,24.139.197.96
728,Harman,M'Barron,hmbarronk7@dagondesign.com,Male,178.246.47.43
729,Patricio,Harrower,pharrowerk8@ameblo.jp,Male,44.4.229.143
730,Pat,Leeb,pleebk9@technorati.com,Female,182.210.39.178
731,Verne,Yatman,vyatmanka@opera.com,Male,34.47.83.11
732,Hector,Tincknell,htincknellkb@livejournal.com,Male,73.220.205.25
733,Irina,Yeld,iyeldkc@harvard.edu,Female,212.247.243.84
734,Xymenes,Gainfort,xgainfortkd@businessinsider.com,Male,138.220.166.180
735,Dare,Scrannage,dscrannageke@tumblr.com,Male,163.16.165.188
736,Bastian,Giacobilio,bgiacobiliokf@scientificamerican.com,Male,59.17.141.189
737,Donny,Asprey,daspreykg@addtoany.com,Male,247.135.246.74
738,Clerkclaude,Kohen,ckohenkh@usa.gov,Male,55.44.104.55
739,Roosevelt,Sholem,rsholemki@usgs.gov,Male,189.113.69.39
740,Lori,Galer,lgalerkj@noaa.gov,Female,202.100.244.136
741,Sabine,Stogill,sstogillkk@admin.ch,Female,53.180.241.132
742,Darcie,Fairchild,dfairchildkl@issuu.com,Female,249.29.37.38
743,Starlin,Trinke,strinkekm@nsw.gov.au,Female,9.246.197.36
744,Christoffer,Bootherstone,cbootherstonekn@wordpress.com,Male,20.136.160.44
745,Jeanine,Bear,jbearko@networksolutions.com,Female,79.2.249.21
746,Ellwood,Madge,emadgekp@tmall.com,Male,0.126.211.89
747,Horatio,Lermit,hlermitkq@hao123.com,Male,18.3.138.143
748,Kaile,Gregol,kgregolkr@columbia.edu,Female,211.103.59.191
749,Antone,Kille,akilleks@phoca.cz,Male,245.144.63.196
750,Kelly,Adrianello,kadrianellokt@godaddy.com,Male,141.237.214.177
751,Piper,Dron,pdronku@t-online.de,Bigender,152.204.183.40
752,Clayton,Askin,caskinkv@pbs.org,Male,53.223.60.95
753,Stevana,Hopfer,shopferkw@si.edu,Female,58.111.62.107
754,Lesly,Brunelleschi,lbrunelleschikx@paginegialle.it,Female,78.229.113.28
755,Ricoriki,Bodham,rbodhamky@360.cn,Male,244.153.43.172
756,Theobald,Borris,tborriskz@etsy.com,Male,51.241.36.138
757,Igor,Smail,ismaill0@unesco.org,Agender,119.82.90.145
758,Merill,Filliskirk,mfilliskirkl1@dyndns.org,Male,80.151.47.52
759,Amabelle,Gyorffy,agyorffyl2@hubpages.com,Female,52.129.27.205
760,Caresse,Toman,ctomanl3@blogger.com,Female,187.173.173.85
761,Valentine,Hindenburg,vhindenburgl4@gov.uk,Male,202.143.82.82
762,Nari,Lehr,nlehrl5@sohu.com,Female,30.17.225.50
763,Florinda,Auguste,faugustel6@msu.edu,Female,69.159.174.145
764,Ulrich,Sill,usilll7@cornell.edu,Male,54.151.55.121
765,Christiano,McBoyle,cmcboylel8@chicagotribune.com,Male,226.252.69.246
766,Jeralee,Ertelt,jerteltl9@topsy.com,Female,192.14.159.195
767,Ginny,Baggallay,gbaggallayla@comcast.net,Female,194.189.111.221
768,Zachariah,Sisey,zsiseylb@boston.com,Male,251.0.154.239
769,Colleen,Whoston,cwhostonlc@about.com,Female,134.122.41.8
770,Lizbeth,Osmar,losmarld@feedburner.com,Female,52.145.3.213
771,Bren,Muat,bmuatle@hugedomains.com,Female,81.103.172.21
772,Holly,Clapp,hclapplf@pen.io,Female,62.11.10.212
773,Lamar,Janney,ljanneylg@nyu.edu,Male,180.162.92.3
774,Ingamar,Farnan,ifarnanlh@symantec.com,Male,4.183.0.107
775,Allina,Kruschev,akruschevli@ebay.com,Female,168.103.186.189
776,Perren,Kidston,pkidstonlj@surveymonkey.com,Male,104.202.235.203
777,Hewitt,Sheehan,hsheehanlk@earthlink.net,Male,60.64.53.208
778,Deane,Jencey,djenceyll@ca.gov,Polygender,21.114.127.197
779,Rosy,Maddicks,rmaddickslm@virginia.edu,Female,148.6.210.68
780,Muffin,Monshall,mmonshallln@rediff.com,Male,71.32.42.248
781,Neely,Scarlan,nscarlanlo@nba.com,Female,89.245.64.220
782,Carley,Belitz,cbelitzlp@spotify.com,Female,249.80.99.135
783,Cirilo,Giffen,cgiffenlq@examiner.com,Male,232.216.219.38
784,Gipsy,Hannigan,ghanniganlr@opera.com,Female,49.188.98.61
785,Fernande,Stringer,fstringerls@hibu.com,Female,227.25.129.20
786,Lauralee,Mullis,lmullislt@lycos.com,Female,78.221.0.116
787,Wilhelmine,Rickaert,wrickaertlu@php.net,Female,141.76.32.80
788,Teddy,Bishop,tbishoplv@tumblr.com,Female,43.195.78.5
789,Annemarie,O'Mailey,aomaileylw@cocolog-nifty.com,Genderqueer,5.52.182.107
790,Mariel,Jubb,mjubblx@wisc.edu,Female,181.191.134.100
791,Rosalie,Golden of Ireland,rgoldenofirelandly@blogger.com,Female,19.106.103.194
792,Ritchie,Cattow,rcattowlz@so-net.ne.jp,Male,132.169.173.12
793,Damien,Gonnin,dgonninm0@kickstarter.com,Male,251.122.123.74
794,Renaud,Nattriss,rnattrissm1@quantcast.com,Male,74.77.247.72
795,Keefer,Rivel,krivelm2@nature.com,Male,222.75.83.216
796,Vito,Avrashin,vavrashinm3@indiatimes.com,Male,169.119.17.33
797,Garret,Forsdike,gforsdikem4@cdbaby.com,Male,25.4.80.107
798,Heinrick,MacFie,hmacfiem5@loc.gov,Male,113.104.167.131
799,Arturo,Leyshon,aleyshonm6@exblog.jp,Male,11.109.201.147
800,Darell,Musla,dmuslam7@wix.com,Female,83.97.254.95
801,Babbette,Ratcliffe,bratcliffem8@epa.gov,Female,125.159.36.147
802,Krista,Dashkov,kdashkovm9@boston.com,Bigender,68.183.53.255
803,Averill,Indruch,aindruchma@purevolume.com,Male,120.102.197.135
804,Gonzales,Albrighton,galbrightonmb@walmart.com,Male,64.75.20.170
805,Pollyanna,Knolles-Green,pknollesgreenmc@microsoft.com,Female,102.211.31.182
806,Link,Sancroft,lsancroftmd@shutterfly.com,Male,82.204.210.12
807,Kenny,Trice,ktriceme@salon.com,Male,131.80.210.115
808,Gabi,Bagott,gbagottmf@jimdo.com,Non-binary,208.190.205.130
809,Katherine,Dodson,kdodsonmg@kickstarter.com,Genderqueer,184.223.183.183
810,Marianna,King,mkingmh@delicious.com,Female,124.221.99.7
811,Kai,Stainton - Skinn,kstaintonskinnmi@cargocollective.com,Female,198.178.255.99
812,Edna,Chatwin,echatwinmj@ihg.com,Female,242.208.58.225
813,Pearle,Nobles,pnoblesmk@redcross.org,Female,141.192.128.129
814,Jenica,L'Hommeau,jlhommeauml@ustream.tv,Female,199.188.79.104
815,Eadith,Tyrone,etyronemm@godaddy.com,Female,170.151.157.10
816,Osmund,Risborough,orisboroughmn@blog.com,Male,86.187.222.88
817,Ben,Bastie,bbastiemo@comsenz.com,Male,245.65.46.215
818,Fraze,Vigar,fvigarmp@usgs.gov,Male,171.12.58.184
819,Rowen,Shalloo,rshalloomq@ox.ac.uk,Male,13.129.141.32
820,Vinni,Goodison,vgoodisonmr@independent.co.uk,Female,12.90.230.109
821,Ranna,Kock,rkockms@alibaba.com,Female,214.98.89.217
822,Joya,Minigo,jminigomt@google.com.au,Female,4.223.182.94
823,Marlyn,Espy,mespymu@merriam-webster.com,Female,250.131.213.25
824,Buiron,Bowhay,bbowhaymv@moonfruit.com,Male,211.49.100.20
825,Moise,Shakesbye,mshakesbyemw@symantec.com,Male,130.245.211.181
826,Llewellyn,Hulke,lhulkemx@freewebs.com,Non-binary,142.103.57.137
827,Arni,Di Biasi,adibiasimy@umn.edu,Male,53.65.163.138
828,Norton,Asquith,nasquithmz@youku.com,Male,15.144.160.62
829,Merill,McTavy,mmctavyn0@google.ca,Male,138.238.3.210
830,Bertie,Orlton,borltonn1@jugem.jp,Female,82.33.2.170
831,Bili,Cartan,bcartann2@shop-pro.jp,Female,26.224.28.234
832,Lulu,Camili,lcamilin3@wordpress.org,Female,250.232.123.132
833,Petrina,Szymoni,pszymonin4@barnesandnoble.com,Female,24.57.35.160
834,Giraldo,Broadwell,gbroadwelln5@google.fr,Male,13.93.45.16
835,Damien,Coie,dcoien6@mapy.cz,Male,181.101.89.196
836,Gianina,Guly,ggulyn7@biblegateway.com,Bigender,93.76.175.225
837,Tibold,Klug,tklugn8@amazon.com,Male,85.130.229.254
838,Robby,Gilardengo,rgilardengon9@cafepress.com,Female,189.124.21.69
839,Henka,Natwick,hnatwickna@reddit.com,Non-binary,122.30.209.149
840,Stuart,Hardwell,shardwellnb@newyorker.com,Male,200.125.202.67
841,Fletch,Garfoot,fgarfootnc@newyorker.com,Male,154.39.196.70
842,Gray,Cavalier,gcavaliernd@utexas.edu,Female,14.38.97.99
843,Tab,Rydeard,trydeardne@businessinsider.com,Male,147.247.222.189
844,Berkeley,Selcraig,bselcraignf@springer.com,Male,78.239.138.68
845,Mycah,Newland,mnewlandng@blogs.com,Male,34.187.188.168
846,Franky,Hanburry,fhanburrynh@google.com,Female,237.190.80.89
847,Ramon,Carthy,rcarthyni@sohu.com,Male,235.121.101.3
848,Damian,Stollwerk,dstollwerknj@icq.com,Male,228.123.61.237
849,Anatola,Nyssen,anyssennk@ycombinator.com,Female,41.203.16.37
850,Kelila,Boddice,kboddicenl@liveinternet.ru,Female,85.96.10.91
851,Fair,Toppas,ftoppasnm@mail.ru,Male,2.169.56.240
852,Kyla,Haygreen,khaygreennn@soundcloud.com,Female,9.118.28.105
853,Darya,Hartford,dhartfordno@wiley.com,Female,218.45.246.164
854,Sapphire,Soanes,ssoanesnp@4shared.com,Female,97.186.1.202
855,Jeno,Trumpeter,jtrumpeternq@yale.edu,Male,230.140.129.209
856,Vidovik,Tilly,vtillynr@privacy.gov.au,Male,106.188.55.17
857,Tilly,Gimeno,tgimenons@walmart.com,Female,162.143.77.58
858,Ardyce,Layhe,alayhent@nsw.gov.au,Female,38.183.67.243
859,Naoma,Neiland,nneilandnu@youtube.com,Female,232.227.20.236
860,Yasmeen,Tummasutti,ytummasuttinv@google.com.hk,Female,79.30.250.47
861,Johnny,Rockhall,jrockhallnw@loc.gov,Male,167.12.88.170
862,Emalee,Trevenu,etrevenunx@senate.gov,Female,61.35.16.34
863,Ida,Mapston,imapstonny@ed.gov,Female,171.10.21.141
864,Pascal,Blakeden,pblakedennz@redcross.org,Male,107.199.99.128
865,Michel,Swains,mswainso0@facebook.com,Male,195.92.64.58
866,Zachery,Benois,zbenoiso1@jugem.jp,Male,40.248.78.147
867,Brockie,Roscrigg,broscriggo2@auda.org.au,Male,224.135.66.23
868,Scotti,Doddridge,sdoddridgeo3@shinystat.com,Male,108.109.244.97
869,Hans,Wilson,hwilsono4@nifty.com,Male,2.89.48.158
870,Glenn,Rubee,grubeeo5@dailymotion.com,Male,76.93.153.0
871,Mandie,Melbourn,mmelbourno6@java.com,Female,251.249.227.143
872,Christoper,Blogg,cbloggo7@statcounter.com,Male,29.87.2.108
873,Roxana,Cocker,rcockero8@gizmodo.com,Female,74.26.121.22
874,Taffy,Pidwell,tpidwello9@theguardian.com,Female,239.117.227.86
875,Dulcinea,Chastel,dchasteloa@youtube.com,Female,55.157.97.183
876,Joachim,Bosomworth,jbosomworthob@devhub.com,Male,108.65.40.232
877,Babara,Willwood,bwillwoodoc@army.mil,Female,253.38.186.205
878,Richmond,Billham,rbillhamod@hud.gov,Male,104.118.41.101
879,Englebert,Marwick,emarwickoe@tmall.com,Male,25.230.138.255
880,Quintus,Rosenbaum,qrosenbaumof@gravatar.com,Male,14.182.138.65
881,Charis,Rosenschein,crosenscheinog@bloglines.com,Female,18.200.125.57
882,Nara,Dudderidge,ndudderidgeoh@webnode.com,Female,38.218.163.182
883,Luigi,Faux,lfauxoi@washingtonpost.com,Male,47.161.35.232
884,Tomaso,Leitch,tleitchoj@oracle.com,Male,132.159.232.164
885,Reina,Rollings,rrollingsok@alibaba.com,Female,117.206.15.27
886,Amerigo,Parlett,aparlettol@liveinternet.ru,Male,175.178.224.45
887,Myron,Halsted,mhalstedom@dagondesign.com,Male,93.66.42.250
888,Franchot,Brindle,fbrindleon@comcast.net,Genderfluid,64.165.39.98
889,Iggy,Salsbury,isalsburyoo@slideshare.net,Male,137.162.83.225
890,Prudence,Lenard,plenardop@reference.com,Female,174.49.192.18
891,Aindrea,De Bernardi,adebernardioq@ted.com,Female,172.104.126.92
892,Dacie,Vanderplas,dvanderplasor@blog.com,Female,235.83.68.176
893,Webster,Giovanetti,wgiovanettios@dyndns.org,Male,199.49.79.191
894,Sayres,Birdsey,sbirdseyot@nydailynews.com,Male,173.104.109.156
895,Madelyn,Darbishire,mdarbishireou@upenn.edu,Female,83.177.121.129
896,Lenore,Linstead,llinsteadov@oracle.com,Female,235.162.29.197
897,Lisha,Climance,lclimanceow@walmart.com,Female,65.134.117.4
898,Marya,Blofeld,mblofeldox@nih.gov,Female,200.91.212.159
899,Gretel,Paulmann,gpaulmannoy@ucsd.edu,Female,245.231.248.24
900,Burgess,Brayfield,bbrayfieldoz@goodreads.com,Male,178.227.234.222
901,Sherye,Heisham,sheishamp0@state.gov,Female,4.132.162.227
902,Elyssa,Kuhle,ekuhlep1@bing.com,Genderfluid,80.48.89.37
903,Cody,Crighten,ccrightenp2@symantec.com,Female,128.191.115.43
904,Milena,Leavy,mleavyp3@privacy.gov.au,Agender,167.177.22.229
905,Heather,Chandler,hchandlerp4@domainmarket.com,Female,70.57.134.231
906,Oralla,Ludlem,oludlemp5@flavors.me,Bigender,30.72.212.79
907,Bartholomeus,Jaqueminet,bjaqueminetp6@freewebs.com,Male,133.135.211.188
908,Elmira,Carress,ecarressp7@dagondesign.com,Female,200.172.86.35
909,Amalia,Copeland,acopelandp8@netvibes.com,Female,159.11.228.55
910,Feodora,Kelloch,fkellochp9@statcounter.com,Female,183.49.144.132
911,Tandie,Greally,tgreallypa@squidoo.com,Female,76.125.237.146
912,Tucker,Kiehne,tkiehnepb@soundcloud.com,Male,26.150.209.3
913,Armstrong,Cattini,acattinipc@hhs.gov,Male,19.139.208.60
914,Pooh,Dowling,pdowlingpd@booking.com,Genderfluid,143.170.103.154
915,Vannie,Platt,vplattpe@salon.com,Female,87.4.114.247
916,Camille,Baise,cbaisepf@vinaora.com,Female,140.52.241.126
917,Tessa,Casarino,tcasarinopg@google.com.hk,Genderqueer,227.241.39.13
918,Ora,Corragan,ocorraganph@webnode.com,Female,1.172.208.68
919,Berton,Coppin,bcoppinpi@aboutads.info,Male,247.194.87.184
920,Lauree,Aksell,laksellpj@hubpages.com,Female,252.41.82.106
921,Brand,Robertsen,brobertsenpk@dyndns.org,Male,251.55.188.12
922,Otis,Tupp,otupppl@dailymotion.com,Male,18.194.213.230
923,Gael,Southward,gsouthwardpm@flickr.com,Male,78.230.1.172
924,Jessa,Lawman,jlawmanpn@imgur.com,Female,150.184.24.134
925,Bellanca,Rois,broispo@senate.gov,Female,133.153.74.22
926,Ingram,Soal,isoalpp@livejournal.com,Male,233.185.182.111
927,Lyndel,Boshier,lboshierpq@constantcontact.com,Female,67.202.64.80
928,Leroy,Isaksson,lisakssonpr@senate.gov,Male,45.120.93.212
929,Timofei,Boniface,tbonifaceps@vimeo.com,Male,44.114.118.223
930,Lyndsie,Awton,lawtonpt@nhs.uk,Female,66.126.114.112
931,Nigel,Varnes,nvarnespu@abc.net.au,Male,113.217.33.187
932,Germain,Piner,gpinerpv@chicagotribune.com,Male,220.206.95.51
933,Misti,Dare,mdarepw@hud.gov,Female,228.236.118.45
934,Raimondo,Lascelles,rlascellespx@unicef.org,Genderfluid,21.73.135.95
935,Ruby,Wasmer,rwasmerpy@pcworld.com,Male,101.129.64.175
936,Hali,Schneidau,hschneidaupz@ucoz.com,Female,147.13.132.94
937,Earl,Blofeld,eblofeldq0@reference.com,Genderqueer,176.174.16.105
938,Tallie,Dupre,tdupreq1@163.com,Male,126.255.63.7
939,Welby,Francescuzzi,wfrancescuzziq2@cpanel.net,Male,122.44.249.46
940,Gill,Darington,gdaringtonq3@wix.com,Female,167.81.223.106
941,Antone,Edon,aedonq4@yellowbook.com,Male,34.65.1.81
942,Phillip,Driver,pdriverq5@livejournal.com,Male,7.249.26.252
943,Eleni,Scorthorne,escorthorneq6@t-online.de,Female,208.76.210.146
944,Stefan,Goede,sgoedeq7@wunderground.com,Male,221.240.177.147
945,Erma,Ibel,eibelq8@disqus.com,Female,163.88.70.70
946,Leroi,Wyatt,lwyattq9@hibu.com,Male,114.136.95.36
947,Sandy,Duggleby,sdugglebyqa@mail.ru,Male,105.136.100.73
948,Ryley,Lovelock,rlovelockqb@example.com,Male,8.105.30.196
949,Ravid,Atterley,ratterleyqc@multiply.com,Male,135.223.50.240
950,Dunstan,McGlynn,dmcglynnqd@omniture.com,Male,150.177.243.17
951,Del,Freathy,dfreathyqe@slate.com,Female,138.103.41.80
952,Bernardo,Costen,bcostenqf@jugem.jp,Male,114.234.141.198
953,Baillie,Bardnam,bbardnamqg@gmpg.org,Male,28.167.254.64
954,Abbie,Dumbare,adumbareqh@ehow.com,Male,122.59.217.104
955,Shayla,Kleinmann,skleinmannqi@reddit.com,Female,41.106.151.0
956,Leonid,Lorrie,llorrieqj@bbb.org,Male,231.255.195.171
957,Aurthur,McNuff,amcnuffqk@smh.com.au,Male,172.243.57.248
958,Stefano,Keppie,skeppieql@opera.com,Male,183.254.28.31
959,Barron,Ugoni,bugoniqm@oakley.com,Male,118.128.32.76
960,Joshuah,Doyle,jdoyleqn@multiply.com,Male,111.48.29.239
961,Ilaire,Witard,iwitardqo@virginia.edu,Male,51.243.41.18
962,Candis,Veness,cvenessqp@va.gov,Female,69.46.28.136
963,Freddy,Leaver,fleaverqq@tmall.com,Male,196.45.54.89
964,Shannan,Erik,serikqr@nsw.gov.au,Male,243.124.196.47
965,Tremain,Wannan,twannanqs@tripod.com,Male,54.151.56.163
966,Consolata,Edger,cedgerqt@usda.gov,Agender,54.98.218.91
967,Rorke,Lobb,rlobbqu@mayoclinic.com,Male,190.54.176.40
968,Curry,Kleen,ckleenqv@wordpress.org,Male,255.179.73.224
969,Lanny,MacTrustie,lmactrustieqw@pcworld.com,Female,255.106.179.247
970,Kynthia,Terrans,kterransqx@mlb.com,Female,108.179.71.85
971,Ulrika,Kilgannon,ukilgannonqy@nationalgeographic.com,Female,201.123.32.21
972,Haley,Ciccoloi,hciccoloiqz@bravesites.com,Male,88.232.220.203
973,Heall,McDougald,hmcdougaldr0@issuu.com,Male,17.36.153.238
974,Jolee,Bartelot,jbartelotr1@icq.com,Female,76.71.92.32
975,Dan,Ivashin,divashinr2@com.com,Male,100.221.30.142
976,Brennen,Height,bheightr3@biglobe.ne.jp,Male,196.27.156.15
977,Kyle,Warbeys,kwarbeysr4@noaa.gov,Male,152.126.248.57
978,Kordula,Husset,khussetr5@uiuc.edu,Female,255.137.97.236
979,Bryanty,Ochterlony,bochterlonyr6@marriott.com,Male,245.211.15.232
980,Vin,Studdert,vstuddertr7@forbes.com,Male,86.158.46.104
981,Delila,Rewan,drewanr8@hostgator.com,Female,149.4.59.230
982,Vera,McDoual,vmcdoualr9@aol.com,Female,226.49.212.234
983,Packston,Klimschak,pklimschakra@seattletimes.com,Male,242.187.191.79
984,Ardene,De Witt,adewittrb@rediff.com,Genderqueer,199.23.51.219
985,Orelia,Matantsev,omatantsevrc@mediafire.com,Female,63.86.183.181
986,Will,Backshall,wbackshallrd@google.co.uk,Male,201.241.206.155
987,Ingunna,Steljes,isteljesre@archive.org,Female,248.49.117.137
988,Forster,Blondel,fblondelrf@mapy.cz,Male,223.173.52.102
989,Katalin,Finnigan,kfinniganrg@tripod.com,Female,224.188.209.179
990,Shea,De Angelis,sdeangelisrh@whitehouse.gov,Female,122.47.88.207
991,Joshua,Coupland,jcouplandri@apache.org,Male,245.143.136.159
992,Cherrita,Thorns,cthornsrj@twitpic.com,Female,223.218.109.64
993,Rustin,Pounder,rpounderrk@cbc.ca,Male,106.233.176.229
994,Gael,Scrowby,gscrowbyrl@ucla.edu,Female,196.141.206.211
995,Kinnie,Tasseler,ktasselerrm@live.com,Agender,24.197.109.174
996,Megen,Diglin,mdiglinrn@wikipedia.org,Female,156.106.102.101
997,Rogerio,Warrack,rwarrackro@apple.com,Male,222.189.97.213
998,Nelia,Rummer,nrummerrp@bloglines.com,Female,134.188.226.100
999,Mabelle,Hirschmann,mhirschmannrq@apple.com,Female,69.173.140.94
1000,Jana,Mallabar,jmallabarrr@tripadvisor.com,Female,244.38.137.149
