id,first_name,last_name,email,gender,ip_address
1,Domingo,Popplestone,dpopplestone0@jigsy.com,Male,58.41.32.110
2,Mano,Killough,mkillough1@eventbrite.com,Male,136.151.104.40
3,Tommi,Stampfer,tstampfer2@nasa.gov,Female,132.195.102.67
4,Vin,Edge,vedge3@va.gov,Female,243.199.246.204
5,Kendell,Garfoot,kgarfoot4@spotify.com,Male,74.52.44.145
6,Mitchell,Brito,mbrito5@geocities.jp,Male,219.150.64.215
7,Tabby,Bodega,tbodega6@bloglovin.com,Male,204.164.240.123
8,Jaquith,Bruno,jbruno7@studiopress.com,Female,135.79.140.207
9,Jemie,Pearcey,jpearcey8@whitehouse.gov,Female,150.215.50.117
10,Ellary,Widdall,ewiddall9@homestead.com,Male,120.159.137.107
11,Hillery,Lightfoot,hlightfoota@spotify.com,Male,109.47.50.31
12,Robers,Overell,roverellb@ebay.com,Male,136.147.175.155
13,Jeremias,Squibbes,jsquibbesc@dailymail.co.uk,Male,120.111.201.190
14,Reynard,Lackeye,rlackeyed@blinklist.com,Male,84.106.93.150
15,Hermie,Levison,hlevisone@netvibes.com,Bigender,194.19.100.60
16,Osgood,Flade,ofladef@lycos.com,Male,35.235.20.78
17,Bartholomew,Clough,bcloughg@angelfire.com,Male,208.210.73.153
18,Jaymee,Vasnev,jvasnevh@uol.com.br,Female,149.48.73.156
19,Nonie,Meco,nmecoi@forbes.com,Female,126.53.244.117
20,Rodolph,Gurys,rgurysj@tiny.cc,Genderqueer,203.44.8.120
21,Elfrieda,Clayworth,eclayworthk@moonfruit.com,Female,97.128.234.211
22,Ebba,Enga,eengal@google.ru,Female,10.13.141.173
23,Tomlin,Branchflower,tbranchflowerm@wired.com,Male,108.75.73.19
24,Christine,Couttes,ccouttesn@soundcloud.com,Female,107.90.203.66
25,Kermit,Corkell,kcorkello@seesaa.net,Genderfluid,43.27.119.33
26,Alic,Wyett,awyettp@istockphoto.com,Male,141.132.143.178
27,Sabina,Grunwald,sgrunwaldq@tinyurl.com,Female,36.131.182.143
28,Betti,Axup,baxupr@ihg.com,Genderqueer,164.23.104.98
29,Charline,Ellsom,cellsoms@hexun.com,Female,4.225.46.146
30,Ingunna,Heinzel,iheinzelt@admin.ch,Female,231.102.120.209
31,Michael,Knapton,mknaptonu@qq.com,Male,171.157.221.190
32,Bobbie,Chadband,bchadbandv@archive.org,Male,41.188.99.94
33,Brantley,MacTerrelly,bmacterrellyw@archive.org,Male,48.79.98.111
34,Jen,Edgley,jedgleyx@ebay.com,Polygender,236.156.117.66
35,Adorne,Flanders,aflandersy@aol.com,Non-binary,64.199.252.50
36,Ruperta,Tesh,rteshz@chron.com,Female,19.78.59.49
37,Bibby,Bartlett,bbartlett10@usgs.gov,Female,209.35.31.173
38,Montgomery,Tease,mtease11@cornell.edu,Male,181.85.128.153
39,Tarra,Rucklesse,trucklesse12@yolasite.com,Female,201.145.182.226
40,Ogden,Burroughes,oburroughes13@weather.com,Male,6.246.119.59
41,Waverley,Gilbank,wgilbank14@spiegel.de,Male,164.84.87.183
42,Ingaborg,Ronchetti,ironchetti15@ebay.com,Female,163.0.81.242
43,Milo,Heartfield,mheartfield16@nsw.gov.au,Male,43.101.132.225
44,Carita,McDonell,cmcdonell17@1und1.de,Female,186.73.36.9
45,Michelle,Mcimmie,mmcimmie18@yahoo.com,Female,242.89.177.135
46,Phaidra,Conaghy,pconaghy19@xinhuanet.com,Female,219.213.49.174
47,Carey,Seebright,cseebright1a@google.com.au,Male,214.59.239.4
48,Washington,Shallcross,wshallcross1b@hc360.com,Male,219.196.239.63
49,Westbrook,Londer,wlonder1c@noaa.gov,Male,30.14.141.227
50,Lavinia,Mattsson,lmattsson1d@bigcartel.com,Female,26.129.253.70
51,Othilie,Freke,ofreke1e@wsj.com,Female,122.114.145.107
52,Fredrika,Laven,flaven1f@cyberchimps.com,Female,83.77.142.246
53,Doti,Cosbee,dcosbee1g@squidoo.com,Female,26.16.10.218
54,Godfree,Greenly,ggreenly1h@sakura.ne.jp,Polygender,3.149.49.214
55,Sibeal,Housin,shousin1i@yandex.ru,Female,205.213.194.119
56,Carling,Connelly,cconnelly1j@wordpress.com,Male,62.199.113.17
57,Kikelia,Chotty,kchotty1k@google.ca,Female,115.218.201.137
58,Maxi,Tolwood,mtolwood1l@goo.ne.jp,Female,40.76.241.137
59,Barbara,Kynd,bkynd1m@intel.com,Female,159.116.22.145
60,Obed,Wardingley,owardingley1n@skyrock.com,Male,67.73.180.25
61,Silvain,Mc Caughen,smccaughen1o@digg.com,Male,150.81.243.15
62,Noel,Gilliard,ngilliard1p@cpanel.net,Non-binary,37.153.25.196
63,Desmund,Mulrenan,dmulrenan1q@springer.com,Genderqueer,60.208.49.26
64,Romain,Lumly,rlumly1r@usatoday.com,Male,223.52.78.232
65,Donall,Matteini,dmatteini1s@technorati.com,Male,25.250.125.99
66,Aileen,Inwood,ainwood1t@latimes.com,Female,97.14.109.81
67,Leandra,Stitt,lstitt1u@purevolume.com,Female,77.38.212.154
68,Sunshine,Eisold,seisold1v@irs.gov,Female,103.183.43.159
69,Ted,Alldread,talldread1w@livejournal.com,Male,9.23.212.174
70,Erda,Wherry,ewherry1x@infoseek.co.jp,Female,177.219.229.30
71,Cate,Westhead,cwesthead1y@nps.gov,Female,242.56.76.46
72,Kameko,Ashbridge,kashbridge1z@cisco.com,Female,96.149.143.255
73,Phaedra,Goulbourn,pgoulbourn20@guardian.co.uk,Female,28.15.122.8
74,Grace,Dale,gdale21@ucoz.ru,Male,35.104.107.195
75,Ronald,Tollemache,rtollemache22@disqus.com,Male,122.124.138.229
76,Willy,Wycherley,wwycherley23@taobao.com,Male,28.208.193.32
77,Vina,Supple,vsupple24@sun.com,Female,254.4.108.182
78,Astra,Chopin,achopin25@gravatar.com,Female,135.119.249.64
79,Morena,Bevans,mbevans26@cnet.com,Female,51.232.240.234
80,Konstantin,Cicchitello,kcicchitello27@economist.com,Male,241.7.50.76
81,Sky,Bettley,sbettley28@sitemeter.com,Male,129.71.168.158
82,Hetti,Coltman,hcoltman29@sina.com.cn,Female,23.100.252.243
83,Donnamarie,Cameron,dcameron2a@springer.com,Female,181.237.223.221
84,Teirtza,Rawet,trawet2b@foxnews.com,Female,80.103.140.137
85,Lotte,Yeoman,lyeoman2c@smh.com.au,Female,28.12.238.195
86,Franky,Sabati,fsabati2d@chicagotribune.com,Male,178.167.166.28
87,Beilul,Elmer,belmer2e@gizmodo.com,Female,40.167.224.46
88,Laurence,Tesh,ltesh2f@howstuffworks.com,Male,118.222.100.190
89,Annora,Freeland,afreeland2g@hud.gov,Female,130.119.6.185
90,Moshe,Benes,mbenes2h@guardian.co.uk,Male,83.163.106.26
91,Odey,Schiementz,oschiementz2i@amazonaws.com,Bigender,22.86.199.99
92,Farris,Gauson,fgauson2j@google.es,Male,52.82.133.19
93,Patsy,Pegden,ppegden2k@netlog.com,Female,37.177.23.93
94,Jennie,Hobbema,jhobbema2l@java.com,Female,137.204.25.159
95,Abigael,Goodburn,agoodburn2m@nationalgeographic.com,Polygender,13.237.245.129
96,Modestine,Oldis,moldis2n@unblog.fr,Female,247.240.215.40
97,Marlena,Sidney,msidney2o@cnn.com,Female,33.13.234.220
98,Matthaeus,Gingel,mgingel2p@digg.com,Male,97.180.72.205
99,Arny,Cockerill,acockerill2q@cdbaby.com,Male,113.248.56.172
100,Latisha,Scholey,lscholey2r@examiner.com,Female,157.75.149.188
101,Ivonne,Locock,ilocock2s@paginegialle.it,Female,154.168.187.25
102,Lydie,Hasel,lhasel2t@nature.com,Bigender,218.230.101.34
103,Shara,Kidde,skidde2u@phoca.cz,Female,55.140.29.87
104,Enrico,Craister,ecraister2v@sina.com.cn,Male,205.102.65.178
105,Ermin,Clines,eclines2w@uol.com.br,Male,218.202.192.56
106,Livvie,Willgrass,lwillgrass2x@eepurl.com,Female,255.254.163.113
107,Dalli,Brammall,dbrammall2y@odnoklassniki.ru,Male,48.146.253.169
108,Madison,Balston,mbalston2z@bandcamp.com,Male,81.221.31.74
109,Berty,Ungerechts,bungerechts30@prlog.org,Female,22.187.194.147
110,Sadye,Gilbride,sgilbride31@psu.edu,Female,18.67.212.96
111,Aleece,Malin,amalin32@weather.com,Female,140.218.21.121
112,Blanca,Shory,bshory33@hexun.com,Female,115.112.167.107
113,Buddie,Amps,bamps34@nbcnews.com,Male,225.82.241.219
114,Rodd,Giovannacci,rgiovannacci35@cafepress.com,Male,160.112.6.24
115,Gallagher,Cantrill,gcantrill36@hibu.com,Male,57.178.185.211
116,Ilaire,Dymond,idymond37@sciencedirect.com,Male,194.23.61.51
117,Alana,Shall,ashall38@zdnet.com,Female,88.84.28.248
118,Alyse,Airlie,aairlie39@flickr.com,Female,228.169.200.27
119,Duffie,Zemler,dzemler3a@archive.org,Male,163.189.228.41
120,Clarabelle,Ascough,cascough3b@prnewswire.com,Female,106.218.94.29
121,Jobi,Pailin,jpailin3c@stanford.edu,Female,24.167.83.164
122,Korey,Evans,kevans3d@booking.com,Male,18.20.5.244
123,Allin,Cathrae,acathrae3e@dion.ne.jp,Male,159.192.238.210
124,Dolph,Rigbye,drigbye3f@elpais.com,Male,122.6.0.86
125,Maddie,Petch,mpetch3g@nhs.uk,Male,52.116.189.39
126,Laraine,Esselen,lesselen3h@princeton.edu,Female,232.125.30.10
127,Andreana,Peaple,apeaple3i@rediff.com,Female,28.236.169.144
128,Bert,Coleborn,bcoleborn3j@dyndns.org,Male,141.73.193.116
129,Marita,Boichat,mboichat3k@nsw.gov.au,Female,42.180.19.110
130,Free,Leupoldt,fleupoldt3l@prlog.org,Male,231.26.139.14
131,Micah,Michieli,mmichieli3m@friendfeed.com,Male,2.18.197.113
132,Magdalene,Stavers,mstavers3n@sitemeter.com,Female,100.106.29.254
133,See,Skures,sskures3o@geocities.jp,Male,241.125.150.31
134,Karol,Becraft,kbecraft3p@google.com,Female,177.172.182.122
135,Eduardo,Fenlon,efenlon3q@t-online.de,Male,148.90.28.5
136,Poul,Rodda,prodda3r@apache.org,Genderqueer,95.126.16.160
137,Ema,Espadero,eespadero3s@alexa.com,Genderqueer,9.8.129.150
138,Alyda,Scourfield,ascourfield3t@ucla.edu,Female,138.253.22.25
139,Randy,Zanicchelli,rzanicchelli3u@rambler.ru,Male,166.151.58.236
140,Doreen,Besemer,dbesemer3v@wsj.com,Female,224.8.201.234
141,Lamont,Botwood,lbotwood3w@desdev.cn,Male,176.83.21.55
142,Burr,Northall,bnorthall3x@theglobeandmail.com,Male,186.226.26.18
143,Chicky,Softley,csoftley3y@quantcast.com,Female,153.37.90.31
144,Stormy,Schellig,sschellig3z@sciencedaily.com,Female,219.35.147.224
145,Cheryl,Dooher,cdooher40@stumbleupon.com,Female,133.60.117.31
146,Cesaro,Porteous,cporteous41@prnewswire.com,Male,60.187.173.58
147,Dominga,Kesley,dkesley42@slashdot.org,Female,224.181.215.248
148,Cherin,Darton,cdarton43@accuweather.com,Female,68.244.118.1
149,Vernice,Hrinchenko,vhrinchenko44@time.com,Female,162.210.131.106
150,Luca,Swetmore,lswetmore45@oracle.com,Male,239.242.180.196
151,Clayborne,Aston,caston46@51.la,Male,170.242.209.83
152,Gavin,Gurnay,ggurnay47@moonfruit.com,Genderqueer,30.205.198.161
153,Shaun,Layland,slayland48@t.co,Male,155.75.76.187
154,Bel,Gyngell,bgyngell49@deviantart.com,Female,0.100.238.238
155,Elihu,Risbridger,erisbridger4a@fotki.com,Male,214.57.71.225
156,Beverie,Bortolussi,bbortolussi4b@cam.ac.uk,Female,221.43.39.233
157,Ulberto,Stoggles,ustoggles4c@geocities.jp,Male,5.114.23.236
158,Orazio,Chappell,ochappell4d@discuz.net,Male,30.215.141.167
159,Arnoldo,Fair,afair4e@nasa.gov,Male,85.251.204.32
160,Wilfred,Hotton,whotton4f@mysql.com,Male,91.90.133.161
161,Trip,Kidstone,tkidstone4g@tiny.cc,Male,170.108.2.114
162,Val,Ciccotti,vciccotti4h@sogou.com,Female,39.47.146.51
163,Corina,Drackford,cdrackford4i@nifty.com,Female,198.77.100.79
164,Man,Cumbers,mcumbers4j@newsvine.com,Male,101.13.86.136
165,Mead,Kittow,mkittow4k@nbcnews.com,Female,108.216.35.141
166,Ibrahim,Latour,ilatour4l@yolasite.com,Male,45.250.106.163
167,Norton,Kendle,nkendle4m@dot.gov,Male,0.238.245.8
168,Dalton,Gallen,dgallen4n@unblog.fr,Male,144.204.103.253
169,Celinda,Batstone,cbatstone4o@amazon.de,Female,220.60.218.20
170,Bob,Haddinton,bhaddinton4p@netvibes.com,Male,52.180.141.254
171,Linc,Avrahm,lavrahm4q@latimes.com,Male,40.159.102.32
172,Farris,Agostini,fagostini4r@state.gov,Male,8.171.254.72
173,Queenie,MacCrann,qmaccrann4s@hud.gov,Female,184.102.192.235
174,Leelah,Shutte,lshutte4t@odnoklassniki.ru,Female,36.141.0.22
175,Charlean,Caskie,ccaskie4u@state.gov,Female,97.97.14.179
176,Tomkin,Daish,tdaish4v@devhub.com,Male,115.11.250.17
177,Kayne,Perrins,kperrins4w@imgur.com,Male,217.170.112.14
178,Cassie,Cragg,ccragg4x@nba.com,Female,79.134.232.18
179,Sidonnie,Ludlow,sludlow4y@nifty.com,Female,144.170.206.141
180,Romonda,Burchill,rburchill4z@amazonaws.com,Female,142.217.122.140
181,Brok,Landells,blandells50@mtv.com,Male,160.147.86.181
182,Alisun,Storres,astorres51@usda.gov,Female,56.154.96.234
183,Bryana,Folca,bfolca52@accuweather.com,Female,13.37.218.127
184,Mercy,Rundall,mrundall53@amazon.com,Female,157.119.145.125
185,Tobe,O'Crevy,tocrevy54@craigslist.org,Female,119.44.100.240
186,Keary,Hounihan,khounihan55@epa.gov,Male,227.154.230.228
187,Mattie,Sappy,msappy56@sina.com.cn,Male,95.215.160.228
188,Kelci,Peers,kpeers57@studiopress.com,Female,5.63.43.147
189,Ambrosio,Harkins,aharkins58@zdnet.com,Male,174.24.205.16
190,Patrizio,Eyres,peyres59@paginegialle.it,Male,122.42.18.63
191,Josepha,Solland,jsolland5a@ow.ly,Female,166.223.204.230
192,Erl,Jopson,ejopson5b@joomla.org,Male,141.8.89.76
193,Frances,Norridge,fnorridge5c@statcounter.com,Polygender,31.56.166.160
194,Aldwin,Milby,amilby5d@soundcloud.com,Male,191.220.24.35
195,Mathian,Coultous,mcoultous5e@homestead.com,Male,20.7.142.211
196,Grannie,Yeomans,gyeomans5f@reverbnation.com,Male,20.25.253.83
197,Margarette,Ambroise,mambroise5g@ucsd.edu,Female,214.37.53.28
198,Marietta,Pearcehouse,mpearcehouse5h@businessweek.com,Female,226.109.98.175
199,Kipp,Vondruska,kvondruska5i@si.edu,Male,18.17.225.172
200,Kaycee,Banyard,kbanyard5j@163.com,Non-binary,162.188.240.118
201,Jess,Eblein,jeblein5k@hud.gov,Male,82.90.203.35
202,Allyce,Bridle,abridle5l@businesswire.com,Female,67.241.248.169
203,Fanny,Cressor,fcressor5m@nhs.uk,Bigender,141.243.46.73
204,Olivier,Wildes,owildes5n@flavors.me,Non-binary,47.217.97.27
205,Tyler,Conigsby,tconigsby5o@blogger.com,Male,116.79.181.113
206,Helge,Boyall,hboyall5p@smugmug.com,Female,165.143.214.201
207,Dani,Warbeys,dwarbeys5q@forbes.com,Female,117.159.22.189
208,Ingaberg,Mansfield,imansfield5r@gmpg.org,Female,123.79.229.173
209,Lucius,Justham,ljustham5s@rakuten.co.jp,Male,98.107.172.236
210,Florian,MacLaughlin,fmaclaughlin5t@merriam-webster.com,Agender,238.74.253.224
211,Cam,Baldazzi,cbaldazzi5u@gravatar.com,Male,79.15.253.55
212,Rhys,Ellice,rellice5v@bravesites.com,Non-binary,196.240.240.3
213,Grace,Danilin,gdanilin5w@hibu.com,Male,231.234.7.248
214,Kessiah,Borman,kborman5x@i2i.jp,Female,75.47.218.248
215,Waldon,Nassi,wnassi5y@cdbaby.com,Male,165.177.212.177
216,Elwin,Hopkynson,ehopkynson5z@squidoo.com,Male,157.105.209.124
217,Ronny,McColley,rmccolley60@engadget.com,Male,111.27.19.85
218,Evangelina,Chipp,echipp61@yahoo.co.jp,Female,36.196.152.205
219,Karlene,Dengel,kdengel62@sohu.com,Female,102.224.87.89
220,Mead,Antonetti,mantonetti63@php.net,Male,91.237.182.215
221,Moreen,Le Sieur,mlesieur64@baidu.com,Female,180.47.81.111
222,Chere,Dormon,cdormon65@imdb.com,Female,99.154.237.173
223,Parker,Greystock,pgreystock66@sogou.com,Male,36.178.29.26
224,Lisha,Sewley,lsewley67@netvibes.com,Female,21.30.183.124
225,Drona,Horry,dhorry68@360.cn,Female,128.68.80.214
226,Mozelle,Sindall,msindall69@rambler.ru,Female,197.60.54.136
227,Donna,Townrow,dtownrow6a@microsoft.com,Female,69.116.234.163
228,Gayelord,Harkess,gharkess6b@vkontakte.ru,Genderqueer,130.83.63.251
229,Ronni,Doeg,rdoeg6c@irs.gov,Female,41.51.254.179
230,Chicky,Antic,cantic6d@usnews.com,Female,119.107.178.132
231,Nananne,McMurraya,nmcmurraya6e@comsenz.com,Female,245.168.184.151
232,Nealson,Debell,ndebell6f@youtu.be,Male,84.9.237.102
233,Zelig,Ralls,zralls6g@zdnet.com,Male,79.104.236.34
234,Trever,de Vaen,tdevaen6h@youtu.be,Male,148.148.159.105
235,Melba,Lamy,mlamy6i@macromedia.com,Female,138.230.201.156
236,Dame,McCarron,dmccarron6j@pagesperso-orange.fr,Male,245.0.193.218
237,Keith,Jakucewicz,kjakucewicz6k@instagram.com,Male,78.195.11.238
238,Abeu,Rushman,arushman6l@purevolume.com,Male,17.133.65.66
239,Gamaliel,Cattanach,gcattanach6m@ox.ac.uk,Male,149.5.236.182
240,Sheelah,Worner,sworner6n@wiley.com,Female,164.128.131.31
241,Moria,Hulett,mhulett6o@amazonaws.com,Bigender,174.232.114.236
242,Reube,Breach,rbreach6p@ebay.co.uk,Male,147.199.229.125
243,Dalton,Rigler,drigler6q@sciencedaily.com,Genderfluid,97.189.194.40
244,Loni,Tilson,ltilson6r@google.com.br,Female,84.206.192.144
245,Howey,Edlin,hedlin6s@wisc.edu,Male,49.179.124.216
246,Guinevere,Hasker,ghasker6t@theglobeandmail.com,Female,221.128.190.147
247,Andi,Cantrill,acantrill6u@posterous.com,Female,92.117.57.181
248,Marsha,Plom,mplom6v@cpanel.net,Female,17.161.251.9
249,Inglis,Lancashire,ilancashire6w@seesaa.net,Male,184.115.36.157
250,Eugenius,Nelhams,enelhams6x@ifeng.com,Male,244.235.166.133
251,Pyotr,Domnin,pdomnin6y@addthis.com,Male,35.169.105.71
252,Austin,Dumke,adumke6z@technorati.com,Bigender,80.137.82.172
253,Palmer,Tod,ptod70@yellowpages.com,Male,80.252.121.253
254,Janka,Challes,jchalles71@instagram.com,Female,159.204.143.186
255,Cathleen,Algar,calgar72@tripod.com,Female,3.88.175.7
256,Johan,Moen,jmoen73@google.it,Male,13.53.138.20
257,Thomasa,Brimblecombe,tbrimblecombe74@dagondesign.com,Female,85.1.232.242
258,Dina,Vivien,dvivien75@ebay.co.uk,Female,82.39.212.10
259,Galen,Ivashev,givashev76@linkedin.com,Male,46.0.59.42
260,Harli,Robertelli,hrobertelli77@cornell.edu,Agender,9.17.92.39
261,Kris,Goodhall,kgoodhall78@arstechnica.com,Female,219.186.252.102
262,Stillmann,Lighton,slighton79@sourceforge.net,Male,117.11.146.44
263,Ogden,Vasilkov,ovasilkov7a@china.com.cn,Male,147.85.205.166
264,Nancy,Carvil,ncarvil7b@arizona.edu,Female,187.114.166.20
265,Demeter,Gherardesci,dgherardesci7c@unc.edu,Female,137.56.118.69
266,Jorge,Milward,jmilward7d@pen.io,Male,111.231.143.159
267,Ariel,Ennion,aennion7e@senate.gov,Female,218.120.157.202
268,Jean,Ingliby,jingliby7f@nifty.com,Male,26.73.166.63
269,Noble,Traviss,ntraviss7g@dyndns.org,Male,183.87.105.154
270,Ambrose,Jenton,ajenton7h@creativecommons.org,Genderqueer,119.182.168.199
271,Brady,Payn,bpayn7i@hatena.ne.jp,Male,209.219.67.11
272,Zaccaria,Cuschieri,zcuschieri7j@prweb.com,Male,106.125.146.138
273,Licha,Gallymore,lgallymore7k@infoseek.co.jp,Female,1.197.28.110
274,Heath,Merrett,hmerrett7l@drupal.org,Female,245.178.243.143
275,Stacy,Averay,saveray7m@dedecms.com,Male,189.216.181.181
276,Carroll,Fihelly,cfihelly7n@unesco.org,Male,208.7.28.161
277,Osbourne,Lempke,olempke7o@technorati.com,Male,236.16.71.160
278,Lauri,Trudgeon,ltrudgeon7p@blogtalkradio.com,Female,21.163.188.77
279,Farrand,Ingleton,fingleton7q@e-recht24.de,Female,168.43.79.11
280,Opalina,Allum,oallum7r@gravatar.com,Female,12.83.153.167
281,Ned,Larkcum,nlarkcum7s@hatena.ne.jp,Male,90.192.188.232
282,Gabbey,Vanelli,gvanelli7t@wisc.edu,Female,9.21.0.41
283,Rosanna,Bartles,rbartles7u@baidu.com,Female,72.25.5.38
284,Margery,Arbor,marbor7v@nationalgeographic.com,Female,231.229.251.251
285,Vlad,Bishell,vbishell7w@dagondesign.com,Male,108.13.153.42
286,Elvin,Farge,efarge7x@stanford.edu,Male,181.61.117.54
287,Wylma,Godbehere,wgodbehere7y@i2i.jp,Female,189.18.155.51
288,Orlan,Pirolini,opirolini7z@tumblr.com,Male,239.18.52.52
289,Halley,Whitcomb,hwhitcomb80@paypal.com,Female,67.227.28.65
290,Trace,Secrett,tsecrett81@delicious.com,Male,159.98.45.179
291,Buffy,Carnall,bcarnall82@bizjournals.com,Female,8.98.62.209
292,Lemmy,Winship,lwinship83@forbes.com,Male,79.121.222.240
293,Skye,MacLachlan,smaclachlan84@feedburner.com,Male,93.157.135.75
294,Shane,Cirlos,scirlos85@phpbb.com,Female,249.167.23.137
295,Idalia,Faithfull,ifaithfull86@cdbaby.com,Female,119.45.96.46
296,Carmel,Arnald,carnald87@fastcompany.com,Female,81.45.69.232
297,Ches,Radenhurst,cradenhurst88@about.com,Male,65.72.194.148
298,Cyrille,Halgarth,chalgarth89@berkeley.edu,Male,172.225.50.152
299,Dael,Thomlinson,dthomlinson8a@xrea.com,Male,181.72.14.133
300,Rose,Eccersley,reccersley8b@google.com.hk,Genderqueer,241.104.32.146
301,Michaeline,Alennikov,malennikov8c@omniture.com,Female,65.208.193.159
302,Tomi,Dukes,tdukes8d@nbcnews.com,Female,145.183.75.190
303,Ramsay,Kincade,rkincade8e@webmd.com,Male,34.142.80.224
304,Desdemona,Hendrick,dhendrick8f@jigsy.com,Female,75.120.161.162
305,Aubrey,Lorait,alorait8g@wikipedia.org,Male,92.57.213.148
306,Von,Shaddick,vshaddick8h@sohu.com,Male,130.73.52.145
307,Nevin,Haycroft,nhaycroft8i@squidoo.com,Male,174.93.99.190
308,Bridie,Bonny,bbonny8j@nps.gov,Female,194.132.132.118
309,Yetta,Tatem,ytatem8k@123-reg.co.uk,Genderqueer,84.183.198.13
310,Cristie,O' Byrne,cobyrne8l@toplist.cz,Female,52.157.37.37
311,Kalinda,Blackham,kblackham8m@ovh.net,Female,87.241.128.33
312,Briney,Haysham,bhaysham8n@behance.net,Female,78.65.57.46
313,Glenn,Poker,gpoker8o@japanpost.jp,Male,0.231.74.158
314,Bronnie,Lauthian,blauthian8p@dmoz.org,Male,212.93.241.16
315,Wells,Walles,wwalles8q@issuu.com,Male,29.138.224.27
316,Gale,Kraft,gkraft8r@huffingtonpost.com,Male,168.155.88.42
317,Tomasina,Salvatore,tsalvatore8s@google.fr,Female,237.200.227.34
318,Towny,Rallin,trallin8t@squidoo.com,Non-binary,155.54.176.213
319,Jule,Girhard,jgirhard8u@fda.gov,Male,210.126.50.199
320,Halimeda,Jenicke,hjenicke8v@state.tx.us,Female,102.236.168.140
321,Deonne,Tribe,dtribe8w@wsj.com,Female,1.67.253.21
322,Pepita,Skehan,pskehan8x@mail.ru,Female,237.169.225.131
323,Glen,Garlic,ggarlic8y@odnoklassniki.ru,Agender,225.197.53.6
324,Russell,Custed,rcusted8z@bloglovin.com,Male,53.242.178.171
325,Kerrin,Schoffler,kschoffler90@mozilla.org,Female,79.163.131.15
326,Rhodia,Aguilar,raguilar91@edublogs.org,Female,78.185.109.56
327,Odey,Lyles,olyles92@thetimes.co.uk,Male,135.150.254.94
328,Emalia,Weakley,eweakley93@cmu.edu,Female,144.192.100.81
329,Gilbert,Brood,gbrood94@hp.com,Agender,251.18.134.224
330,Aeriell,Bedberry,abedberry95@irs.gov,Female,140.211.184.118
331,Aksel,Perin,aperin96@dailymotion.com,Male,120.167.83.114
332,Darrick,Glasper,dglasper97@paginegialle.it,Male,137.3.16.201
333,Tymothy,Dripp,tdripp98@usnews.com,Male,186.101.182.88
334,Sher,Wisden,swisden99@t.co,Polygender,107.174.223.40
335,Rosella,Hursthouse,rhursthouse9a@blinklist.com,Female,27.124.183.147
336,Maighdiln,Tilliards,mtilliards9b@opera.com,Female,229.68.104.148
337,Matthaeus,Meran,mmeran9c@google.co.uk,Male,9.6.33.21
338,Peggie,Wasbrough,pwasbrough9d@ucla.edu,Female,102.220.57.180
339,Sutton,Kitman,skitman9e@unicef.org,Male,26.34.229.96
340,Missy,Whitlaw,mwhitlaw9f@ask.com,Female,254.160.97.57
341,Leta,Brito,lbrito9g@cnn.com,Female,14.137.22.184
342,Suzette,Yitzhak,syitzhak9h@mediafire.com,Female,56.131.139.29
343,Valaria,Gawthorp,vgawthorp9i@unesco.org,Female,246.34.240.30
344,Greggory,Dat,gdat9j@arstechnica.com,Male,149.54.155.216
345,Mordecai,Limbourne,mlimbourne9k@noaa.gov,Male,107.176.21.15
346,Flo,McClary,fmcclary9l@angelfire.com,Female,188.172.160.82
347,Merry,Wagstaffe,mwagstaffe9m@furl.net,Female,214.52.22.100
348,Finn,Poytheras,fpoytheras9n@loc.gov,Male,224.129.126.187
349,Magdalena,Jovic,mjovic9o@sourceforge.net,Female,229.129.18.103
350,Kailey,Butler,kbutler9p@nbcnews.com,Female,185.183.143.7
351,Iago,Vannini,ivannini9q@state.tx.us,Male,165.20.75.229
352,Hieronymus,Reiach,hreiach9r@cmu.edu,Male,67.79.120.222
353,Shellysheldon,Healings,shealings9s@amazon.de,Male,43.238.211.200
354,Lorenzo,Mullinger,lmullinger9t@com.com,Male,112.37.221.18
355,Farand,Vercruysse,fvercruysse9u@instagram.com,Female,208.35.152.239
356,Karrie,Reddan,kreddan9v@jalbum.net,Female,118.47.170.71
357,Tulley,Drinkale,tdrinkale9w@google.fr,Male,249.220.171.122
358,Clementius,Markova,cmarkova9x@nbcnews.com,Male,44.129.107.40
359,Noemi,Whilde,nwhilde9y@foxnews.com,Female,228.80.169.89
360,Alexina,De Francesco,adefrancesco9z@cnet.com,Genderqueer,130.64.48.52
361,Laetitia,Fredson,lfredsona0@unblog.fr,Genderqueer,18.170.116.64
362,Bibbie,Spradbrow,bspradbrowa1@bloomberg.com,Female,69.238.198.120
363,Cacilie,Sibthorp,csibthorpa2@discuz.net,Female,236.227.158.121
364,Sharla,Thomerson,sthomersona3@hhs.gov,Female,208.173.61.66
365,Jeri,Mapplebeck,jmapplebecka4@buzzfeed.com,Female,100.234.62.13
366,Trumaine,Lawranson,tlawransona5@google.it,Male,10.30.138.193
367,Ricardo,Stirrip,rstirripa6@reference.com,Male,193.230.218.193
368,Brittani,Allsepp,ballseppa7@economist.com,Female,64.57.131.41
369,Deanna,Belson,dbelsona8@cargocollective.com,Female,215.178.132.254
370,Vannie,Baglin,vbaglina9@networkadvertising.org,Female,105.153.7.103
371,Tyrus,Smeeton,tsmeetonaa@google.co.jp,Male,101.215.55.227
372,Burnaby,Asbery,basberyab@unicef.org,Male,40.148.171.6
373,Joel,Prettejohns,jprettejohnsac@list-manage.com,Male,10.5.223.57
374,Ginelle,Goodwins,ggoodwinsad@slate.com,Female,164.114.16.123
375,Marshal,Degnen,mdegnenae@live.com,Male,55.196.174.13
376,Dewey,Gowdridge,dgowdridgeaf@hexun.com,Male,116.83.131.64
377,Jim,Langdridge,jlangdridgeag@seattletimes.com,Male,106.92.187.184
378,Ari,Holdren,aholdrenah@google.ca,Male,109.46.134.69
379,Belvia,Christofe,bchristofeai@behance.net,Female,112.244.45.194
380,Melanie,McCroft,mmccroftaj@instagram.com,Female,108.29.164.211
381,Odetta,Corns,ocornsak@over-blog.com,Female,159.76.192.206
382,Yehudit,Amori,yamorial@house.gov,Male,40.243.129.104
383,Bernie,Cullen,bcullenam@unesco.org,Male,122.81.56.154
384,Dianemarie,Garmans,dgarmansan@opensource.org,Female,48.111.232.210
385,Dorris,Errichiello,derrichielloao@netlog.com,Female,107.220.124.221
386,Gerick,Slaten,gslatenap@wiley.com,Male,13.211.123.157
387,Lorette,Mechell,lmechellaq@tumblr.com,Female,145.112.170.110
388,Monte,Gilstoun,mgilstounar@topsy.com,Male,98.96.221.85
389,Pearl,Peterffy,ppeterffyas@eventbrite.com,Female,31.147.117.198
390,Charin,Antonoczyk,cantonoczykat@elpais.com,Female,187.214.30.45
391,Nanny,Farthin,nfarthinau@dell.com,Female,39.58.120.33
392,Giacomo,Backs,gbacksav@edublogs.org,Male,201.109.227.226
393,Burl,Ough,boughaw@51.la,Male,208.58.63.155
394,Yettie,Alliband,yallibandax@wp.com,Bigender,135.107.160.5
395,Idalina,Labone,ilaboneay@constantcontact.com,Female,182.242.88.194
396,Fleurette,Tows,ftowsaz@reuters.com,Female,5.98.203.15
397,Eveleen,Jakubowicz,ejakubowiczb0@cornell.edu,Female,178.230.88.199
398,Codie,Potts,cpottsb1@parallels.com,Male,251.32.163.118
399,Astrid,Dobbyn,adobbynb2@reverbnation.com,Female,146.125.222.119
400,Bari,Valerius,bvaleriusb3@vimeo.com,Female,145.16.73.12
401,Herb,Hinrichs,hhinrichsb4@loc.gov,Male,238.38.181.41
402,Louis,Jirus,ljirusb5@wisc.edu,Male,241.88.133.202
403,Nadiya,Renshaw,nrenshawb6@mediafire.com,Female,3.65.93.107
404,Gran,Lorek,glorekb7@ucsd.edu,Male,43.10.21.39
405,Matthieu,Gemmell,mgemmellb8@oakley.com,Male,236.223.251.121
406,Cristy,Turland,cturlandb9@imgur.com,Female,251.81.8.252
407,Culley,Bon,cbonba@sakura.ne.jp,Male,210.129.229.241
408,Beitris,Murrison,bmurrisonbb@oakley.com,Female,52.31.62.191
409,Shandy,Nerheny,snerhenybc@ibm.com,Female,209.199.15.130
410,Ezekiel,McLardie,emclardiebd@bigcartel.com,Male,156.253.118.65
411,Celestina,Winborn,cwinbornbe@nps.gov,Female,129.241.169.149
412,Farr,Fantonetti,ffantonettibf@eventbrite.com,Male,167.85.192.92
413,Maison,McCook,mmccookbg@google.com.au,Male,195.211.195.89
414,Hadley,Boland,hbolandbh@jigsy.com,Male,101.87.142.246
415,Emlyn,Yeskin,eyeskinbi@mapquest.com,Female,161.132.195.208
416,Bridget,Suggitt,bsuggittbj@51.la,Female,87.33.110.209
417,Analiese,Mallalieu,amallalieubk@blogger.com,Female,231.117.175.167
418,Maddalena,Franzolini,mfranzolinibl@craigslist.org,Non-binary,36.75.169.176
419,Janenna,Larret,jlarretbm@who.int,Female,20.246.211.2
420,Mallissa,O' Scallan,moscallanbn@hexun.com,Female,107.117.106.14
421,Myranda,Kayser,mkayserbo@live.com,Female,106.130.130.205
422,Else,Breznovic,ebreznovicbp@cpanel.net,Female,164.195.78.213
423,Ware,Leopold,wleopoldbq@hhs.gov,Male,128.231.42.138
424,Edsel,Cust,ecustbr@europa.eu,Male,227.213.98.252
425,Evania,Blewett,eblewettbs@furl.net,Female,208.226.137.27
426,Jeannette,Caen,jcaenbt@biblegateway.com,Female,152.156.233.18
427,Wallace,Zamudio,wzamudiobu@hexun.com,Male,16.217.122.48
428,Darline,Doswell,ddoswellbv@nsw.gov.au,Female,165.65.81.20
429,Karrie,Cochern,kcochernbw@auda.org.au,Female,238.75.200.228
430,Ralph,Brooksbie,rbrooksbiebx@bloglines.com,Male,67.126.243.150
431,Hedvig,McArtan,hmcartanby@networksolutions.com,Female,14.215.115.214
432,Killy,Jerome,kjeromebz@xinhuanet.com,Male,61.193.12.47
433,Howie,Ovid,hovidc0@google.es,Male,169.18.117.129
434,Nahum,Barcroft,nbarcroftc1@issuu.com,Male,224.90.10.161
435,Stanleigh,Rosten,srostenc2@army.mil,Male,1.77.7.149
436,Nathaniel,McGloin,nmcgloinc3@census.gov,Non-binary,16.221.211.179
437,Georgy,Melesk,gmeleskc4@soundcloud.com,Male,176.235.72.20
438,Cristi,Pilbury,cpilburyc5@gravatar.com,Female,38.4.70.135
439,Lorrayne,Mulvenna,lmulvennac6@exblog.jp,Female,208.138.21.43
440,Vickie,Cook,vcookc7@foxnews.com,Female,75.208.61.111
441,Marwin,Robecon,mrobeconc8@deviantart.com,Male,228.94.33.40
442,Wallis,Stork,wstorkc9@nasa.gov,Male,140.104.128.94
443,Celeste,Ferriman,cferrimanca@google.cn,Female,175.182.148.60
444,Lindon,King,lkingcb@google.com.au,Male,200.172.255.88
445,Theodora,Millsap,tmillsapcc@senate.gov,Female,83.227.38.69
446,Stirling,Tansill,stansillcd@loc.gov,Male,70.112.232.44
447,Jack,Stallen,jstallence@qq.com,Male,178.89.177.231
448,Adella,Bourgour,abourgourcf@de.vu,Female,200.254.195.217
449,Quinta,Brann,qbranncg@omniture.com,Female,244.100.159.86
450,Aubry,Emmert,aemmertch@state.gov,Non-binary,76.205.169.211
451,Brady,Antowski,bantowskici@ning.com,Male,44.209.33.250
452,Stanleigh,Stanway,sstanwaycj@google.es,Male,65.29.17.90
453,Ravi,Zaczek,rzaczekck@bigcartel.com,Male,181.136.2.173
454,Isis,Quilter,iquiltercl@a8.net,Female,36.130.61.193
455,Chadd,Ellingsworth,cellingsworthcm@baidu.com,Male,51.165.4.57
456,Bartholemy,Duigan,bduigancn@wufoo.com,Male,163.149.61.114
457,Bartolemo,Measures,bmeasuresco@addtoany.com,Male,249.128.179.71
458,Maritsa,Yakunikov,myakunikovcp@businessinsider.com,Female,122.159.157.185
459,Court,Lumb,clumbcq@icq.com,Male,253.150.154.229
460,Karilynn,Melmeth,kmelmethcr@techcrunch.com,Female,41.56.245.190
461,Garnette,Culpin,gculpincs@google.com.au,Female,83.156.55.246
462,Tiffani,Lusgdin,tlusgdinct@plala.or.jp,Female,221.2.173.140
463,Walsh,Stirland,wstirlandcu@dropbox.com,Male,120.99.159.185
464,Nerta,Keson,nkesoncv@bbb.org,Female,140.15.47.197
465,Shelba,Wreight,swreightcw@prweb.com,Female,28.254.210.21
466,Chrissy,Urch,curchcx@wisc.edu,Female,196.139.21.86
467,Waylon,Stratton,wstrattoncy@kickstarter.com,Male,58.139.147.199
468,Bent,Duckworth,bduckworthcz@wisc.edu,Genderfluid,62.119.177.150
469,Retha,Bernaert,rbernaertd0@howstuffworks.com,Female,184.44.77.139
470,Sibylle,Laing,slaingd1@hugedomains.com,Female,20.95.207.151
471,Haskell,Foden,hfodend2@apple.com,Male,44.84.9.148
472,Frederico,Thon,fthond3@dmoz.org,Male,9.61.24.172
473,Lewie,Picton,lpictond4@ucla.edu,Male,116.216.205.14
474,Adena,Steet,asteetd5@rakuten.co.jp,Female,246.169.73.247
475,Corbin,de Clerk,cdeclerkd6@utexas.edu,Male,87.39.58.57
476,Andriette,Kleinpeltz,akleinpeltzd7@studiopress.com,Female,138.81.113.144
477,Winni,Acory,wacoryd8@google.cn,Female,105.121.68.115
478,Ariella,Venning,avenningd9@jimdo.com,Female,128.159.159.188
479,Jorie,Reach,jreachda@sun.com,Female,208.246.95.61
480,Lotte,Connew,lconnewdb@businesswire.com,Female,101.139.102.164
481,Philomena,Oram,poramdc@bbb.org,Female,42.40.105.227
482,Terri-jo,Astlatt,tastlattdd@tripod.com,Female,162.126.163.236
483,Judie,Lumly,jlumlyde@chicagotribune.com,Female,129.218.156.134
484,Lynne,Grannell,lgrannelldf@studiopress.com,Female,155.118.254.19
485,Malchy,Boards,mboardsdg@jigsy.com,Male,133.13.189.115
486,Phebe,Simao,psimaodh@telegraph.co.uk,Female,243.228.57.122
487,Rodd,Hartus,rhartusdi@flavors.me,Male,210.228.249.199
488,Luciana,Rainey,lraineydj@msn.com,Female,169.0.43.58
489,Nil,Yorke,nyorkedk@amazon.com,Polygender,173.179.22.84
490,Gayle,Pennings,gpenningsdl@barnesandnoble.com,Male,169.194.149.254
491,Lowell,Gentric,lgentricdm@examiner.com,Male,61.251.61.82
492,Sapphira,Oneal,sonealdn@rambler.ru,Female,177.85.97.108
493,Gaven,De Vile,gdeviledo@homestead.com,Male,162.118.163.208
494,Dallis,Nelhams,dnelhamsdp@about.com,Male,115.210.156.180
495,Lyndell,Andrini,landrinidq@51.la,Female,227.221.189.198
496,Laurel,Gogan,lgogandr@amazon.de,Female,76.113.195.216
497,Joey,Lebang,jlebangds@live.com,Male,216.86.19.192
498,Buiron,McGurgan,bmcgurgandt@reddit.com,Male,143.33.220.73
499,Boonie,Kislingbury,bkislingburydu@eventbrite.com,Male,118.231.150.87
500,Giffard,Yeeles,gyeelesdv@netvibes.com,Male,129.163.137.122
501,Valentia,Myford,vmyforddw@w3.org,Female,243.64.123.237
502,Fergus,Woolgar,fwoolgardx@tripod.com,Male,32.134.206.33
503,Saunder,Matusov,smatusovdy@mtv.com,Male,23.24.61.10
504,Garry,Barkess,gbarkessdz@quantcast.com,Male,88.138.248.243
505,Parsifal,Withrop,pwithrope0@edublogs.org,Male,65.50.164.116
506,Skippy,Tennewell,stennewelle1@flavors.me,Male,9.221.27.194
507,Mikey,Cannop,mcannope2@ustream.tv,Male,244.4.144.181
508,Taffy,Leber,tlebere3@accuweather.com,Female,153.34.96.11
509,Tadeo,Samet,tsamete4@behance.net,Male,75.226.72.98
510,Berte,Johnes,bjohnese5@freewebs.com,Female,90.210.191.28
511,Paulo,Swains,pswainse6@canalblog.com,Male,140.68.51.57
512,Melony,Mursell,mmurselle7@multiply.com,Female,95.239.142.77
513,Nicko,Matresse,nmatressee8@weather.com,Male,63.90.204.99
514,Quint,Snoding,qsnodinge9@slate.com,Male,29.175.250.56
515,Valli,Wasielewski,vwasielewskiea@jigsy.com,Female,231.176.180.31
516,Alexandro,Shovelton,ashoveltoneb@intel.com,Male,15.80.37.161
517,Hermione,Evett,hevettec@oracle.com,Female,214.205.153.162
518,Kenneth,Simonot,ksimonoted@usda.gov,Male,13.13.31.65
519,Grete,Corradini,gcorradiniee@mozilla.org,Female,36.243.196.165
520,Dyanne,Williams,dwilliamsef@marketwatch.com,Agender,16.233.39.222
521,Marena,Sackey,msackeyeg@scribd.com,Female,174.160.133.227
522,Damaris,Nottle,dnottleeh@nydailynews.com,Female,22.192.89.66
523,Malissa,Adkin,madkinei@scribd.com,Female,72.56.28.181
524,Cristobal,Fullard,cfullardej@godaddy.com,Male,123.169.82.246
525,Doro,Charnick,dcharnickek@yandex.ru,Female,231.47.66.222
526,Nealon,Greeding,ngreedingel@mapquest.com,Male,134.240.220.15
527,Rey,Prettyjohn,rprettyjohnem@e-recht24.de,Male,63.56.251.218
528,Demott,Leaves,dleavesen@earthlink.net,Male,90.79.79.223
529,Stephani,Saywood,ssaywoodeo@gizmodo.com,Female,53.161.229.38
530,Timotheus,Harmond,tharmondep@redcross.org,Male,110.160.158.166
531,Simeon,Sauter,ssautereq@guardian.co.uk,Male,118.41.2.7
532,Kayne,Noury,knouryer@go.com,Male,0.155.246.117
533,Elisabeth,Sexty,esextyes@myspace.com,Female,182.222.246.78
534,Montgomery,Varnes,mvarneset@ucoz.ru,Male,112.188.15.171
535,Carrol,Roskruge,croskrugeeu@fotki.com,Male,37.151.130.132
536,Ramsey,Dummer,rdummerev@addthis.com,Male,5.242.109.61
537,Tawsha,Ridings,tridingsew@mayoclinic.com,Female,214.68.54.190
538,Berton,Smead,bsmeadex@time.com,Male,242.137.194.253
539,Brigg,Beckerleg,bbeckerlegey@irs.gov,Male,190.74.112.42
540,Chrissy,Dumingo,cdumingoez@posterous.com,Male,182.79.54.180
541,Velma,Aked,vakedf0@qq.com,Female,24.127.30.36
542,Nora,Beccera,nbecceraf1@thetimes.co.uk,Female,41.4.194.51
543,Roman,Latty,rlattyf2@blinklist.com,Male,75.156.21.235
544,Barrie,Rait,braitf3@themeforest.net,Male,140.52.102.70
545,Brennen,Kleisle,bkleislef4@berkeley.edu,Male,69.203.145.61
546,Tomas,Moorcroft,tmoorcroftf5@baidu.com,Male,36.247.177.239
547,Osbourn,Fligg,ofliggf6@aboutads.info,Male,15.234.10.112
548,Aguistin,Yezafovich,ayezafovichf7@hc360.com,Male,238.67.241.59
549,Kelsey,Vowden,kvowdenf8@blogger.com,Genderfluid,2.74.68.107
550,Carie,Spaven,cspavenf9@vk.com,Female,165.53.164.113
551,Jaimie,Birkbeck,jbirkbeckfa@nature.com,Agender,70.254.164.179
552,Ryann,Lilliman,rlillimanfb@google.com.br,Female,249.174.102.151
553,Beverie,McCorry,bmccorryfc@weibo.com,Female,82.217.155.214
554,Ragnar,Bellamy,rbellamyfd@addtoany.com,Male,51.33.82.248
555,Berkley,Pasek,bpasekfe@cocolog-nifty.com,Male,109.12.223.38
556,Rolando,Dunne,rdunneff@ehow.com,Male,48.154.240.113
557,Quinta,Pridgeon,qpridgeonfg@nydailynews.com,Female,156.150.35.47
558,Tatum,Gisburne,tgisburnefh@kickstarter.com,Female,96.219.121.222
559,Jolie,Oswald,joswaldfi@shareasale.com,Female,173.229.89.218
560,Dolli,Priestnall,dpriestnallfj@meetup.com,Female,177.243.117.244
561,Haley,Malling,hmallingfk@cbc.ca,Male,131.57.43.43
562,Derick,Seedull,dseedullfl@fda.gov,Male,206.88.190.208
563,Henderson,Nizet,hnizetfm@studiopress.com,Male,179.187.57.1
564,Paquito,Diehn,pdiehnfn@fotki.com,Male,69.144.8.119
565,Craggie,Berni,cbernifo@tinypic.com,Male,54.213.68.222
566,Janifer,Burrett,jburrettfp@usnews.com,Female,190.22.244.245
567,Elise,Bunclark,ebunclarkfq@un.org,Genderfluid,129.149.157.122
568,Jerrome,Draaisma,jdraaismafr@yahoo.co.jp,Male,94.206.9.173
569,Dom,Dunlap,ddunlapfs@mapy.cz,Male,232.150.211.87
570,Cara,Vynall,cvynallft@sphinn.com,Female,151.103.249.39
571,Allan,Planke,aplankefu@dropbox.com,Male,47.50.61.57
572,Cirstoforo,Vassie,cvassiefv@nymag.com,Male,194.208.68.77
573,Gallagher,Hartwell,ghartwellfw@so-net.ne.jp,Male,164.26.139.194
574,Jerald,Seedman,jseedmanfx@weebly.com,Male,193.196.252.223
575,Chev,Putley,cputleyfy@amazon.de,Male,156.112.124.61
576,Jeniffer,Pratty,jprattyfz@google.cn,Female,153.235.113.8
577,Ainslie,Bulcroft,abulcroftg0@goo.gl,Female,173.227.198.45
578,Nial,Claasen,nclaaseng1@spotify.com,Male,199.237.73.10
579,Leonidas,Mussared,lmussaredg2@fda.gov,Male,194.86.202.26
580,Junina,Fleckno,jflecknog3@usatoday.com,Female,79.114.218.60
581,Neale,Gordon,ngordong4@moonfruit.com,Male,36.65.58.176
582,Horacio,Smolan,hsmolang5@ca.gov,Male,131.174.201.186
583,Bernete,Fulleylove,bfulleyloveg6@ucoz.com,Female,7.64.9.91
584,Harmonie,Matterdace,hmatterdaceg7@house.gov,Female,112.57.215.39
585,Briant,Jarmain,bjarmaing8@51.la,Male,43.49.175.248
586,Bonnie,Saxby,bsaxbyg9@furl.net,Female,172.112.116.49
587,Alphonso,Gillbe,agillbega@home.pl,Male,33.58.92.224
588,Lisha,Roddie,lroddiegb@newyorker.com,Female,224.55.179.154
589,Jaimie,Tarpey,jtarpeygc@zdnet.com,Female,49.31.151.130
590,Gustie,Saunt,gsauntgd@ca.gov,Female,9.203.47.86
591,Spenser,Whellams,swhellamsge@economist.com,Male,103.3.132.238
592,Dulce,Gianulli,dgianulligf@imageshack.us,Female,108.59.166.211
593,Clyve,Bucke,cbuckegg@princeton.edu,Male,91.247.223.99
594,Laughton,Ridder,lriddergh@eepurl.com,Male,200.22.175.135
595,Alejandrina,de Najera,adenajeragi@mlb.com,Female,30.21.170.77
596,Angus,Armal,aarmalgj@paypal.com,Male,84.213.74.82
597,Madalena,Egre,megregk@oaic.gov.au,Female,68.16.254.202
598,Audrey,Forward,aforwardgl@baidu.com,Female,218.22.199.244
599,Carlyle,Du Fray,cdufraygm@moonfruit.com,Male,190.223.8.66
600,Murvyn,Bickmore,mbickmoregn@reverbnation.com,Male,228.196.171.215
601,Monte,Crean,mcreango@archive.org,Male,136.215.230.40
602,Gerri,Underwood,gunderwoodgp@europa.eu,Male,217.221.237.55
603,Harland,O'Doghesty,hodoghestygq@1688.com,Male,106.99.153.218
604,Shannon,Stot,sstotgr@wsj.com,Male,113.222.245.211
605,Magdalene,Dreghorn,mdreghorngs@mlb.com,Genderfluid,201.38.178.194
606,Jada,Faulconer,jfaulconergt@columbia.edu,Female,168.201.94.185
607,Brear,Towers,btowersgu@clickbank.net,Female,206.104.175.148
608,Kylynn,Scullion,ksculliongv@dell.com,Genderqueer,44.187.98.169
609,Anna,Bruggeman,abruggemangw@dedecms.com,Female,200.26.161.210
610,Fitzgerald,Biddulph,fbiddulphgx@dropbox.com,Genderqueer,0.167.26.132
611,Vassili,Binham,vbinhamgy@timesonline.co.uk,Male,134.196.58.200
612,Dov,Sygrove,dsygrovegz@vinaora.com,Male,155.193.10.35
613,Tiffie,Gailor,tgailorh0@constantcontact.com,Female,149.215.10.165
614,Linea,Sharman,lsharmanh1@marketwatch.com,Female,199.145.149.158
615,Delores,Derl,dderlh2@businessinsider.com,Female,247.247.210.181
616,Arliene,Ismirnioglou,aismirnioglouh3@baidu.com,Female,208.172.111.39
617,Joelie,Skirving,jskirvingh4@aol.com,Female,211.132.248.146
618,Berrie,Passion,bpassionh5@businessweek.com,Female,192.182.116.79
619,Tanney,Decourt,tdecourth6@gizmodo.com,Male,122.233.181.159
620,Bryon,Prewett,bprewetth7@rediff.com,Male,141.232.123.185
621,Bettye,Leivers,bleiversh8@tiny.cc,Female,146.81.89.180
622,Niels,Reaveley,nreaveleyh9@intel.com,Male,158.190.247.151
623,Stern,Golda,sgoldaha@rediff.com,Male,111.217.53.134
624,Lucian,Kezar,lkezarhb@networkadvertising.org,Male,0.102.226.170
625,Donetta,Pheazey,dpheazeyhc@issuu.com,Female,61.149.160.112
626,Daphene,Giffin,dgiffinhd@lycos.com,Female,65.110.163.213
627,Harmon,Baskerfield,hbaskerfieldhe@walmart.com,Male,243.164.141.170
628,Nicholas,Broschke,nbroschkehf@wp.com,Male,45.145.132.143
629,Marcy,Kalewe,mkalewehg@ibm.com,Female,72.37.122.190
630,Patton,Gabler,pgablerhh@slideshare.net,Male,255.224.181.123
631,Pat,Joska,pjoskahi@miitbeian.gov.cn,Male,159.246.107.87
632,Rowen,Smithend,rsmithendhj@wix.com,Male,65.244.211.68
633,Orlan,Kernock,okernockhk@com.com,Male,93.123.229.95
634,Maris,Duffit,mduffithl@dailymail.co.uk,Female,216.9.178.48
635,Iona,Fairbanks,ifairbankshm@cyberchimps.com,Female,243.131.158.54
636,Maximilien,Farlam,mfarlamhn@amazon.co.jp,Male,101.251.51.37
637,Emery,MacEveley,emaceveleyho@g.co,Male,5.186.227.59
638,Pepe,McFall,pmcfallhp@eepurl.com,Male,86.53.177.85
639,Mireille,Courvert,mcourverthq@wsj.com,Genderqueer,132.89.78.9
640,Michaela,Broszkiewicz,mbroszkiewiczhr@spotify.com,Female,9.171.220.22
641,Uriel,Timeby,utimebyhs@cdc.gov,Male,176.222.34.168
642,Eddy,Rainy,erainyht@homestead.com,Bigender,242.150.127.221
643,Royal,Grewcock,rgrewcockhu@forbes.com,Male,215.4.84.112
644,Genny,Slocumb,gslocumbhv@wikispaces.com,Female,255.176.81.229
645,Gordan,Sneller,gsnellerhw@answers.com,Male,241.125.243.174
646,Justis,Furmston,jfurmstonhx@constantcontact.com,Male,11.208.81.235
647,Joey,Rain,jrainhy@google.co.jp,Female,213.11.191.199
648,Flynn,Lambkin,flambkinhz@phoca.cz,Male,63.71.59.237
649,Minetta,Heynen,mheyneni0@ed.gov,Non-binary,7.254.219.145
650,Kissiah,Arnaldy,karnaldyi1@sina.com.cn,Female,106.95.182.191
651,Perceval,Gummary,pgummaryi2@uiuc.edu,Male,32.85.121.23
652,Saw,Kerbler,skerbleri3@wired.com,Male,38.219.62.161
653,Torrence,Watkiss,twatkissi4@dropbox.com,Genderqueer,71.53.87.119
654,Bastian,Cornil,bcornili5@jimdo.com,Polygender,101.97.92.111
655,Anatole,Salvadore,asalvadorei6@un.org,Male,43.221.6.220
656,Kenyon,Butner,kbutneri7@msn.com,Male,174.63.38.206
657,Andonis,Bartlomiej,abartlomieji8@home.pl,Male,167.106.219.37
658,Gaylord,Linthead,glintheadi9@guardian.co.uk,Male,178.39.131.137
659,Maure,Coltart,mcoltartia@biblegateway.com,Female,97.54.3.44
660,Nev,Farfalameev,nfarfalameevib@theguardian.com,Male,90.254.125.51
661,Cammy,De Freitas,cdefreitasic@cdc.gov,Female,131.141.133.207
662,Vivia,Childrens,vchildrensid@vkontakte.ru,Female,19.210.98.199
663,Jobie,Crossan,jcrossanie@shutterfly.com,Female,241.214.85.198
664,Loralee,Kupis,lkupisif@parallels.com,Female,7.200.170.32
665,Teri,Chasles,tchaslesig@yale.edu,Female,49.22.155.133
666,Judith,Prettyjohns,jprettyjohnsih@macromedia.com,Female,107.158.218.183
667,Lurette,Curme,lcurmeii@google.ru,Female,81.9.48.178
668,Codi,Tybalt,ctybaltij@cbc.ca,Male,157.227.142.253
669,Laura,Picken,lpickenik@baidu.com,Female,135.228.123.124
670,Dyann,Geddes,dgeddesil@networksolutions.com,Female,251.88.53.7
671,Pennie,Chadwell,pchadwellim@pen.io,Agender,192.61.152.239
672,Job,Birwhistle,jbirwhistlein@newsvine.com,Male,57.81.105.212
673,Eve,Cattonnet,ecattonnetio@cocolog-nifty.com,Female,90.155.161.123
674,Giselbert,Lott,glottip@163.com,Male,178.86.141.203
675,Georg,Damrel,gdamreliq@youtu.be,Male,253.17.214.200
676,Mathilda,Scotson,mscotsonir@forbes.com,Female,27.70.140.214
677,Wilhelm,Pawlaczyk,wpawlaczykis@woothemes.com,Male,38.188.243.127
678,Beckie,Bradfield,bbradfieldit@zimbio.com,Female,220.168.11.7
679,Ike,Woolam,iwoolamiu@mapquest.com,Male,79.59.86.218
680,Gaelan,Diegan,gdieganiv@skyrock.com,Male,211.44.246.157
681,Gay,Uren,gureniw@ameblo.jp,Male,79.167.26.114
682,Matthaeus,Castella,mcastellaix@forbes.com,Male,227.100.138.28
683,Erina,Josland,ejoslandiy@sfgate.com,Female,138.230.99.95
684,Reg,Samwaye,rsamwayeiz@hibu.com,Male,35.124.194.222
685,Leoine,Willcott,lwillcottj0@un.org,Female,134.246.73.160
686,Geri,Tomaino,gtomainoj1@dmoz.org,Female,166.60.102.155
687,Hilary,German,hgermanj2@booking.com,Female,6.62.162.24
688,Merwin,Sperrett,msperrettj3@biblegateway.com,Male,252.171.176.67
689,Luis,Boddie,lboddiej4@wikispaces.com,Male,178.243.62.28
690,Shem,Allbon,sallbonj5@unesco.org,Male,80.6.165.218
691,Nani,Barsby,nbarsbyj6@1688.com,Non-binary,107.171.152.86
692,Willi,Capper,wcapperj7@blogspot.com,Male,65.140.187.67
693,Jori,Hofler,jhoflerj8@prlog.org,Female,249.136.175.123
694,Bobbee,Mathivat,bmathivatj9@unc.edu,Female,115.189.90.179
695,Allianora,Jee,ajeeja@newyorker.com,Female,198.153.105.0
696,Katrine,Whotton,kwhottonjb@sitemeter.com,Female,72.184.111.78
697,Lani,Kenward,lkenwardjc@freewebs.com,Female,226.87.130.144
698,Tiffanie,Fakeley,tfakeleyjd@homestead.com,Female,115.54.158.69
699,Lammond,Schubert,lschubertje@timesonline.co.uk,Male,16.150.125.213
700,Alonzo,Eilhersen,aeilhersenjf@friendfeed.com,Male,163.147.158.131
701,Al,Rochford,arochfordjg@etsy.com,Male,229.72.173.106
702,Mame,Rayhill,mrayhilljh@elegantthemes.com,Female,151.204.53.28
703,Brockie,Bellward,bbellwardji@ucoz.ru,Male,123.102.160.221
704,Errick,Kilrow,ekilrowjj@seesaa.net,Male,124.27.174.236
705,James,French,jfrenchjk@nymag.com,Male,31.219.103.57
706,Joseito,Aloigi,jaloigijl@mail.ru,Male,157.147.152.255
707,Jdavie,Bodocs,jbodocsjm@illinois.edu,Male,150.187.28.75
708,Susan,Strasse,sstrassejn@deliciousdays.com,Female,100.105.125.36
709,Tad,Hess,thessjo@tripod.com,Male,52.13.239.5
710,Leena,Harget,lhargetjp@exblog.jp,Female,6.94.112.127
711,Boot,Dashkov,bdashkovjq@berkeley.edu,Male,98.77.189.59
712,Jard,Dabs,jdabsjr@blogger.com,Genderqueer,29.145.68.156
713,Raff,Sidgwick,rsidgwickjs@fastcompany.com,Male,2.255.82.97
714,Berte,Gelderd,bgelderdjt@goo.ne.jp,Female,77.249.255.157
715,Rozele,Battson,rbattsonju@engadget.com,Female,133.9.158.187
716,Temple,Gallaccio,tgallacciojv@dmoz.org,Male,194.223.155.243
717,Sheree,O'Hearn,sohearnjw@imageshack.us,Female,232.91.6.56
718,Emmit,Haygreen,ehaygreenjx@reverbnation.com,Male,17.202.204.200
719,Ida,Edgley,iedgleyjy@princeton.edu,Non-binary,34.146.14.237
720,Luis,D'Alesio,ldalesiojz@weibo.com,Male,245.6.145.0
721,Stanislaus,Kealey,skealeyk0@dell.com,Male,235.49.162.206
722,Laverna,Bloschke,lbloschkek1@berkeley.edu,Female,71.81.33.106
723,Simone,Ganiford,sganifordk2@blogspot.com,Female,119.31.235.223
724,Gaile,Tieraney,gtieraneyk3@biblegateway.com,Male,220.136.228.97
725,Manya,Colyer,mcolyerk4@dion.ne.jp,Female,167.153.144.71
726,Barny,Eldon,beldonk5@gnu.org,Non-binary,43.66.42.179
727,Johnna,Beathem,jbeathemk6@reference.com,Female,193.15.148.71
728,Gerta,Woofendell,gwoofendellk7@accuweather.com,Female,222.68.4.125
729,Antonie,Hise,ahisek8@dot.gov,Female,245.5.113.14
730,Hinze,Furminger,hfurmingerk9@photobucket.com,Male,79.118.124.92
731,Marlin,Crosi,mcrosika@answers.com,Male,116.154.25.214
732,Derry,Scarlon,dscarlonkb@umich.edu,Male,40.183.8.170
733,Forester,Gillio,fgilliokc@wisc.edu,Male,89.214.213.212
734,Bern,Tapper,btapperkd@flavors.me,Male,243.174.78.127
735,Meade,Medeway,mmedewayke@furl.net,Female,71.115.107.215
736,Shepperd,Murley,smurleykf@feedburner.com,Male,12.250.186.103
737,Randal,Diviney,rdivineykg@ifeng.com,Bigender,63.209.200.98
738,Arden,Lamplugh,alamplughkh@last.fm,Female,61.139.161.165
739,Hillyer,MacAlpyne,hmacalpyneki@mediafire.com,Male,51.157.222.69
740,Dodie,Dwire,ddwirekj@jiathis.com,Female,76.154.174.115
741,Mychal,Roggero,mroggerokk@biblegateway.com,Male,110.20.106.51
742,Carce,O'Fergus,coferguskl@homestead.com,Male,153.2.251.197
743,Hattie,Prendeville,hprendevillekm@networkadvertising.org,Female,174.34.132.209
744,Monique,Whatson,mwhatsonkn@nytimes.com,Female,176.151.114.120
745,Kinsley,Bartomeu,kbartomeuko@dedecms.com,Male,185.200.234.189
746,Zsa zsa,Persey,zperseykp@shop-pro.jp,Polygender,133.160.23.87
747,Ive,Boucher,iboucherkq@nbcnews.com,Male,231.80.249.96
748,Virgina,Beament,vbeamentkr@technorati.com,Female,204.142.202.97
749,Genni,Dominique,gdominiqueks@hatena.ne.jp,Female,207.172.117.115
750,Kally,Willimont,kwillimontkt@amazon.com,Female,61.47.67.213
751,Liza,Dunster,ldunsterku@sfgate.com,Genderqueer,142.99.146.141
752,Delia,Sowrey,dsowreykv@mac.com,Female,209.164.34.232
753,Darleen,Peel,dpeelkw@phpbb.com,Female,47.34.79.94
754,Marna,Napthine,mnapthinekx@intel.com,Female,183.205.25.170
755,Jeramie,Waugh,jwaughky@mashable.com,Male,60.148.205.147
756,Shermie,Kerfod,skerfodkz@mysql.com,Non-binary,253.34.105.168
757,Silvester,Caustick,scaustickl0@discovery.com,Male,194.51.16.199
758,Eula,Trumble,etrumblel1@cbsnews.com,Female,166.119.78.252
759,Kele,Thring,kthringl2@mit.edu,Male,218.179.6.107
760,Bibby,Merle,bmerlel3@nifty.com,Female,106.67.200.188
761,Lenard,Vasyaev,lvasyaevl4@usda.gov,Male,108.234.51.189
762,Daron,Spillard,dspillardl5@ycombinator.com,Genderqueer,0.124.168.14
763,Josselyn,Maulkin,jmaulkinl6@sciencedaily.com,Female,86.100.44.71
764,Rosella,O'Brogane,robroganel7@ed.gov,Female,0.23.220.162
765,Alasteir,Hawkshaw,ahawkshawl8@wikipedia.org,Male,119.74.63.145
766,Ilene,Moar,imoarl9@nationalgeographic.com,Female,51.253.222.239
767,Dina,Giannini,dgianninila@wordpress.com,Female,219.87.253.153
768,Fletch,Rillatt,frillattlb@cbc.ca,Male,208.192.185.160
769,Gar,MacMillan,gmacmillanlc@facebook.com,Male,204.63.240.147
770,Henka,Robins,hrobinsld@dell.com,Female,172.117.168.119
771,Ida,Hickford,ihickfordle@sphinn.com,Female,114.177.36.102
772,Wesley,Foale,wfoalelf@redcross.org,Male,193.75.120.180
773,Ingaborg,Ciobotaro,iciobotarolg@yale.edu,Female,31.49.209.161
774,Nathalie,Tokley,ntokleylh@whitehouse.gov,Female,31.139.93.170
775,Romola,de Keep,rdekeepli@salon.com,Female,208.105.17.110
776,Rosemaria,Masters,rmasterslj@lycos.com,Female,18.128.202.65
777,Danie,Libreros,dlibreroslk@umich.edu,Genderqueer,253.238.82.47
778,Marna,de Courcy,mdecourcyll@feedburner.com,Female,14.187.247.87
779,Horace,Bassingham,hbassinghamlm@washington.edu,Male,244.217.162.58
780,Langston,Files,lfilesln@blinklist.com,Male,116.152.61.116
781,Rosalind,Plante,rplantelo@yandex.ru,Female,124.198.126.56
782,Tracie,Dauney,tdauneylp@wiley.com,Male,125.36.86.91
783,Cathrine,Saich,csaichlq@cocolog-nifty.com,Female,255.176.92.66
784,Lemar,Reinhard,lreinhardlr@booking.com,Male,109.138.185.68
785,Oswald,Haylett,ohaylettls@oracle.com,Male,93.64.132.175
786,Malvina,Battams,mbattamslt@omniture.com,Female,227.196.4.62
787,Artus,O'Gorman,aogormanlu@scientificamerican.com,Agender,175.22.186.175
788,Riccardo,Grishankov,rgrishankovlv@ezinearticles.com,Male,166.104.226.139
789,Winston,Roskelly,wroskellylw@goo.gl,Male,68.76.29.228
790,Griffin,Beadnell,gbeadnelllx@hostgator.com,Male,29.180.117.144
791,Marilin,Umfrey,mumfreyly@cpanel.net,Female,17.210.142.187
792,Salim,Last,slastlz@imdb.com,Male,23.43.218.127
793,Dotti,Knevet,dknevetm0@vk.com,Female,207.19.19.28
794,Vince,Berger,vbergerm1@infoseek.co.jp,Male,102.16.103.128
795,Jeana,Bucknell,jbucknellm2@miibeian.gov.cn,Female,71.230.236.15
796,Carly,Noone,cnoonem3@ovh.net,Female,231.25.213.44
797,Moe,Batisse,mbatissem4@ask.com,Male,51.147.80.193
798,Eleanore,Gerrill,egerrillm5@naver.com,Female,90.114.102.36
799,Justus,Keighley,jkeighleym6@sbwire.com,Male,77.34.129.172
800,Marena,Birkwood,mbirkwoodm7@yellowpages.com,Female,88.181.235.91
801,Odele,Challoner,ochallonerm8@noaa.gov,Female,108.106.231.153
802,Morgen,Filippozzi,mfilippozzim9@ucla.edu,Female,162.225.182.209
803,Haleigh,Stuttman,hstuttmanma@about.me,Male,86.239.199.182
804,Adda,Gravells,agravellsmb@sun.com,Female,36.71.51.255
805,Bobbye,Roddie,broddiemc@omniture.com,Female,250.131.115.165
806,Melinde,Shapcote,mshapcotemd@nasa.gov,Female,52.235.41.254
807,Teodora,Sibun,tsibunme@arizona.edu,Female,116.157.180.23
808,Cherri,Agnew,cagnewmf@webs.com,Female,104.136.172.99
809,Winfred,Enriquez,wenriquezmg@google.ca,Male,47.109.62.91
810,Kenna,Whistlecroft,kwhistlecroftmh@yahoo.com,Female,143.215.21.164
811,Pincus,Acaster,pacastermi@ebay.com,Male,217.21.252.71
812,Elisabetta,Camamile,ecamamilemj@moonfruit.com,Female,126.120.71.25
813,Deb,Bamsey,dbamseymk@huffingtonpost.com,Female,107.39.188.141
814,Liva,Ranklin,lranklinml@google.ru,Female,180.133.66.199
815,Humfried,Betteridge,hbetteridgemm@alexa.com,Male,180.213.204.79
816,Evered,Batter,ebattermn@sfgate.com,Male,183.188.71.7
817,Bamby,Evers,beversmo@tumblr.com,Female,122.176.222.172
818,Christabella,Simm,csimmmp@cnet.com,Female,4.201.220.30
819,Lauralee,Nelm,lnelmmq@ca.gov,Female,85.132.116.126
820,Arlina,Sherbrooke,asherbrookemr@youtu.be,Female,72.161.215.220
821,Darryl,Woolham,dwoolhamms@quantcast.com,Female,156.252.201.47
822,Dennie,Holywell,dholywellmt@sourceforge.net,Male,233.21.67.182
823,Lulu,MacPadene,lmacpadenemu@senate.gov,Female,103.229.78.58
824,Nichole,Lissaman,nlissamanmv@spotify.com,Male,132.177.116.186
825,Martina,Rubinshtein,mrubinshteinmw@cbslocal.com,Female,5.167.164.86
826,Jamie,Fancutt,jfancuttmx@stumbleupon.com,Female,253.34.112.85
827,Cathleen,Almey,calmeymy@mashable.com,Female,130.52.95.68
828,Clarey,Ezzell,cezzellmz@netlog.com,Female,107.169.31.78
829,Aleece,Wadforth,awadforthn0@topsy.com,Female,157.249.160.222
830,Timmy,Chsteney,tchsteneyn1@jigsy.com,Male,133.56.155.211
831,Vito,Sifflett,vsifflettn2@sciencedirect.com,Male,156.218.8.129
832,Phyllida,Cuff,pcuffn3@ft.com,Agender,126.209.141.85
833,Alisun,Pittem,apittemn4@godaddy.com,Female,210.22.232.212
834,Willi,Yakobovicz,wyakoboviczn5@bloglovin.com,Female,73.157.58.72
835,Ursulina,Clowes,uclowesn6@networkadvertising.org,Agender,195.237.182.155
836,Lynea,Amiable,lamiablen7@skype.com,Female,253.124.91.85
837,Isa,McGeouch,imcgeouchn8@elpais.com,Male,76.176.202.249
838,Elicia,Marc,emarcn9@springer.com,Female,230.74.35.117
839,Filberte,Corter,fcorterna@scientificamerican.com,Genderqueer,227.69.166.236
840,Kiah,Kleynermans,kkleynermansnb@technorati.com,Female,10.54.38.213
841,Schuyler,Olyff,solyffnc@slideshare.net,Male,89.139.47.83
842,Tandy,Dutton,tduttonnd@washington.edu,Female,220.145.35.151
843,Thurston,Tempest,ttempestne@microsoft.com,Male,85.39.127.20
844,Ailee,Campelli,acampellinf@berkeley.edu,Female,132.212.254.164
845,Levin,Lycett,llycettng@drupal.org,Male,11.252.97.109
846,Bancroft,Watsam,bwatsamnh@cbc.ca,Male,94.34.14.48
847,Dewie,Turmall,dturmallni@mediafire.com,Polygender,48.12.219.248
848,Cam,Weed,cweednj@google.de,Male,248.19.101.209
849,Glenn,Lozano,glozanonk@constantcontact.com,Male,198.39.172.109
850,Shandeigh,Undy,sundynl@economist.com,Female,18.249.86.157
851,Brent,Attride,battridenm@addthis.com,Male,8.204.158.86
852,Shandeigh,Belliard,sbelliardnn@blogtalkradio.com,Polygender,49.62.223.219
853,Raynell,Leathart,rleathartno@symantec.com,Female,129.136.55.222
854,Lennie,Farndale,lfarndalenp@t.co,Male,121.117.224.59
855,Tootsie,Naish,tnaishnq@amazon.co.jp,Female,10.69.86.91
856,Christin,Maryska,cmaryskanr@skype.com,Female,62.212.187.192
857,Meryl,Keford,mkefordns@wsj.com,Male,22.177.151.186
858,Ulrikaumeko,Braisted,ubraistednt@about.com,Female,192.158.72.38
859,Karole,Signori,ksignorinu@ycombinator.com,Female,203.13.53.200
860,Darb,Schohier,dschohiernv@usda.gov,Male,199.207.168.68
861,Brandyn,Burnitt,bburnittnw@tumblr.com,Male,97.88.238.120
862,Cindelyn,Bert,cbertnx@gov.uk,Female,229.78.115.137
863,Aron,Lowten,alowtenny@google.com.br,Male,249.10.191.56
864,Ellyn,Van der Brug,evanderbrugnz@accuweather.com,Female,122.156.177.140
865,Aurelea,Cradick,acradicko0@eepurl.com,Female,41.112.4.76
866,Grove,Waby,gwabyo1@indiatimes.com,Male,147.151.181.32
867,Kordula,Grimwade,kgrimwadeo2@geocities.jp,Female,110.78.242.164
868,Bonnee,Crowder,bcrowdero3@discuz.net,Female,117.236.5.53
869,Dian,Bortolini,dbortolinio4@ning.com,Female,158.7.222.37
870,Ursa,Bhatia,ubhatiao5@hubpages.com,Female,5.199.82.3
871,Cos,De Bell,cdebello6@networksolutions.com,Male,103.116.146.12
872,Mommy,Roderick,mrodericko7@netvibes.com,Female,197.181.201.239
873,Joelynn,Duncan,jduncano8@un.org,Female,202.158.138.69
874,Ursola,Heyball,uheyballo9@cnbc.com,Female,23.29.7.214
875,Godwin,Maciaszczyk,gmaciaszczykoa@apache.org,Male,131.119.11.193
876,Rancell,Corcut,rcorcutob@ezinearticles.com,Male,134.62.240.18
877,Antonia,Cawdery,acawderyoc@smh.com.au,Polygender,106.167.148.61
878,Caryn,Mapholm,cmapholmod@last.fm,Female,59.11.39.33
879,Mandy,Stallebrass,mstallebrassoe@ftc.gov,Female,75.13.122.105
880,Mendy,Doswell,mdoswellof@huffingtonpost.com,Male,12.154.97.81
881,Dexter,Mico,dmicoog@businessweek.com,Agender,190.36.236.210
882,Reiko,Bampkin,rbampkinoh@mlb.com,Genderqueer,109.235.248.119
883,Annice,Drewe,adreweoi@hp.com,Female,2.197.17.221
884,Michel,Vint,mvintoj@deliciousdays.com,Male,233.92.236.21
885,Eberhard,Bewfield,ebewfieldok@sakura.ne.jp,Male,131.227.161.18
886,Thea,Skate,tskateol@marriott.com,Female,249.103.90.142
887,Bebe,Gornall,bgornallom@bing.com,Female,143.99.26.86
888,Elysha,Juschke,ejuschkeon@canalblog.com,Female,143.15.5.77
889,Perrine,Sinnat,psinnatoo@adobe.com,Female,201.220.27.172
890,Dan,Indruch,dindruchop@cloudflare.com,Male,213.110.112.246
891,Myrta,Leggis,mleggisoq@amazon.co.uk,Female,213.138.104.64
892,Prissie,Beaten,pbeatenor@plala.or.jp,Female,215.138.51.140
893,Ermentrude,Willets,ewilletsos@unc.edu,Female,218.145.203.16
894,Vickie,Have,vhaveot@booking.com,Female,231.99.95.213
895,Arty,Tarry,atarryou@addtoany.com,Male,82.89.145.80
896,Kellina,McAllan,kmcallanov@blog.com,Female,198.206.113.155
897,Paddie,Tabourier,ptabourierow@soundcloud.com,Male,0.163.119.62
898,Rozelle,Ambrosoli,rambrosoliox@imgur.com,Female,141.202.183.33
899,Trevar,Beekmann,tbeekmannoy@cam.ac.uk,Male,249.7.152.8
900,Lory,McElwee,lmcelweeoz@deliciousdays.com,Female,90.82.249.214
901,Sibel,L'oiseau,sloiseaup0@hp.com,Female,18.87.163.241
902,Northrup,Morston,nmorstonp1@constantcontact.com,Male,34.231.56.126
903,Fitzgerald,Bird,fbirdp2@theguardian.com,Bigender,100.26.153.28
904,Cathy,Dominey,cdomineyp3@pagesperso-orange.fr,Female,248.91.140.69
905,Timofei,Golds,tgoldsp4@bbc.co.uk,Male,159.134.175.118
906,Alayne,Claridge,aclaridgep5@geocities.com,Female,227.172.112.170
907,Grange,Ricketts,grickettsp6@example.com,Male,206.221.65.250
908,Ewen,Booth-Jarvis,eboothjarvisp7@instagram.com,Male,224.220.223.101
909,Guillermo,Ethridge,gethridgep8@jalbum.net,Male,8.157.255.78
910,Petra,Jaume,pjaumep9@nymag.com,Female,69.97.162.69
911,Perren,Lahy,plahypa@census.gov,Male,66.140.212.211
912,Gasper,Thumann,gthumannpb@phoca.cz,Male,174.187.172.141
913,Olia,Bewshea,obewsheapc@imgur.com,Female,230.23.79.93
914,Leonore,Signoret,lsignoretpd@constantcontact.com,Genderqueer,196.11.187.203
915,Nada,Peyto,npeytope@shareasale.com,Non-binary,29.243.198.213
916,Idaline,Quigg,iquiggpf@smugmug.com,Female,74.20.44.0
917,Thorvald,Habble,thabblepg@reddit.com,Male,2.216.10.27
918,Elonore,Ovendon,eovendonph@reuters.com,Female,250.54.177.78
919,Zulema,Sollon,zsollonpi@imgur.com,Female,208.57.203.96
920,Silvia,Bottrell,sbottrellpj@tumblr.com,Female,129.153.9.8
921,Mozelle,Smallshaw,msmallshawpk@xing.com,Female,49.18.49.44
922,Dominique,Lelliott,dlelliottpl@cocolog-nifty.com,Male,216.66.1.241
923,Iris,Haggart,ihaggartpm@fc2.com,Female,95.159.53.34
924,Edouard,Sussans,esussanspn@jiathis.com,Male,80.212.183.141
925,Gan,Crannach,gcrannachpo@paypal.com,Male,175.64.225.91
926,Jared,Ricardet,jricardetpp@rambler.ru,Male,185.183.36.134
927,Gwenni,Finlan,gfinlanpq@desdev.cn,Female,81.220.250.67
928,Townie,Hartfleet,thartfleetpr@youtube.com,Male,183.104.221.69
929,Goober,Avo,gavops@360.cn,Male,35.211.206.53
930,Guthrie,Smerdon,gsmerdonpt@nsw.gov.au,Male,121.152.205.2
931,Sybil,Fleischer,sfleischerpu@nifty.com,Female,170.179.108.55
932,Georgianna,Jiras,gjiraspv@creativecommons.org,Female,139.217.192.42
933,Thaddus,Pounds,tpoundspw@yahoo.co.jp,Male,44.82.253.243
934,Timoteo,Daniell,tdaniellpx@bandcamp.com,Bigender,172.250.227.71
935,Gennie,Sawden,gsawdenpy@discuz.net,Female,0.246.107.131
936,Lauryn,Matskevich,lmatskevichpz@tmall.com,Female,55.30.155.154
937,Nickola,Innwood,ninnwoodq0@tmall.com,Male,95.67.129.231
938,Artie,Gynn,agynnq1@biblegateway.com,Male,177.214.130.132
939,Muffin,Perrett,mperrettq2@t-online.de,Genderfluid,127.35.52.20
940,Giselbert,Ince,ginceq3@arstechnica.com,Genderqueer,91.139.102.21
941,Francesca,Foulkes,ffoulkesq4@bbc.co.uk,Female,192.89.142.234
942,Ceciley,Baton,cbatonq5@omniture.com,Female,85.85.167.118
943,Kirk,Yedy,kyedyq6@studiopress.com,Male,158.37.77.206
944,Kassandra,Tiller,ktillerq7@sourceforge.net,Female,10.85.247.193
945,Cordy,Campaigne,ccampaigneq8@photobucket.com,Male,215.94.87.239
946,Malory,Jaskowicz,mjaskowiczq9@comsenz.com,Female,23.44.254.44
947,Bibbye,Assender,bassenderqa@accuweather.com,Female,163.168.62.34
948,Fin,Fairbrace,ffairbraceqb@wikipedia.org,Male,79.91.170.208
949,Samaria,Abramovicz,sabramoviczqc@bing.com,Agender,54.84.157.1
950,Darla,Trevor,dtrevorqd@liveinternet.ru,Female,232.101.220.71
951,Gale,McArd,gmcardqe@uiuc.edu,Female,239.233.184.192
952,Zeke,Shilvock,zshilvockqf@miibeian.gov.cn,Genderqueer,37.22.18.198
953,Albrecht,Bagshaw,abagshawqg@squarespace.com,Male,208.203.28.167
954,Ninon,Cruikshanks,ncruikshanksqh@imdb.com,Female,12.245.47.246
955,Maureene,Collabine,mcollabineqi@barnesandnoble.com,Genderqueer,254.234.204.169
956,Monro,Keyden,mkeydenqj@blogs.com,Male,188.158.38.15
957,Rea,Rouby,rroubyqk@washingtonpost.com,Female,51.16.168.192
958,Hazlett,Loudiane,hloudianeql@fotki.com,Male,244.212.246.242
959,Carlo,Vereker,cverekerqm@ebay.co.uk,Male,125.158.193.128
960,Ellis,Vercruysse,evercruysseqn@pinterest.com,Male,15.52.101.127
961,Shanon,Sallan,ssallanqo@cdc.gov,Bigender,220.26.201.236
962,Holmes,MacGinlay,hmacginlayqp@purevolume.com,Male,241.78.219.247
963,Thorstein,Mibourne,tmibourneqq@ebay.co.uk,Male,20.228.0.234
964,Nomi,Avramovich,navramovichqr@moonfruit.com,Female,114.21.42.161
965,Joli,Mouan,jmouanqs@samsung.com,Female,87.6.69.196
966,Marylin,Callow,mcallowqt@ovh.net,Female,75.72.242.82
967,Adela,Tidswell,atidswellqu@mayoclinic.com,Female,156.142.118.218
968,Dredi,Paulisch,dpaulischqv@cafepress.com,Female,160.7.180.252
969,Julissa,Adney,jadneyqw@homestead.com,Female,127.140.114.43
970,Man,Molder,mmolderqx@altervista.org,Male,108.116.249.28
971,Dot,Lethlay,dlethlayqy@cnet.com,Female,187.99.11.29
972,Dell,Mattiello,dmattielloqz@opera.com,Male,41.174.191.50
973,Prentiss,Bernardo,pbernardor0@umich.edu,Male,242.187.141.6
974,Sigismund,MacSorley,smacsorleyr1@webmd.com,Male,99.30.29.241
975,Markus,Fenelon,mfenelonr2@stanford.edu,Male,254.154.128.246
976,Zorah,Simcoe,zsimcoer3@illinois.edu,Female,227.0.96.152
977,Dewie,Shatliffe,dshatliffer4@microsoft.com,Male,59.101.81.21
978,Wilton,Roxburgh,wroxburghr5@digg.com,Male,174.179.5.41
979,Deni,Mousley,dmousleyr6@4shared.com,Female,198.187.171.197
980,Benni,McKnockiter,bmcknockiterr7@cnet.com,Female,19.65.230.46
981,Dayle,Greathead,dgreatheadr8@phpbb.com,Female,149.198.190.168
982,Gertrudis,Ledster,gledsterr9@psu.edu,Female,188.178.207.16
983,Georg,Pecha,gpechara@youtube.com,Male,162.39.16.60
984,Bonita,Ambrosi,bambrosirb@bloglovin.com,Female,227.40.71.171
985,Eveleen,Pennycord,epennycordrc@cdc.gov,Genderfluid,210.97.250.253
986,Ernest,Mitroshinov,emitroshinovrd@blogger.com,Male,200.218.184.96
987,Binny,de Voiels,bdevoielsre@chicagotribune.com,Female,136.150.243.19
988,Gannie,Render,grenderrf@de.vu,Male,26.17.181.80
989,Lotty,Grassin,lgrassinrg@last.fm,Female,241.37.139.39
990,Liz,Santhouse,lsanthouserh@ebay.co.uk,Agender,144.214.224.248
991,Barde,Lemm,blemmri@squidoo.com,Male,83.237.66.208
992,Rafaelita,Skerrett,rskerrettrj@quantcast.com,Female,133.230.57.238
993,Chaddy,Yearby,cyearbyrk@virginia.edu,Male,13.4.242.182
994,Mel,Saberton,msabertonrl@umich.edu,Female,69.101.215.244
995,Gunar,Jelliman,gjellimanrm@usgs.gov,Male,22.26.44.45
996,Conan,Becerra,cbecerrarn@icio.us,Male,218.115.35.17
997,Cazzie,Battaille,cbattaillero@ycombinator.com,Male,2.122.158.6
998,Maxwell,Locker,mlockerrp@bluehost.com,Male,74.162.230.209
999,Donnell,Enbury,denburyrq@diigo.com,Male,4.47.100.240
1000,Earle,Heintsch,eheintschrr@sohu.com,Male,39.103.137.243
