id,first_name,last_name,email,gender,ip_address
1,Laney,Erdis,lerdis0@ocn.ne.jp,Male,51.36.4.178
2,Roma,Hamsley,rhamsley1@qq.com,Male,73.33.190.129
3,Sydelle,Ruggieri,sruggieri2@illinois.edu,Female,246.103.168.117
4,Nil,Kennady,nkennady3@unc.edu,Male,29.207.28.226
5,Selma,Shipley,sshipley4@blogs.com,Female,239.229.182.15
6,Candis,Flag,cflag5@google.co.jp,Female,97.112.160.33
7,Herby,Skipperbottom,hskipperbottom6@csmonitor.com,Male,38.71.103.145
8,Clywd,Cowpland,ccowpland7@paypal.com,Male,30.199.83.4
9,Roderich,Goggins,rgoggins8@ezinearticles.com,Male,112.192.89.186
10,Clareta,McAvey,cmcavey9@barnesandnoble.com,Female,182.191.187.37
11,Tripp,Browse,tbrowsea@bing.com,Male,104.178.164.95
12,Leland,Boomes,lboomesb@163.com,Male,10.233.101.186
13,Faunie,Khadir,fkhadirc@cyberchimps.com,Female,24.204.59.181
14,Tommie,Ramplee,trampleed@infoseek.co.jp,Male,242.16.11.232
15,Coretta,Corneck,ccornecke@answers.com,Female,182.205.44.97
16,Bailey,Gabbett,bgabbettf@apple.com,Male,73.25.183.22
17,Alena,Benedick,abenedickg@delicious.com,Female,26.71.116.170
18,Reinald,Gothard,rgothardh@soup.io,Male,247.35.172.246
19,Yard,Greschke,ygreschkei@earthlink.net,Male,196.108.104.198
20,Bealle,Canape,bcanapej@github.io,Male,247.75.169.180
21,Sharity,Bentick,sbentickk@biglobe.ne.jp,Female,252.155.159.139
22,Delila,Middlehurst,dmiddlehurstl@yellowbook.com,Female,154.195.244.194
23,Waylon,Tyrone,wtyronem@springer.com,Male,45.234.122.91
24,Bonnee,Morrell,bmorrelln@scribd.com,Female,119.45.12.183
25,Ximenez,Kenforth,xkenfortho@dell.com,Male,190.88.245.25
26,Port,Ashlee,pashleep@twitpic.com,Male,166.31.113.112
27,Batsheva,Feilden,bfeildenq@businessinsider.com,Female,135.110.114.244
28,Shelley,Clogg,scloggr@infoseek.co.jp,Female,71.251.68.73
29,Breanne,Silverman,bsilvermans@cmu.edu,Agender,230.203.144.27
30,Burt,Ranvoise,branvoiset@ezinearticles.com,Male,108.26.72.180
31,Hilda,Narey,hnareyu@rakuten.co.jp,Agender,91.1.123.199
32,Drusy,Benzie,dbenziev@redcross.org,Female,252.210.180.61
33,Hollyanne,Croley,hcroleyw@imdb.com,Female,252.160.163.217
34,Filide,Rycroft,frycroftx@forbes.com,Female,239.135.160.92
35,Rowney,Garlette,rgarlettey@dot.gov,Male,188.249.153.78
36,Modestine,McMurthy,mmcmurthyz@senate.gov,Female,133.55.95.192
37,Sonja,Gilogly,sgilogly10@prweb.com,Non-binary,166.172.173.20
38,Stanislaw,Wagerfield,swagerfield11@time.com,Male,3.120.18.182
39,Tracie,Dyshart,tdyshart12@google.com.au,Female,207.118.109.95
40,Clare,Ginie,cginie13@msu.edu,Agender,191.3.132.80
41,Jordain,Lintin,jlintin14@youtube.com,Female,78.205.64.178
42,Kimmy,Flaxman,kflaxman15@hud.gov,Female,56.192.38.6
43,Hannis,Yeude,hyeude16@latimes.com,Female,84.79.140.56
44,Bert,Pabelik,bpabelik17@businessweek.com,Female,240.65.179.23
45,Bobette,Zanneli,bzanneli18@chicagotribune.com,Female,106.240.99.203
46,Brenden,Ashforth,bashforth19@free.fr,Male,113.173.117.189
47,Georas,Schruyer,gschruyer1a@scientificamerican.com,Male,244.12.241.4
48,Dallas,Diano,ddiano1b@jimdo.com,Male,80.255.12.100
49,Rianon,Farrant,rfarrant1c@shareasale.com,Female,224.232.25.185
50,Jeromy,Saipy,jsaipy1d@wiley.com,Male,46.54.137.41
51,Carolyne,Guise,cguise1e@netvibes.com,Female,0.56.218.133
52,Sasha,Devenny,sdevenny1f@marketwatch.com,Male,117.105.99.157
53,Mathilde,Eason,meason1g@livejournal.com,Female,146.123.188.220
54,Frazier,Cowlishaw,fcowlishaw1h@samsung.com,Male,151.59.24.38
55,Adrian,Ferryn,aferryn1i@skyrock.com,Male,152.190.49.156
56,Burnard,Kingsmill,bkingsmill1j@dell.com,Male,39.181.205.192
57,Englebert,Massey,emassey1k@theglobeandmail.com,Male,58.218.65.181
58,Valeria,Lubomirski,vlubomirski1l@theguardian.com,Female,114.180.63.194
59,Galvan,Chezier,gchezier1m@xrea.com,Male,253.171.248.8
60,Lloyd,Capinetti,lcapinetti1n@earthlink.net,Male,193.211.158.185
61,Peggie,McIan,pmcian1o@goodreads.com,Genderfluid,167.177.211.69
62,Corrinne,Waadenburg,cwaadenburg1p@hao123.com,Female,168.48.93.253
63,L;urette,Shapcote,lshapcote1q@java.com,Female,5.235.149.52
64,Lotta,Gosling,lgosling1r@1und1.de,Female,131.167.173.210
65,Una,McGourty,umcgourty1s@nsw.gov.au,Female,231.149.174.158
66,Chastity,Chantrell,cchantrell1t@google.com.au,Female,140.148.190.175
67,Teresa,Leithgoe,tleithgoe1u@europa.eu,Female,221.201.201.5
68,Keir,Rykert,krykert1v@wikispaces.com,Male,172.75.242.46
69,Patten,Macoun,pmacoun1w@clickbank.net,Male,49.176.134.33
70,Oberon,Paddemore,opaddemore1x@va.gov,Male,179.141.190.85
71,Vassili,Gadie,vgadie1y@discuz.net,Male,50.214.247.11
72,Christian,Linford,clinford1z@baidu.com,Female,148.37.20.37
73,Meta,Raynard,mraynard20@amazonaws.com,Female,211.123.169.234
74,Maia,Abramowitch,mabramowitch21@hugedomains.com,Female,237.243.118.33
75,Lucita,Novis,lnovis22@theguardian.com,Genderfluid,169.121.159.75
76,Misty,Colnett,mcolnett23@example.com,Female,245.190.12.252
77,Jonell,Dampney,jdampney24@uiuc.edu,Female,17.196.166.13
78,Russ,Corrao,rcorrao25@rakuten.co.jp,Male,34.202.167.123
79,Filippo,Yeates,fyeates26@cisco.com,Male,59.198.5.162
80,Catarina,Bleiman,cbleiman27@timesonline.co.uk,Female,223.138.28.47
81,Glennis,Jull,gjull28@bloglovin.com,Female,17.124.179.140
82,Janina,Ulrik,julrik29@auda.org.au,Female,154.193.152.155
83,Ricki,Kemell,rkemell2a@whitehouse.gov,Female,12.216.225.132
84,Eva,Wraggs,ewraggs2b@ucsd.edu,Bigender,241.125.19.246
85,Cleveland,Newsham,cnewsham2c@flickr.com,Genderqueer,11.239.90.130
86,Dulci,Carman,dcarman2d@whitehouse.gov,Female,54.156.109.75
87,Fernande,Fotherby,ffotherby2e@home.pl,Female,80.212.57.250
88,Vanna,Dolby,vdolby2f@gravatar.com,Bigender,218.214.67.48
89,Garnette,Dipple,gdipple2g@princeton.edu,Female,105.57.166.202
90,Myrwyn,Robertot,mrobertot2h@spiegel.de,Male,29.123.16.252
91,Leena,Tree,ltree2i@dedecms.com,Agender,116.86.168.121
92,Tatum,Bellas,tbellas2j@instagram.com,Female,240.32.255.206
93,Ree,Bickersteth,rbickersteth2k@51.la,Female,173.181.83.161
94,Wolfy,Kornes,wkornes2l@theglobeandmail.com,Male,126.74.162.43
95,Jane,Iffe,jiffe2m@php.net,Female,142.34.78.93
96,Lewie,Shyres,lshyres2n@nytimes.com,Male,102.149.157.53
97,Lela,Bingham,lbingham2o@dailymail.co.uk,Genderfluid,105.183.72.110
98,Wilton,Borne,wborne2p@wufoo.com,Male,122.157.31.45
99,Rickie,Sabatier,rsabatier2q@columbia.edu,Male,189.33.215.53
100,Mario,De la croix,mdelacroix2r@indiatimes.com,Male,238.226.14.69
101,Russell,Whiterod,rwhiterod2s@wikimedia.org,Male,101.55.162.149
102,Job,Janouch,jjanouch2t@foxnews.com,Male,8.57.181.124
103,Zebulon,Chedzoy,zchedzoy2u@si.edu,Male,37.36.70.106
104,Johnnie,Biaggetti,jbiaggetti2v@nature.com,Male,17.98.0.55
105,Jesse,Conrard,jconrard2w@addtoany.com,Genderfluid,59.119.35.24
106,Davidson,Tuiller,dtuiller2x@icq.com,Male,155.239.244.97
107,Meredith,Eskriett,meskriett2y@cocolog-nifty.com,Male,177.197.178.183
108,Ilysa,Vlasin,ivlasin2z@sbwire.com,Female,99.152.182.29
109,Roby,Roony,rroony30@skype.com,Female,107.145.144.120
110,Chauncey,Tern,ctern31@lulu.com,Male,133.25.7.163
111,Sheba,McTrustrie,smctrustrie32@bloomberg.com,Female,43.4.27.133
112,Jorey,Bransom,jbransom33@woothemes.com,Female,194.103.69.26
113,Sargent,Cowill,scowill34@sourceforge.net,Male,141.176.153.60
114,Myrilla,Riccardo,mriccardo35@networksolutions.com,Female,33.9.62.140
115,Stacee,Kassel,skassel36@google.de,Male,99.108.201.111
116,Sonnnie,Broodes,sbroodes37@google.nl,Female,118.110.233.22
117,Gertrude,Polin,gpolin38@sohu.com,Female,95.46.10.227
118,Lew,Lindmark,llindmark39@gnu.org,Male,216.30.131.204
119,Nora,Marlen,nmarlen3a@google.de,Female,224.121.1.220
120,Chelsey,Loncaster,cloncaster3b@google.com.br,Genderfluid,175.179.53.23
121,Jesse,Danieli,jdanieli3c@booking.com,Female,94.34.219.27
122,Culver,Kose,ckose3d@npr.org,Male,102.152.180.182
123,Lon,Eliot,leliot3e@bbc.co.uk,Male,129.5.169.134
124,Elsbeth,Dignum,edignum3f@imgur.com,Female,203.169.47.79
125,Miranda,Studdal,mstuddal3g@cargocollective.com,Genderfluid,95.29.41.129
126,Leland,Fredi,lfredi3h@accuweather.com,Female,146.218.14.180
127,Karleen,Bonnesen,kbonnesen3i@printfriendly.com,Female,0.113.139.17
128,Billie,Beaston,bbeaston3j@mapy.cz,Male,7.88.124.175
129,Cam,Bantham,cbantham3k@huffingtonpost.com,Female,209.250.232.244
130,Tina,Impson,timpson3l@cdbaby.com,Female,255.69.99.94
131,Berkeley,Dietzler,bdietzler3m@ovh.net,Male,201.52.241.187
132,Lynnelle,Patterson,lpatterson3n@homestead.com,Female,253.85.179.8
133,Jedidiah,Romera,jromera3o@wunderground.com,Male,8.194.237.172
134,Joseph,Jacquemard,jjacquemard3p@noaa.gov,Male,143.251.156.42
135,Bronnie,Hearn,bhearn3q@friendfeed.com,Male,10.199.181.29
136,Garek,Rainforth,grainforth3r@squidoo.com,Male,185.20.71.93
137,Marve,Goodlake,mgoodlake3s@bizjournals.com,Non-binary,54.13.199.229
138,Ilyssa,Stocky,istocky3t@technorati.com,Female,96.74.251.57
139,Odella,Tunbridge,otunbridge3u@utexas.edu,Female,145.193.191.155
140,Frederich,Yearby,fyearby3v@google.es,Male,242.228.179.168
141,Herculie,Josephson,hjosephson3w@vistaprint.com,Bigender,93.69.20.132
142,Janina,Bonsul,jbonsul3x@artisteer.com,Female,23.244.140.130
143,Meyer,Hebble,mhebble3y@unc.edu,Male,70.239.206.225
144,Donna,Beckey,dbeckey3z@parallels.com,Polygender,171.87.159.162
145,Brigid,Field,bfield40@rakuten.co.jp,Female,152.164.225.7
146,Stillman,Drinkale,sdrinkale41@pen.io,Male,232.185.121.248
147,Pasquale,McGibbon,pmcgibbon42@jugem.jp,Male,82.196.219.112
148,Arthur,Bernard,abernard43@dagondesign.com,Male,23.253.180.68
149,Mindy,Wallington,mwallington44@eepurl.com,Non-binary,190.92.198.173
150,Shea,Chisnall,schisnall45@nasa.gov,Male,174.19.125.107
151,Elva,Clorley,eclorley46@umich.edu,Genderqueer,144.237.240.103
152,Darbie,Dight,ddight47@forbes.com,Female,104.100.182.78
153,Dionne,Haster,dhaster48@digg.com,Female,7.120.103.40
154,Edvard,Gration,egration49@wordpress.org,Genderfluid,126.171.27.64
155,Denver,Glasscoe,dglasscoe4a@craigslist.org,Male,159.197.95.34
156,Jerald,Troutbeck,jtroutbeck4b@yolasite.com,Male,31.158.157.29
157,Van,Ishchenko,vishchenko4c@bigcartel.com,Male,224.176.4.137
158,Amelia,De Bruin,adebruin4d@istockphoto.com,Female,117.37.247.68
159,Mindy,Von Oertzen,mvonoertzen4e@goo.ne.jp,Female,184.233.83.215
160,Georgette,Servant,gservant4f@studiopress.com,Non-binary,81.180.164.154
161,Minetta,Pieroni,mpieroni4g@flavors.me,Female,179.171.74.234
162,Zorine,Bruce,zbruce4h@mit.edu,Female,179.244.239.13
163,Siward,Hehl,shehl4i@blinklist.com,Male,85.225.143.28
164,Gabi,Kenwell,gkenwell4j@constantcontact.com,Female,100.162.20.82
165,Nappie,Peedell,npeedell4k@example.com,Male,249.58.74.12
166,Glenda,Pavis,gpavis4l@techcrunch.com,Female,159.225.13.16
167,Clarke,Dottrell,cdottrell4m@adobe.com,Genderqueer,12.210.28.229
168,Larry,Marking,lmarking4n@xrea.com,Agender,119.180.18.4
169,Truman,Peregrine,tperegrine4o@list-manage.com,Male,221.141.109.142
170,Mady,Hyslop,mhyslop4p@odnoklassniki.ru,Female,184.68.58.177
171,Maurits,Iron,miron4q@time.com,Male,102.229.81.88
172,Dillie,Abramovici,dabramovici4r@patch.com,Male,99.55.145.63
173,Fania,Zamora,fzamora4s@umich.edu,Female,0.183.44.211
174,Holt,Harness,hharness4t@vimeo.com,Male,27.77.212.83
175,Valentia,Cadore,vcadore4u@reuters.com,Female,85.20.4.253
176,Cullan,Eick,ceick4v@feedburner.com,Male,251.89.184.136
177,Neel,Mahoney,nmahoney4w@tiny.cc,Male,80.162.250.6
178,Bette-ann,Concannon,bconcannon4x@feedburner.com,Female,217.174.15.120
179,Arnie,Corkitt,acorkitt4y@lulu.com,Non-binary,63.168.184.25
180,Cecilia,Reschke,creschke4z@jigsy.com,Female,72.148.73.79
181,Marigold,Brambell,mbrambell50@discovery.com,Female,82.60.49.2
182,Reinhard,Gard,rgard51@slate.com,Bigender,44.7.113.242
183,Jandy,Radley,jradley52@cyberchimps.com,Female,85.150.132.31
184,Eden,Bonhan,ebonhan53@nhs.uk,Genderfluid,250.122.25.162
185,Webb,Portch,wportch54@google.cn,Male,119.53.78.68
186,Alister,McLeish,amcleish55@ucoz.com,Male,148.164.53.233
187,Reece,End,rend56@pcworld.com,Male,92.143.171.210
188,Clark,Porcher,cporcher57@vk.com,Male,157.186.236.147
189,Archibald,Willbraham,awillbraham58@hexun.com,Male,37.195.132.147
190,Joye,Slowan,jslowan59@newsvine.com,Female,220.13.117.79
191,Dominick,Grassett,dgrassett5a@seesaa.net,Male,61.94.80.231
192,Cristin,Whittock,cwhittock5b@slate.com,Female,148.70.243.12
193,Ida,Raulin,iraulin5c@edublogs.org,Female,132.138.8.51
194,Fenelia,Phillpot,fphillpot5d@yelp.com,Female,209.223.122.240
195,Erie,Mungin,emungin5e@hp.com,Male,28.75.142.159
196,Chiquita,Mobberley,cmobberley5f@hibu.com,Female,223.90.24.228
197,Benjamen,Gutman,bgutman5g@zimbio.com,Male,115.89.209.4
198,Arnaldo,Blackall,ablackall5h@harvard.edu,Male,136.181.157.58
199,Emlynn,Rickarsey,erickarsey5i@google.ca,Female,197.88.110.167
200,Demetre,Ravilus,dravilus5j@desdev.cn,Male,63.142.112.159
201,Vanna,Tumility,vtumility5k@photobucket.com,Female,10.69.36.59
202,Chantalle,Lowers,clowers5l@buzzfeed.com,Female,33.105.33.39
203,Hephzibah,Gilsthorpe,hgilsthorpe5m@reuters.com,Female,190.228.4.192
204,Hedwiga,Bum,hbum5n@fema.gov,Female,8.231.177.244
205,Eric,Ker,eker5o@ehow.com,Male,4.228.209.77
206,Yankee,Room,yroom5p@g.co,Male,177.21.30.189
207,Rasia,Fredi,rfredi5q@amazon.de,Female,94.239.107.205
208,Wilfrid,O'Brien,wobrien5r@chicagotribune.com,Genderfluid,60.239.175.181
209,Mikel,Vigus,mvigus5s@cornell.edu,Male,237.56.75.141
210,Efren,Rendle,erendle5t@unc.edu,Male,72.139.86.175
211,Manda,Gosnold,mgosnold5u@qq.com,Female,0.50.6.181
212,Flem,Skippon,fskippon5v@yahoo.com,Male,80.123.33.170
213,Arlee,McBeath,amcbeath5w@live.com,Female,44.150.223.88
214,Aldis,Zavattari,azavattari5x@wp.com,Male,204.200.238.156
215,Hazel,Jorin,hjorin5y@jimdo.com,Male,168.209.100.90
216,Nonnah,Linwood,nlinwood5z@abc.net.au,Female,10.82.190.156
217,Etan,Abbs,eabbs60@wikimedia.org,Male,74.219.172.17
218,Leilah,Graver,lgraver61@ox.ac.uk,Polygender,207.150.7.0
219,Cami,Govier,cgovier62@salon.com,Female,227.222.56.152
220,Franklin,Arni,farni63@furl.net,Male,144.175.34.185
221,Teena,Cawt,tcawt64@naver.com,Female,183.144.68.3
222,Olivette,Spedroni,ospedroni65@hud.gov,Female,228.40.29.91
223,Tobias,Laxe,tlaxe66@pagesperso-orange.fr,Male,177.226.112.34
224,King,Ivashin,kivashin67@t.co,Male,253.247.16.143
225,Jarib,Causbey,jcausbey68@comcast.net,Male,194.184.123.221
226,Dyna,McCraine,dmccraine69@domainmarket.com,Female,49.245.228.239
227,Uriah,Chelnam,uchelnam6a@yandex.ru,Male,109.236.224.63
228,Palm,Ellissen,pellissen6b@washingtonpost.com,Male,224.227.75.63
229,Warden,McGrudder,wmcgrudder6c@hugedomains.com,Male,208.118.51.243
230,Jacqui,Khilkov,jkhilkov6d@simplemachines.org,Genderqueer,135.170.70.144
231,Arnie,Whorf,awhorf6e@ed.gov,Genderfluid,16.79.28.99
232,Padget,Dyke,pdyke6f@engadget.com,Male,192.90.175.176
233,Sidonnie,Flawn,sflawn6g@privacy.gov.au,Female,104.43.208.210
234,Sheri,Inkles,sinkles6h@theguardian.com,Female,61.178.248.230
235,Cornall,Aizic,caizic6i@huffingtonpost.com,Male,239.113.162.145
236,Carlin,Schade,cschade6j@opera.com,Female,159.28.228.231
237,Josephina,Bloxam,jbloxam6k@un.org,Female,95.219.213.62
238,Brendan,Summers,bsummers6l@xrea.com,Male,100.251.87.80
239,Iolanthe,Currom,icurrom6m@multiply.com,Female,219.60.199.236
240,Aloin,Mellon,amellon6n@ovh.net,Male,14.206.125.199
241,Chicky,Baldoni,cbaldoni6o@smugmug.com,Male,120.85.39.186
242,Heather,Hamsley,hhamsley6p@angelfire.com,Female,193.68.164.103
243,Isobel,Scannell,iscannell6q@addthis.com,Female,212.106.168.194
244,Sally,Emsden,semsden6r@nps.gov,Bigender,23.66.68.180
245,Langsdon,Haselhurst,lhaselhurst6s@bloglovin.com,Polygender,246.237.169.1
246,Aileen,Martinovic,amartinovic6t@latimes.com,Female,128.40.56.120
247,Salvidor,Barti,sbarti6u@dot.gov,Male,217.44.129.231
248,Oberon,Dawltrey,odawltrey6v@google.com.br,Male,10.202.80.65
249,Cleve,Oliva,coliva6w@zimbio.com,Male,92.199.38.164
250,D'arcy,Fishbourne,dfishbourne6x@yahoo.com,Male,215.76.10.201
251,Noelyn,Quilleash,nquilleash6y@squarespace.com,Female,117.75.200.20
252,Gil,Rollings,grollings6z@youku.com,Male,250.86.208.207
253,Carlie,Ebbins,cebbins70@pinterest.com,Male,157.68.204.143
254,Boycey,Coopland,bcoopland71@netvibes.com,Male,139.187.180.151
255,Corene,Portsmouth,cportsmouth72@gmpg.org,Female,164.100.249.41
256,Will,Kendal,wkendal73@hp.com,Male,240.106.120.41
257,Ronny,Sharnock,rsharnock74@google.cn,Female,4.67.161.133
258,Corrina,Tyrone,ctyrone75@psu.edu,Female,174.123.190.29
259,Curr,Chadbourne,cchadbourne76@biglobe.ne.jp,Male,109.119.185.150
260,Krista,Carryer,kcarryer77@businessinsider.com,Female,29.234.81.93
261,Curcio,Greenroyd,cgreenroyd78@discuz.net,Male,134.205.243.255
262,Raquel,Andrey,randrey79@imgur.com,Female,149.105.42.126
263,Keri,Kornas,kkornas7a@example.com,Female,158.172.198.24
264,Ian,Yurlov,iyurlov7b@cornell.edu,Male,78.63.236.53
265,Nerita,Nelsey,nnelsey7c@cbc.ca,Female,155.128.0.29
266,Jesse,Yurenin,jyurenin7d@geocities.com,Male,130.111.138.138
267,Christoph,Noury,cnoury7e@tripadvisor.com,Polygender,112.12.126.114
268,Ambrosio,Currey,acurrey7f@drupal.org,Male,25.47.189.6
269,Jarret,Alpine,jalpine7g@blog.com,Male,230.232.162.136
270,Olvan,Haffner,ohaffner7h@privacy.gov.au,Genderqueer,227.124.154.209
271,Rhea,Summerley,rsummerley7i@archive.org,Female,10.36.34.205
272,Lorna,Bockler,lbockler7j@blogtalkradio.com,Female,95.198.47.237
273,Louis,Botley,lbotley7k@smh.com.au,Male,118.248.77.75
274,Irvine,Ambage,iambage7l@tuttocitta.it,Male,162.23.131.131
275,Dov,Veryard,dveryard7m@drupal.org,Male,176.246.190.41
276,Etienne,Stathor,estathor7n@samsung.com,Male,116.88.49.95
277,Emmey,Weins,eweins7o@parallels.com,Female,6.47.61.161
278,Abigail,Carlino,acarlino7p@ocn.ne.jp,Female,113.94.84.134
279,Vickie,Bricksey,vbricksey7q@census.gov,Genderfluid,186.192.92.111
280,Theda,Sewter,tsewter7r@issuu.com,Female,190.134.95.209
281,Kathleen,Eim,keim7s@craigslist.org,Female,106.221.14.250
282,Dorree,Kenwin,dkenwin7t@craigslist.org,Female,14.88.201.72
283,Wanda,Harnott,wharnott7u@altervista.org,Female,242.3.239.136
284,Adore,Ebden,aebden7v@sbwire.com,Female,64.96.187.124
285,Bea,Ceschelli,bceschelli7w@army.mil,Female,26.131.231.140
286,Pattie,Paulmann,ppaulmann7x@google.nl,Male,38.111.156.223
287,Holden,Rabier,hrabier7y@tiny.cc,Male,13.196.230.30
288,Rockwell,Eades,reades7z@meetup.com,Male,202.126.248.102
289,Dione,Kliemke,dkliemke80@cdc.gov,Female,225.121.117.91
290,Jillene,Gordge,jgordge81@marriott.com,Female,81.223.115.210
291,Leupold,Poytress,lpoytress82@deliciousdays.com,Male,200.4.9.65
292,Toma,Keasy,tkeasy83@businesswire.com,Female,45.214.60.178
293,Sharia,Huck,shuck84@thetimes.co.uk,Female,197.194.37.182
294,Cesare,Osbourn,cosbourn85@odnoklassniki.ru,Male,217.82.115.195
295,Niles,Bond,nbond86@answers.com,Male,25.126.134.70
296,Alessandro,Chung,achung87@walmart.com,Male,11.223.6.115
297,Stu,Placidi,splacidi88@walmart.com,Male,182.190.78.124
298,Aylmer,Rickaby,arickaby89@rambler.ru,Male,203.103.207.136
299,Gilburt,Liveley,gliveley8a@skype.com,Male,249.223.100.131
300,Normy,Hargreves,nhargreves8b@smugmug.com,Male,210.153.122.28
301,Jodi,Mudd,jmudd8c@stumbleupon.com,Female,114.47.7.59
302,Gannie,Deverill,gdeverill8d@xrea.com,Male,195.139.181.22
303,Jessalin,Main,jmain8e@omniture.com,Female,6.111.118.43
304,Christean,Burrells,cburrells8f@forbes.com,Female,144.137.143.221
305,Lanny,Lackey,llackey8g@prweb.com,Female,138.90.231.83
306,Elke,Williams,ewilliams8h@addtoany.com,Female,3.58.39.48
307,Morley,Zannetti,mzannetti8i@google.cn,Polygender,91.154.237.202
308,Angie,Hutchinges,ahutchinges8j@springer.com,Male,140.52.99.93
309,Dwight,Ballinghall,dballinghall8k@ustream.tv,Male,232.28.87.200
310,Dru,Bartoszinski,dbartoszinski8l@goo.gl,Genderfluid,176.21.161.187
311,Mikkel,Adolf,madolf8m@oaic.gov.au,Agender,32.85.69.255
312,Myles,Camamile,mcamamile8n@archive.org,Male,197.3.125.56
313,Ricky,Edens,redens8o@yahoo.co.jp,Female,201.124.184.242
314,Saxon,Kirby,skirby8p@addtoany.com,Male,33.9.31.240
315,Timothy,Muttock,tmuttock8q@freewebs.com,Male,134.78.46.166
316,Maurene,Luciano,mluciano8r@msn.com,Female,22.0.196.216
317,Ermin,M'Chirrie,emchirrie8s@jigsy.com,Male,194.201.141.91
318,Nichols,Hillatt,nhillatt8t@senate.gov,Male,118.4.214.114
319,Juan,Eastlake,jeastlake8u@dailymotion.com,Male,50.133.37.179
320,Harriot,Cowdray,hcowdray8v@livejournal.com,Female,249.227.223.126
321,Cole,Anstiss,canstiss8w@nymag.com,Male,61.200.127.170
322,Lindsey,Mantz,lmantz8x@github.io,Female,46.96.67.124
323,Waite,Dunn,wdunn8y@gizmodo.com,Male,126.214.0.72
324,Alvira,Helwig,ahelwig8z@dailymail.co.uk,Female,31.47.173.35
325,Claybourne,Adicot,cadicot90@liveinternet.ru,Male,176.244.200.82
326,York,Brunke,ybrunke91@diigo.com,Male,80.251.145.255
327,Victor,Donaher,vdonaher92@wsj.com,Male,72.242.22.30
328,Trevor,Phillipps,tphillipps93@sogou.com,Male,10.151.155.42
329,Fred,Tapton,ftapton94@oracle.com,Female,169.172.143.233
330,Deina,Closs,dcloss95@salon.com,Female,114.222.112.142
331,Lucien,Collett,lcollett96@etsy.com,Male,83.90.96.202
332,Auguste,Extence,aextence97@woothemes.com,Female,80.32.34.164
333,Goraud,Turvie,gturvie98@ucoz.ru,Male,97.195.84.177
334,Dionysus,Aitkenhead,daitkenhead99@topsy.com,Male,0.245.179.41
335,Tatiana,Crandon,tcrandon9a@sogou.com,Polygender,25.134.3.80
336,Gabi,Litterick,glitterick9b@theglobeandmail.com,Male,8.199.27.125
337,Glynnis,Lehr,glehr9c@a8.net,Female,137.186.179.227
338,Celinda,Beddis,cbeddis9d@cdc.gov,Female,51.127.238.62
339,Rufe,Cusworth,rcusworth9e@latimes.com,Male,104.190.61.132
340,Elaine,Baudinet,ebaudinet9f@yellowbook.com,Genderqueer,239.116.215.14
341,Sharl,Andrzejak,sandrzejak9g@phpbb.com,Female,42.245.196.94
342,Eulalie,De Bell,edebell9h@cdc.gov,Female,175.128.141.35
343,Bil,Conford,bconford9i@hc360.com,Genderfluid,142.156.219.205
344,Brandise,Sheards,bsheards9j@cloudflare.com,Female,180.234.69.151
345,Christabella,Van Arsdall,cvanarsdall9k@goo.ne.jp,Female,59.23.33.9
346,Willabella,Ceillier,wceillier9l@hugedomains.com,Female,104.0.158.60
347,Beatrice,Riccardi,briccardi9m@walmart.com,Female,65.179.60.93
348,Aurel,Wallege,awallege9n@jigsy.com,Female,165.237.253.239
349,Lorilyn,Renihan,lrenihan9o@arizona.edu,Female,125.0.37.26
350,Ibby,Shann,ishann9p@github.io,Female,81.199.194.247
351,Michelina,Sanford,msanford9q@webeden.co.uk,Female,11.150.225.183
352,Phylys,D'eye,pdeye9r@flickr.com,Female,103.219.25.255
353,Kelcie,Gaitone,kgaitone9s@springer.com,Female,83.31.163.138
354,Randal,Ivery,rivery9t@blogger.com,Male,164.52.125.109
355,Eimile,Peacock,epeacock9u@opera.com,Female,65.36.59.164
356,Demetris,Avramov,davramov9v@addthis.com,Male,102.100.85.88
357,Egon,Doull,edoull9w@histats.com,Male,101.193.177.192
358,Adolph,Catton,acatton9x@time.com,Male,122.225.162.210
359,Glen,Shambrooke,gshambrooke9y@ask.com,Female,133.52.147.83
360,Conchita,Sole,csole9z@weebly.com,Female,153.111.169.23
361,Cale,Gouinlock,cgouinlocka0@techcrunch.com,Agender,101.115.145.187
362,Quintus,Runcieman,qrunciemana1@usatoday.com,Male,97.16.47.132
363,Grace,Petru,gpetrua2@privacy.gov.au,Male,39.78.145.249
364,Brear,Fairlaw,bfairlawa3@dell.com,Female,107.234.64.200
365,Colline,Matveichev,cmatveicheva4@github.io,Female,216.156.25.43
366,Grantley,Quixley,gquixleya5@constantcontact.com,Male,136.99.219.120
367,Rasia,Lutz,rlutza6@51.la,Female,12.189.123.174
368,Cathy,Horsley,chorsleya7@seesaa.net,Female,97.17.17.199
369,Yetta,Sheekey,ysheekeya8@rediff.com,Female,20.26.109.5
370,Adlai,Durnin,adurnina9@skype.com,Bigender,28.12.48.119
371,Frederic,Graeser,fgraeseraa@cpanel.net,Male,186.126.137.81
372,Hervey,Pumphreys,hpumphreysab@biglobe.ne.jp,Male,202.174.43.245
373,Adelheid,Emsley,aemsleyac@java.com,Non-binary,78.248.190.236
374,Shannon,Donnell,sdonnellad@jigsy.com,Male,193.220.88.224
375,Abagael,Ayllett,aayllettae@nydailynews.com,Female,248.106.226.91
376,Eben,Stenyng,estenyngaf@yolasite.com,Agender,12.131.5.124
377,Melita,Rawlings,mrawlingsag@hc360.com,Female,89.211.178.155
378,Julian,Tembridge,jtembridgeah@1688.com,Male,2.175.177.51
379,Ronica,Vitet,rvitetai@lycos.com,Female,114.223.137.45
380,Shelba,Cleife,scleifeaj@artisteer.com,Female,105.7.165.106
381,Cross,Baukham,cbaukhamak@drupal.org,Male,53.61.139.52
382,Garik,Haswall,ghaswallal@creativecommons.org,Male,92.81.72.188
383,Kipper,St. Louis,kstlouisam@jalbum.net,Male,71.209.138.248
384,Kippie,Coiley,kcoileyan@sphinn.com,Male,207.22.236.120
385,Noni,Huffa,nhuffaao@printfriendly.com,Female,49.135.218.154
386,Puff,O'Driscoll,podriscollap@typepad.com,Male,73.55.168.99
387,Roseline,Eames,reamesaq@nhs.uk,Female,30.115.36.243
388,Derrek,Dellit,ddellitar@globo.com,Male,170.213.194.96
389,Gerrard,O'Dempsey,godempseyas@xrea.com,Male,250.84.37.141
390,Rochette,Maryman,rmarymanat@weebly.com,Female,96.242.58.235
391,Minne,Blazevic,mblazevicau@vkontakte.ru,Female,249.245.85.55
392,Franz,Le Bosse,flebosseav@oakley.com,Male,14.61.250.66
393,Buddie,Nottingam,bnottingamaw@uol.com.br,Male,29.202.108.224
394,Bobbette,Lintot,blintotax@yandex.ru,Female,23.90.185.168
395,Shara,Swindells,sswindellsay@wired.com,Genderqueer,85.80.215.161
396,Daphna,Poundford,dpoundfordaz@squidoo.com,Female,44.231.188.228
397,Rufus,Allwood,rallwoodb0@canalblog.com,Male,240.104.61.178
398,Abner,Thomassin,athomassinb1@ibm.com,Male,135.190.165.210
399,Nichols,Grason,ngrasonb2@woothemes.com,Male,95.42.41.135
400,Olympia,Oldale,ooldaleb3@goodreads.com,Female,84.160.92.89
401,Valera,Lowings,vlowingsb4@wikipedia.org,Female,35.85.244.100
402,Hale,Kirsche,hkirscheb5@amazon.de,Genderfluid,57.221.233.141
403,Elmira,Kroger,ekrogerb6@is.gd,Female,87.236.72.245
404,Neala,Fishbie,nfishbieb7@tmall.com,Genderqueer,164.215.33.174
405,Leonie,Petrie,lpetrieb8@illinois.edu,Genderqueer,68.239.26.255
406,Sharity,Donner,sdonnerb9@patch.com,Female,143.125.138.84
407,Felice,Roggerone,froggeroneba@bigcartel.com,Female,249.156.45.225
408,Cob,Drissell,cdrissellbb@marketwatch.com,Male,161.207.130.207
409,Friedrich,Fowles,ffowlesbc@yahoo.com,Male,170.31.85.230
410,Base,McAlinden,bmcalindenbd@icq.com,Male,10.36.93.125
411,Rania,Beausang,rbeausangbe@slashdot.org,Female,29.17.253.135
412,Edwina,Shirrell,eshirrellbf@storify.com,Agender,236.10.104.43
413,Burgess,Burwin,bburwinbg@icq.com,Male,83.97.216.228
414,Cecilius,Lepick,clepickbh@4shared.com,Male,230.9.56.113
415,Hillier,Goatman,hgoatmanbi@sfgate.com,Male,177.1.109.115
416,Carolin,Easby,ceasbybj@google.pl,Female,105.151.45.115
417,Rozamond,Widdowes,rwiddowesbk@arizona.edu,Female,1.31.43.88
418,Brig,Reinmar,breinmarbl@prlog.org,Male,63.242.2.234
419,Eryn,Bartosiak,ebartosiakbm@smugmug.com,Non-binary,39.135.97.219
420,Elita,Meale,emealebn@gravatar.com,Female,184.232.32.19
421,Goraud,Habble,ghabblebo@gravatar.com,Male,32.248.73.29
422,Natalee,Gayther,ngaytherbp@reference.com,Female,83.92.27.88
423,Elfie,Switzer,eswitzerbq@ted.com,Female,153.60.249.23
424,Risa,Tiley,rtileybr@vistaprint.com,Polygender,193.251.215.82
425,Cal,Boadby,cboadbybs@geocities.com,Male,150.136.76.5
426,Jarrid,Ahlin,jahlinbt@blogs.com,Male,52.90.214.210
427,Alice,Simpole,asimpolebu@cisco.com,Female,86.29.93.56
428,Douglas,McPartlin,dmcpartlinbv@thetimes.co.uk,Male,226.231.231.232
429,Del,Clench,dclenchbw@mozilla.com,Female,171.151.41.9
430,Angel,Conn,aconnbx@princeton.edu,Male,219.107.1.92
431,Shalna,Lowne,slowneby@wordpress.org,Female,187.228.112.87
432,Tad,Hiscocks,thiscocksbz@wiley.com,Male,217.229.120.45
433,Marion,Le Houx,mlehouxc0@buzzfeed.com,Female,248.151.19.29
434,Allan,Dallyn,adallync1@drupal.org,Male,83.91.164.200
435,Elvin,Spray,esprayc2@addthis.com,Male,76.95.121.149
436,Bear,O'Scanlon,boscanlonc3@stanford.edu,Male,227.43.150.34
437,Stephanus,Terbeek,sterbeekc4@360.cn,Male,119.14.169.184
438,Keeley,Bane,kbanec5@chronoengine.com,Female,189.200.118.7
439,Jeremiah,Walas,jwalasc6@hao123.com,Male,94.245.202.20
440,Nanni,Cady,ncadyc7@icio.us,Female,206.74.232.54
441,Agatha,Elliker,aellikerc8@alexa.com,Female,147.25.26.108
442,Hugibert,Hellyar,hhellyarc9@forbes.com,Male,22.49.132.182
443,Renard,Gloucester,rgloucesterca@cloudflare.com,Male,10.214.164.211
444,Rozele,Gidney,rgidneycb@sina.com.cn,Female,4.208.108.140
445,Annemarie,Brind,abrindcc@weather.com,Female,51.62.62.8
446,Pepito,Cridge,pcridgecd@acquirethisname.com,Male,120.145.34.250
447,Rudolph,Giotto,rgiottoce@photobucket.com,Male,186.35.166.140
448,Codi,Astupenas,castupenascf@storify.com,Female,211.65.161.108
449,Karlik,Pietron,kpietroncg@delicious.com,Male,55.122.39.37
450,Jillene,Kohlert,jkohlertch@japanpost.jp,Female,173.118.173.244
451,Cathi,Theyer,ctheyerci@bandcamp.com,Female,153.137.194.180
452,Mohandis,Hibbart,mhibbartcj@uol.com.br,Male,223.216.7.0
453,Dodi,Tripet,dtripetck@mysql.com,Female,200.64.124.175
454,Julia,Dinesen,jdinesencl@histats.com,Female,30.187.227.38
455,Augie,Fontin,afontincm@fotki.com,Male,87.13.94.137
456,Sherilyn,Gudgion,sgudgioncn@epa.gov,Female,41.179.220.238
457,Miles,Gowler,mgowlerco@oracle.com,Male,11.188.251.76
458,Merrielle,Crosby,mcrosbycp@myspace.com,Female,190.86.49.246
459,Elbertine,Sieghart,esieghartcq@eventbrite.com,Female,163.108.90.207
460,Aubry,Deetch,adeetchcr@ask.com,Female,8.19.59.185
461,Saraann,Waugh,swaughcs@wunderground.com,Female,218.247.79.57
462,Kristine,Smurthwaite,ksmurthwaitect@fotki.com,Female,55.0.44.146
463,Babita,MacGall,bmacgallcu@ezinearticles.com,Female,123.243.18.225
464,Bartolomeo,Meldrum,bmeldrumcv@devhub.com,Male,232.137.156.242
465,Wadsworth,Awton,wawtoncw@reverbnation.com,Male,33.13.244.236
466,Emmett,Wayland,ewaylandcx@icq.com,Male,202.242.185.4
467,Elton,Tompkins,etompkinscy@gnu.org,Male,245.40.150.28
468,Alisander,Wishkar,awishkarcz@yahoo.com,Male,97.78.216.204
469,Denyse,Ledgister,dledgisterd0@adobe.com,Female,27.254.230.80
470,Earl,Larsen,elarsend1@hao123.com,Male,213.251.243.166
471,Blithe,Fogt,bfogtd2@home.pl,Female,230.160.42.61
472,Ash,Lindman,alindmand3@about.com,Male,154.230.229.87
473,Malachi,Dionisetti,mdionisettid4@theguardian.com,Male,162.92.52.8
474,Trefor,Gait,tgaitd5@elpais.com,Male,203.162.209.75
475,Gonzalo,Adamson,gadamsond6@hexun.com,Male,81.76.39.70
476,Mikol,Makeswell,mmakeswelld7@nbcnews.com,Male,42.150.221.71
477,Gal,Raffon,graffond8@4shared.com,Male,12.28.216.155
478,Zerk,McPaik,zmcpaikd9@craigslist.org,Male,42.126.84.74
479,Vanya,Stuchberry,vstuchberryda@oaic.gov.au,Female,121.56.3.215
480,Caddric,Wordley,cwordleydb@163.com,Male,153.95.14.35
481,Saundra,Hendrickson,shendricksondc@intel.com,Female,231.9.14.89
482,Chrystal,Balser,cbalserdd@weebly.com,Female,68.61.39.196
483,Franz,Pesticcio,fpesticciode@newsvine.com,Male,195.135.48.53
484,Hi,Fairhall,hfairhalldf@soundcloud.com,Male,33.39.91.217
485,Katie,Jozef,kjozefdg@usa.gov,Female,29.87.160.135
486,Delphine,Allcoat,dallcoatdh@sina.com.cn,Female,28.39.46.113
487,Vinson,Gaughan,vgaughandi@bigcartel.com,Male,161.172.175.232
488,Marianna,Andriesse,mandriessedj@list-manage.com,Female,197.17.167.224
489,Maire,Mathou,mmathoudk@indiatimes.com,Female,76.13.126.16
490,Hedvig,Teggin,hteggindl@nifty.com,Female,105.10.67.54
491,Matilda,Jakucewicz,mjakucewiczdm@list-manage.com,Bigender,196.47.167.91
492,Susette,Huyge,shuygedn@merriam-webster.com,Female,75.182.158.234
493,Valentine,Sullivan,vsullivando@admin.ch,Female,33.100.247.146
494,Hillard,Peinton,hpeintondp@economist.com,Male,206.71.170.246
495,Penny,Davidove,pdavidovedq@phpbb.com,Female,245.109.219.144
496,Kelvin,Haslam,khaslamdr@gnu.org,Male,118.237.105.129
497,Brant,Peidro,bpeidrods@joomla.org,Male,192.33.61.88
498,Jodie,Connew,jconnewdt@blogtalkradio.com,Male,11.125.23.211
499,Nadiya,Glencorse,nglencorsedu@sun.com,Female,195.92.220.131
500,Christiana,Curro,ccurrodv@theguardian.com,Bigender,94.109.114.33
501,Noel,Rubinsohn,nrubinsohndw@123-reg.co.uk,Agender,220.22.190.225
502,Brandea,Graysmark,bgraysmarkdx@edublogs.org,Female,221.154.66.195
503,Sherlock,Duplan,sduplandy@sfgate.com,Male,181.167.133.221
504,Jerrylee,Pentlow,jpentlowdz@pinterest.com,Female,112.94.103.154
505,Ainslie,Papaccio,apapaccioe0@dagondesign.com,Female,253.152.240.104
506,Tammy,Sweetman,tsweetmane1@unicef.org,Male,8.93.156.169
507,Aloin,Chasmoor,achasmoore2@nhs.uk,Male,216.200.16.155
508,Valida,Patty,vpattye3@wikispaces.com,Female,47.119.104.206
509,Cynthia,Deerr,cdeerre4@opera.com,Female,210.153.215.53
510,Zorine,Ridley,zridleye5@virginia.edu,Female,57.173.67.185
511,Godart,Aps,gapse6@marriott.com,Male,19.45.102.151
512,Antonie,L'Hommee,alhommeee7@dropbox.com,Female,232.142.219.216
513,Templeton,Kezourec,tkezourece8@paginegialle.it,Male,83.122.175.68
514,Leda,Shimuk,lshimuke9@de.vu,Female,37.17.254.151
515,Christine,Skoggins,cskogginsea@census.gov,Female,172.88.243.241
516,Desmond,Toffano,dtoffanoeb@yellowbook.com,Male,141.33.188.143
517,Babette,Clemensen,bclemensenec@comcast.net,Female,141.111.78.5
518,Nefen,Ashcroft,nashcrofted@foxnews.com,Male,206.63.38.199
519,Mahmud,Hyndson,mhyndsonee@nbcnews.com,Male,230.104.205.64
520,Lori,Andrivel,landrivelef@bloomberg.com,Agender,81.70.236.4
521,Sheree,Doorey,sdooreyeg@japanpost.jp,Female,173.176.120.23
522,Pammi,Ambrosoli,pambrosolieh@msn.com,Female,68.206.119.104
523,Linn,Lowless,llowlessei@cbsnews.com,Male,7.211.2.208
524,Augie,Tytherton,atythertonej@oracle.com,Male,26.200.88.172
525,Lloyd,Lester,llesterek@imdb.com,Male,218.9.24.109
526,Sigvard,Birtwell,sbirtwellel@eventbrite.com,Male,64.154.185.54
527,Ham,Ellard,hellardem@guardian.co.uk,Male,40.73.25.255
528,Mallorie,Wicklen,mwicklenen@craigslist.org,Female,226.28.117.18
529,Aeriel,Ripsher,aripshereo@answers.com,Female,51.125.23.151
530,Marne,Genders,mgendersep@ycombinator.com,Female,181.153.199.38
531,Jennee,Giblin,jgiblineq@redcross.org,Female,141.72.176.5
532,Rhys,Barfield,rbarfielder@ucoz.com,Male,146.197.20.21
533,Ralph,Vereker,rverekeres@imdb.com,Male,108.153.105.171
534,Abbe,Rive,ariveet@apple.com,Male,225.222.116.230
535,Rora,Izac,rizaceu@jimdo.com,Female,215.28.96.136
536,Connie,Boden,cbodenev@google.pl,Male,103.43.255.177
537,Port,Stickley,pstickleyew@princeton.edu,Male,201.245.208.9
538,Ezechiel,Scrimgeour,escrimgeourex@over-blog.com,Male,4.131.235.184
539,Camellia,Lemmanbie,clemmanbieey@nyu.edu,Female,10.199.95.237
540,Mortie,Seydlitz,mseydlitzez@macromedia.com,Male,215.192.113.51
541,Guinevere,Purdie,gpurdief0@dedecms.com,Female,0.215.46.67
542,Desirae,Sprigg,dspriggf1@hatena.ne.jp,Female,88.55.251.27
543,Diane-marie,Pynner,dpynnerf2@dot.gov,Female,142.42.40.217
544,Marcellus,Marcu,mmarcuf3@cyberchimps.com,Male,135.179.11.120
545,Robinet,Barkway,rbarkwayf4@networksolutions.com,Male,150.233.167.176
546,West,Morales,wmoralesf5@weibo.com,Male,159.36.63.85
547,Isidore,Goddman,igoddmanf6@admin.ch,Male,123.152.232.79
548,Sammie,Egle,seglef7@wiley.com,Male,188.177.149.181
549,Cherilyn,O'Cullen,cocullenf8@usatoday.com,Female,208.96.96.143
550,Wood,Sansbury,wsansburyf9@independent.co.uk,Male,253.229.50.2
551,Carce,Nulty,cnultyfa@accuweather.com,Male,160.218.122.165
552,Dana,Tizzard,dtizzardfb@g.co,Female,95.37.32.13
553,Minor,Gillibrand,mgillibrandfc@prweb.com,Male,89.172.145.26
554,Brook,Scamerden,bscamerdenfd@live.com,Female,164.60.75.112
555,Julee,Dumphries,jdumphriesfe@bandcamp.com,Female,222.137.16.193
556,Ladonna,Withey,lwitheyff@aboutads.info,Genderqueer,212.141.125.245
557,Korella,Le Surf,klesurffg@xing.com,Female,229.190.92.187
558,Lawrence,Shatliffe,lshatliffefh@shinystat.com,Male,87.207.158.193
559,Becca,Etchingham,betchinghamfi@soundcloud.com,Female,200.85.209.20
560,Brunhilda,Comford,bcomfordfj@ca.gov,Female,233.21.78.193
561,Stepha,Waddingham,swaddinghamfk@amazon.co.uk,Female,5.88.5.64
562,Zelma,Bartleman,zbartlemanfl@wisc.edu,Female,58.52.238.133
563,Shanan,Mcettrick,smcettrickfm@phpbb.com,Male,236.86.50.153
564,Taryn,Pardey,tpardeyfn@usgs.gov,Female,4.10.89.200
565,Beret,Theuff,btheufffo@usatoday.com,Female,224.84.221.252
566,Grazia,Swanborrow,gswanborrowfp@sciencedirect.com,Female,82.200.0.52
567,Cheston,Stinton,cstintonfq@opensource.org,Male,49.115.250.35
568,Kain,Witheridge,kwitheridgefr@dmoz.org,Male,61.111.110.115
569,Modesta,Furzer,mfurzerfs@example.com,Female,57.51.143.26
570,Roch,Manz,rmanzft@toplist.cz,Female,86.88.191.204
571,Grace,Gammon,ggammonfu@sina.com.cn,Male,50.148.241.22
572,Jayson,Kobierski,jkobierskifv@feedburner.com,Non-binary,8.174.192.70
573,Ibbie,Dunniom,idunniomfw@godaddy.com,Female,153.44.4.77
574,Sandi,Burton,sburtonfx@php.net,Female,54.153.53.101
575,Elsie,Flips,eflipsfy@live.com,Non-binary,36.77.158.25
576,Hedy,Mathissen,hmathissenfz@salon.com,Female,195.45.231.130
577,Arnie,Harpham,aharphamg0@youtube.com,Male,45.170.116.24
578,Olga,Rennison,orennisong1@earthlink.net,Female,213.153.131.212
579,Audry,Nono,anonog2@msn.com,Female,18.216.104.30
580,Ban,Menlow,bmenlowg3@businessweek.com,Male,105.164.171.155
581,Clemence,Flaubert,cflaubertg4@slashdot.org,Female,173.210.39.139
582,Myrah,Delacote,mdelacoteg5@businessinsider.com,Female,119.136.45.111
583,Arnaldo,Aingel,aaingelg6@blog.com,Genderfluid,70.16.61.87
584,Damien,Wrixon,dwrixong7@google.ca,Agender,130.12.8.158
585,Darnall,McGarvie,dmcgarvieg8@blogspot.com,Male,6.25.218.98
586,Kerwin,Petrazzi,kpetrazzig9@tuttocitta.it,Male,109.203.66.215
587,Tobye,Duckitt,tduckittga@goo.ne.jp,Genderfluid,28.149.173.67
588,Magdalene,Kneller,mknellergb@reverbnation.com,Female,3.155.66.212
589,Carmen,Leisman,cleismangc@opensource.org,Female,84.247.167.52
590,Nico,Zambon,nzambongd@mail.ru,Male,146.208.47.80
591,Albina,Milnthorpe,amilnthorpege@ucsd.edu,Genderfluid,123.50.206.176
592,Stearne,Smees,ssmeesgf@va.gov,Male,155.170.216.197
593,Ilene,McCrann,imccranngg@privacy.gov.au,Female,180.229.119.225
594,Marna,Rosendorf,mrosendorfgh@dmoz.org,Female,67.189.179.140
595,Vick,Faulks,vfaulksgi@shareasale.com,Male,23.79.76.106
596,Raphael,Meas,rmeasgj@wunderground.com,Male,128.97.156.166
597,Charmine,Ruffli,cruffligk@amazon.com,Female,246.50.201.34
598,Rosalinde,Shorto,rshortogl@newsvine.com,Female,204.162.4.158
599,Weylin,Menis,wmenisgm@oakley.com,Male,155.47.249.34
600,Valdemar,Clemenzi,vclemenzign@guardian.co.uk,Male,13.8.20.143
601,Craggie,Ply,cplygo@howstuffworks.com,Male,6.157.241.119
602,Brennen,Dimsdale,bdimsdalegp@google.com.hk,Male,225.4.97.201
603,Danny,Sealey,dsealeygq@friendfeed.com,Female,36.104.24.170
604,Adelind,Benham,abenhamgr@hexun.com,Female,245.128.203.161
605,Loree,Marcam,lmarcamgs@youtube.com,Female,65.87.242.216
606,Pacorro,Bezant,pbezantgt@taobao.com,Male,239.174.96.27
607,Woodman,Moulding,wmouldinggu@usa.gov,Male,225.212.172.160
608,Fran,Barstock,fbarstockgv@w3.org,Female,33.220.49.201
609,Arch,Dennis,adennisgw@tripod.com,Male,251.191.211.24
610,Olly,Checketts,ocheckettsgx@privacy.gov.au,Agender,116.186.23.216
611,Berti,Feige,bfeigegy@google.com,Female,18.255.169.157
612,Clayton,Drejer,cdrejergz@deviantart.com,Male,21.222.77.95
613,Onfroi,Billson,obillsonh0@who.int,Male,250.189.47.152
614,Correy,Neumann,cneumannh1@walmart.com,Female,104.55.193.108
615,Devonne,Hubbart,dhubbarth2@theglobeandmail.com,Female,153.135.24.85
616,Brigham,Augur,baugurh3@facebook.com,Male,166.232.15.31
617,Anny,Humbee,ahumbeeh4@newyorker.com,Female,66.247.5.15
618,Carolyne,Crangle,ccrangleh5@foxnews.com,Female,213.248.82.137
619,Seka,Hardiman,shardimanh6@zdnet.com,Female,159.53.95.159
620,Susanne,Brymner,sbrymnerh7@drupal.org,Female,172.6.253.43
621,Marj,Mourge,mmourgeh8@europa.eu,Female,44.105.8.137
622,Greg,Lidgate,glidgateh9@ft.com,Male,5.59.223.151
623,Misti,Heinicke,mheinickeha@omniture.com,Agender,93.133.186.117
624,Freeland,Sidgwick,fsidgwickhb@fotki.com,Male,116.53.12.26
625,Pooh,Maltby,pmaltbyhc@amazon.de,Male,111.81.244.120
626,Dukey,Bruton,dbrutonhd@shutterfly.com,Bigender,104.83.81.86
627,Henrietta,Cadore,hcadorehe@cnbc.com,Female,77.219.188.201
628,Velma,Palatini,vpalatinihf@marketwatch.com,Female,180.221.209.49
629,Hasty,Kennicott,hkennicotthg@sitemeter.com,Male,146.128.173.239
630,Hewie,Winslow,hwinslowhh@oracle.com,Male,61.1.65.142
631,Gorden,Kauschke,gkauschkehi@europa.eu,Male,230.76.148.75
632,Nicoli,Alesin,nalesinhj@wikia.com,Female,5.50.8.131
633,Darrel,McGragh,dmcgraghhk@chicagotribune.com,Male,144.240.107.71
634,Alvira,Dampney,adampneyhl@cnet.com,Female,200.112.52.245
635,Seth,Priddie,spriddiehm@hud.gov,Male,116.179.33.0
636,Reeta,Monteath,rmonteathhn@goodreads.com,Female,168.231.193.201
637,Fred,Hembrow,fhembrowho@marriott.com,Female,193.11.156.49
638,Goraud,Reichert,greicherthp@psu.edu,Male,176.74.190.62
639,Farrah,Regler,freglerhq@prlog.org,Female,195.72.92.93
640,Gradey,Romayn,gromaynhr@flickr.com,Male,39.15.24.169
641,Celesta,Mendus,cmendushs@yellowpages.com,Female,109.17.197.228
642,Yale,Waterstone,ywaterstoneht@omniture.com,Male,198.159.151.95
643,Dewain,Thomkins,dthomkinshu@forbes.com,Male,58.159.59.131
644,Nicolais,Cornford,ncornfordhv@deviantart.com,Male,196.185.53.89
645,Emelda,Jenoure,ejenourehw@yale.edu,Female,194.134.120.187
646,Charmian,Keppin,ckeppinhx@so-net.ne.jp,Agender,41.204.192.100
647,Lynde,Bodycote,lbodycotehy@blinklist.com,Female,42.163.98.247
648,Norry,Gumley,ngumleyhz@trellian.com,Male,83.127.94.184
649,Corbett,Manueau,cmanueaui0@wikipedia.org,Male,21.208.242.138
650,Ashlin,Kenefick,akeneficki1@state.tx.us,Polygender,209.114.132.43
651,Hy,Vanner,hvanneri2@economist.com,Male,172.10.206.156
652,Jacenta,Rioch,jriochi3@census.gov,Female,119.216.199.195
653,Jacynth,Whetnell,jwhetnelli4@storify.com,Female,246.243.186.15
654,Ceil,Davion,cdavioni5@meetup.com,Female,25.120.97.153
655,Frasquito,Grotty,fgrottyi6@cdbaby.com,Male,170.99.4.199
656,Meridith,Kubacki,mkubackii7@marketwatch.com,Female,191.203.75.81
657,Kennedy,Keppe,kkeppei8@arizona.edu,Male,55.137.183.222
658,Dalston,Tremaine,dtremainei9@nih.gov,Agender,92.124.68.172
659,Haven,Swanson,hswansonia@google.pl,Male,219.83.77.153
660,Pippo,Kyles,pkylesib@constantcontact.com,Male,187.121.60.158
661,Bayard,Renish,brenishic@google.com,Male,104.219.104.91
662,Rutherford,Killen,rkillenid@icq.com,Male,243.151.46.199
663,Elbertina,Blakeslee,eblakesleeie@chicagotribune.com,Female,110.130.244.111
664,Clarissa,Gwinnel,cgwinnelif@census.gov,Female,99.185.69.151
665,Erinna,McArdle,emcardleig@bloglines.com,Female,187.130.226.236
666,Arda,Slesser,aslesserih@typepad.com,Female,124.1.167.97
667,Clemens,Lowerson,clowersonii@huffingtonpost.com,Genderqueer,72.25.134.121
668,Ivy,Bozward,ibozwardij@quantcast.com,Female,191.25.209.102
669,Marguerite,Hooke,mhookeik@ox.ac.uk,Female,129.54.151.76
670,Bonnee,Wodham,bwodhamil@auda.org.au,Female,109.184.158.74
671,Bryna,Patrono,bpatronoim@bluehost.com,Bigender,102.89.237.110
672,Dori,MacDowall,dmacdowallin@blogtalkradio.com,Female,109.74.17.162
673,Cirillo,Wadie,cwadieio@tmall.com,Male,226.219.67.108
674,Leonid,Schowenburg,lschowenburgip@ucsd.edu,Male,206.27.78.208
675,Con,Bladen,cbladeniq@boston.com,Female,74.248.116.31
676,Maren,Gerrie,mgerrieir@un.org,Female,217.233.143.22
677,Avis,Feronet,aferonetis@usgs.gov,Female,47.232.116.171
678,Charlotta,Catlin,ccatlinit@simplemachines.org,Female,57.81.74.178
679,Kitti,Caldwell,kcaldwelliu@bbc.co.uk,Female,242.154.156.74
680,Aprilette,Cosgry,acosgryiv@tiny.cc,Female,50.77.178.162
681,Bobine,Rowatt,browattiw@live.com,Female,16.181.246.113
682,Lin,Overstall,loverstallix@utexas.edu,Male,62.19.150.177
683,Elysia,Kitchaside,ekitchasideiy@e-recht24.de,Female,63.175.151.197
684,Zahara,Geroldini,zgeroldiniiz@stumbleupon.com,Female,79.0.203.254
685,Luisa,Davidavidovics,ldavidavidovicsj0@uiuc.edu,Female,151.201.25.208
686,Lyon,Gradwell,lgradwellj1@opera.com,Male,65.177.108.160
687,Sanford,Cords,scordsj2@msu.edu,Male,122.166.147.220
688,Clemmie,Louden,cloudenj3@yahoo.co.jp,Female,112.67.48.215
689,Mozes,Shitliff,mshitliffj4@apache.org,Male,210.173.38.19
690,Claude,Rolinson,crolinsonj5@apple.com,Female,240.127.90.27
691,Travis,Wetherick,twetherickj6@seattletimes.com,Male,239.163.195.230
692,Ammamaria,Fessby,afessbyj7@taobao.com,Female,87.65.89.29
693,Colan,Zambonini,czamboninij8@hp.com,Male,86.227.56.24
694,Ambros,Arnowicz,aarnowiczj9@ameblo.jp,Male,142.223.104.198
695,Early,Axby,eaxbyja@4shared.com,Male,81.232.136.65
696,Gail,Verchambre,gverchambrejb@alexa.com,Female,179.37.157.238
697,Parsifal,Willcock,pwillcockjc@indiegogo.com,Male,184.110.200.150
698,Drusi,McGuffie,dmcguffiejd@google.de,Genderfluid,247.74.169.53
699,Michaeline,Jobke,mjobkeje@toplist.cz,Female,101.42.227.226
700,Joshia,Wallworth,jwallworthjf@mapquest.com,Male,83.177.65.12
701,Currey,Elias,celiasjg@altervista.org,Non-binary,183.125.167.197
702,Constanta,Ciciotti,cciciottijh@msu.edu,Female,179.39.139.127
703,Samara,Caney,scaneyji@typepad.com,Female,135.249.36.246
704,Marcelle,Drewett,mdrewettjj@umn.edu,Non-binary,82.244.27.106
705,Gerry,Willcocks,gwillcocksjk@cdbaby.com,Female,131.141.247.81
706,Jermayne,Grinikhin,jgrinikhinjl@desdev.cn,Male,251.75.4.2
707,Flint,Caldaro,fcaldarojm@google.cn,Male,119.109.144.247
708,Reyna,Pionter,rpionterjn@wisc.edu,Female,110.234.192.199
709,Lindsay,Van Driel,lvandrieljo@rambler.ru,Female,218.4.223.15
710,Thaxter,Nijssen,tnijssenjp@dot.gov,Male,239.169.201.255
711,Filmore,Elizabeth,felizabethjq@howstuffworks.com,Male,224.234.29.12
712,Bree,Eyree,beyreejr@clickbank.net,Agender,140.201.205.180
713,Chuck,Basezzi,cbasezzijs@homestead.com,Male,227.223.122.80
714,Tommi,Thorp,tthorpjt@amazon.de,Female,13.29.123.91
715,Noelani,Theseira,ntheseiraju@edublogs.org,Female,200.10.9.78
716,Cooper,Yaxley,cyaxleyjv@google.de,Male,139.144.252.14
717,Keith,Brew,kbrewjw@wunderground.com,Male,48.79.242.28
718,Misha,Leythley,mleythleyjx@yellowbook.com,Female,87.185.12.36
719,Osborne,Chatainier,ochatainierjy@arizona.edu,Male,222.145.131.96
720,Rachel,Heardman,rheardmanjz@ted.com,Female,206.128.116.146
721,Cissiee,Hunnybun,chunnybunk0@tinypic.com,Female,91.214.93.134
722,Sibilla,Gannicott,sgannicottk1@artisteer.com,Female,61.15.177.5
723,Susanetta,Talby,stalbyk2@phpbb.com,Genderqueer,19.37.192.89
724,Abie,Rumford,arumfordk3@ucla.edu,Male,22.16.51.131
725,Shaun,Wilder,swilderk4@nbcnews.com,Female,62.136.179.65
726,Wiley,Helliar,whelliark5@bloglines.com,Male,126.46.248.143
727,Bordy,Gobbet,bgobbetk6@jigsy.com,Male,158.37.189.126
728,Caitrin,Jarnell,cjarnellk7@shinystat.com,Agender,19.154.169.118
729,Shae,Baugham,sbaughamk8@1688.com,Male,47.7.17.104
730,Nonie,Grummitt,ngrummittk9@hexun.com,Female,126.7.53.212
731,Electra,Danelut,edanelutka@shinystat.com,Female,214.241.249.147
732,Jenni,Stutter,jstutterkb@google.cn,Bigender,128.198.1.158
733,Sanford,D'Orsay,sdorsaykc@deliciousdays.com,Male,205.179.133.91
734,Conan,Bunston,cbunstonkd@addthis.com,Male,18.185.226.13
735,Charlene,Parks,cparkske@networksolutions.com,Female,3.144.89.133
736,Stewart,Gordon-Giles,sgordongileskf@epa.gov,Male,59.40.24.68
737,Pepillo,Pettyfar,ppettyfarkg@miibeian.gov.cn,Male,142.23.133.130
738,Averell,Coit,acoitkh@zimbio.com,Male,12.183.164.237
739,Robbie,Tenny,rtennyki@wunderground.com,Agender,25.89.181.111
740,Jilleen,Binnie,jbinniekj@mlb.com,Female,237.237.76.79
741,Clemmy,Swales,cswaleskk@tmall.com,Male,87.52.35.27
742,Rebbecca,Gate,rgatekl@redcross.org,Genderfluid,254.132.77.253
743,Lemuel,Golder,lgolderkm@yolasite.com,Male,9.176.250.47
744,Ilario,Haitlie,ihaitliekn@mozilla.org,Male,241.155.130.116
745,Darnall,Monketon,dmonketonko@independent.co.uk,Male,54.73.173.163
746,Napoleon,Stenners,nstennerskp@symantec.com,Male,67.100.212.41
747,Keen,Maddicks,kmaddickskq@cmu.edu,Male,112.21.31.71
748,Tabbi,Poynzer,tpoynzerkr@statcounter.com,Female,249.50.221.210
749,Stearne,Lucock,slucockks@joomla.org,Male,231.230.150.49
750,Tatiana,Trawin,ttrawinkt@icq.com,Female,212.169.194.186
751,Justino,Corck,jcorckku@skype.com,Male,171.50.126.168
752,Obie,Dadge,odadgekv@live.com,Genderqueer,208.174.171.122
753,Malinda,Abazi,mabazikw@yellowbook.com,Female,83.7.6.187
754,Farrah,Widdowson,fwiddowsonkx@geocities.com,Female,56.104.199.120
755,Clemmy,Gionettitti,cgionettittiky@dagondesign.com,Male,137.254.55.195
756,Gifford,Ertelt,gerteltkz@sphinn.com,Male,90.189.27.28
757,Ashla,O'Longain,aolongainl0@liveinternet.ru,Female,133.74.233.15
758,Alfonse,Bernaldez,abernaldezl1@tiny.cc,Male,198.94.15.23
759,Jere,Lumber,jlumberl2@pbs.org,Female,187.157.240.248
760,Frayda,Eirwin,feirwinl3@simplemachines.org,Female,232.126.226.126
761,Lilllie,Koppelmann,lkoppelmannl4@i2i.jp,Female,240.24.25.37
762,Ulric,Marusic,umarusicl5@dyndns.org,Male,142.211.245.151
763,Harwell,Josefsson,hjosefssonl6@myspace.com,Male,25.51.182.236
764,Junie,Prine,jprinel7@feedburner.com,Female,248.210.182.113
765,Harrietta,Oxterby,hoxterbyl8@jalbum.net,Female,242.31.43.208
766,Ciro,Hopkynson,chopkynsonl9@fastcompany.com,Male,30.11.85.137
767,Penelopa,Besson,pbessonla@flickr.com,Female,80.148.121.6
768,Shanie,Rubinsky,srubinskylb@wikipedia.org,Female,221.115.82.39
769,Kynthia,Rothermel,krothermellc@facebook.com,Female,30.108.70.69
770,Stormie,Jefferys,sjefferysld@youku.com,Female,232.18.248.11
771,Esmaria,Bater,ebaterle@domainmarket.com,Female,176.146.75.11
772,Nero,Lambol,nlambollf@chronoengine.com,Male,224.230.66.40
773,Baldwin,Kleinschmidt,bkleinschmidtlg@house.gov,Male,214.196.249.162
774,Jedediah,Hain,jhainlh@uol.com.br,Male,53.53.203.81
775,Pietrek,Botright,pbotrightli@vkontakte.ru,Male,182.190.217.129
776,Dinah,Frackiewicz,dfrackiewiczlj@whitehouse.gov,Female,131.197.193.119
777,Mariquilla,Gillott,mgillottlk@epa.gov,Polygender,128.182.124.17
778,Simonette,Hollyard,shollyardll@nature.com,Female,146.39.163.111
779,Aleksandr,Purselowe,apurselowelm@yahoo.com,Genderqueer,109.183.183.181
780,Helene,Caldaro,hcaldaroln@cafepress.com,Female,13.150.230.38
781,Malanie,Brady,mbradylo@privacy.gov.au,Female,41.100.51.51
782,Normie,Boustred,nboustredlp@springer.com,Male,214.190.204.148
783,Ellie,Hullett,ehullettlq@ibm.com,Female,252.88.83.91
784,Edin,Ivens,eivenslr@archive.org,Female,215.87.5.101
785,Querida,Tipple,qtipplels@reverbnation.com,Female,79.108.177.213
786,Mala,Bendle,mbendlelt@seattletimes.com,Female,22.71.5.37
787,Violetta,Gutsell,vgutselllu@last.fm,Female,108.208.136.134
788,Cammy,Spilsburie,cspilsburielv@omniture.com,Female,10.115.92.68
789,Xever,Ranaghan,xranaghanlw@163.com,Non-binary,129.152.33.202
790,Hilda,Estoile,hestoilelx@oakley.com,Female,39.121.49.31
791,Saundra,Boast,sboastly@taobao.com,Bigender,40.61.221.138
792,Shir,Hodjetts,shodjettslz@bizjournals.com,Female,103.89.170.84
793,Alphard,Bradwell,abradwellm0@baidu.com,Male,23.26.250.124
794,Melita,Ripon,mriponm1@wikispaces.com,Female,9.59.148.172
795,Paco,Lanmeid,planmeidm2@ycombinator.com,Male,7.87.253.117
796,Averell,Pope,apopem3@clickbank.net,Male,228.215.172.248
797,Anneliese,Gaveltone,agaveltonem4@mysql.com,Female,197.72.93.70
798,Joni,Carden,jcardenm5@shutterfly.com,Female,184.216.48.58
799,Jobyna,Barnaby,jbarnabym6@amazon.co.jp,Female,233.74.93.243
800,Lorrin,Easdon,leasdonm7@nytimes.com,Female,85.78.90.108
801,Arie,Radish,aradishm8@elpais.com,Male,238.22.30.89
802,Manny,Moxley,mmoxleym9@chron.com,Agender,118.140.197.161
803,Cynthea,Menlow,cmenlowma@apple.com,Female,157.26.136.37
804,Crystie,Kitchaside,ckitchasidemb@tinypic.com,Female,82.237.38.107
805,Free,Geffinger,fgeffingermc@va.gov,Male,207.122.140.224
806,Dimitry,Linguard,dlinguardmd@arizona.edu,Male,209.73.125.83
807,Luca,Janks,ljanksme@npr.org,Male,203.176.5.145
808,Waneta,Sayse,wsaysemf@shutterfly.com,Female,207.252.40.120
809,Alyda,Gounet,agounetmg@symantec.com,Female,102.188.96.128
810,Abelard,Archdeckne,aarchdecknemh@uiuc.edu,Male,126.174.182.177
811,Constancia,Lovart,clovartmi@home.pl,Female,103.28.110.28
812,Maximilianus,Kehri,mkehrimj@barnesandnoble.com,Male,133.100.219.221
813,Alvy,Bagshaw,abagshawmk@paginegialle.it,Male,190.106.153.22
814,Haywood,Bowman,hbowmanml@jimdo.com,Male,190.243.51.170
815,Kristi,Stokey,kstokeymm@issuu.com,Female,26.101.170.181
816,Dodie,Adicot,dadicotmn@who.int,Female,243.147.232.11
817,Anselm,Ervin,aervinmo@biglobe.ne.jp,Male,217.157.217.253
818,Pierre,Ficken,pfickenmp@google.co.uk,Male,23.52.109.197
819,Lorilee,Geerdts,lgeerdtsmq@jigsy.com,Female,150.8.145.103
820,Eli,Folomin,efolominmr@imageshack.us,Agender,171.152.207.230
821,Justinn,Cardoo,jcardooms@hud.gov,Female,4.152.97.99
822,Jacquenette,Turpin,jturpinmt@addthis.com,Agender,131.112.147.140
823,Stephana,Warbeys,swarbeysmu@pagesperso-orange.fr,Female,30.1.148.42
824,Steve,Reims,sreimsmv@miibeian.gov.cn,Male,243.74.138.135
825,Britni,Pestridge,bpestridgemw@people.com.cn,Female,87.104.161.75
826,Ikey,Alvis,ialvismx@utexas.edu,Male,187.42.158.206
827,Randi,Ghirigori,rghirigorimy@java.com,Female,162.145.114.109
828,Jacintha,Pillans,jpillansmz@themeforest.net,Bigender,165.118.129.80
829,Quinn,Haggarty,qhaggartyn0@webmd.com,Female,246.52.24.158
830,Maxy,Baddeley,mbaddeleyn1@cnn.com,Male,206.101.132.97
831,Gwyn,Warmisham,gwarmishamn2@opera.com,Female,61.253.118.110
832,Isaac,Taylorson,itaylorsonn3@soup.io,Male,17.148.43.39
833,Remington,Newrick,rnewrickn4@ft.com,Male,68.4.90.45
834,Bryon,Speechly,bspeechlyn5@cbc.ca,Male,64.38.161.66
835,Starlin,Dedney,sdedneyn6@apache.org,Female,49.186.111.116
836,Wini,Speake,wspeaken7@mozilla.com,Non-binary,68.90.19.65
837,Terrye,Beese,tbeesen8@privacy.gov.au,Female,187.19.220.188
838,Joice,Iacovielli,jiacoviellin9@1688.com,Female,115.87.105.246
839,Viola,Jarrel,vjarrelna@accuweather.com,Female,96.111.89.57
840,Delano,Shaxby,dshaxbynb@domainmarket.com,Male,211.179.248.8
841,Ailbert,Kordt,akordtnc@illinois.edu,Male,190.43.77.249
842,Rianon,Henriquet,rhenriquetnd@rambler.ru,Female,3.77.240.76
843,Samson,Matzaitis,smatzaitisne@chron.com,Male,182.189.35.2
844,Kristyn,Robjant,krobjantnf@aboutads.info,Female,41.206.30.91
845,Errol,Fuzzens,efuzzensng@studiopress.com,Male,74.93.128.85
846,Caesar,Petts,cpettsnh@dailymail.co.uk,Non-binary,190.75.46.122
847,Milissent,Etherington,metheringtonni@blogger.com,Female,123.218.170.30
848,Nobe,Pascho,npaschonj@hatena.ne.jp,Bigender,32.44.60.22
849,Parrnell,Simper,psimpernk@t-online.de,Male,21.24.159.225
850,Horace,Howlings,hhowlingsnl@home.pl,Male,192.239.155.241
851,Reine,Lamartine,rlamartinenm@feedburner.com,Female,182.32.12.53
852,Albertina,Glencros,aglencrosnn@illinois.edu,Female,240.248.14.100
853,Delia,Mozzetti,dmozzettino@geocities.com,Female,31.173.79.247
854,Worthington,O'Quin,woquinnp@tumblr.com,Male,226.205.47.33
855,Micheil,D'Antonio,mdantonionq@kickstarter.com,Male,118.114.25.140
856,Siobhan,Elliman,sellimannr@elegantthemes.com,Female,80.80.171.58
857,Ramon,Poter,rpoterns@fotki.com,Male,96.63.173.187
858,Milzie,Wixon,mwixonnt@mit.edu,Female,195.179.42.232
859,Eddy,Brosetti,ebrosettinu@google.de,Non-binary,78.220.83.176
860,Stillman,Granham,sgranhamnv@livejournal.com,Male,25.140.54.226
861,Bryan,Gherarducci,bgherarduccinw@nature.com,Polygender,240.165.114.142
862,Dur,Yakobovicz,dyakobovicznx@taobao.com,Male,138.158.31.115
863,Cally,Grut,cgrutny@clickbank.net,Female,211.96.28.248
864,Karna,Kubiak,kkubiaknz@baidu.com,Female,27.34.116.247
865,Fredi,Scowcraft,fscowcrafto0@diigo.com,Female,133.154.240.213
866,Grazia,Parnall,gparnallo1@t-online.de,Female,35.66.52.102
867,Skipton,Mirams,smiramso2@topsy.com,Male,42.74.68.79
868,Aland,M'Barron,ambarrono3@devhub.com,Male,130.191.75.220
869,Nickolai,Murtell,nmurtello4@mapy.cz,Male,73.196.127.250
870,Cristionna,Braycotton,cbraycottono5@wix.com,Female,109.255.75.105
871,Hillard,Tench,htencho6@timesonline.co.uk,Male,161.149.21.161
872,Rori,Jobson,rjobsono7@nasa.gov,Female,182.16.125.60
873,Greta,Thaxter,gthaxtero8@reddit.com,Female,157.217.29.181
874,Kris,Dumphries,kdumphrieso9@xinhuanet.com,Female,11.14.88.56
875,Cordie,Gurden,cgurdenoa@slashdot.org,Male,223.170.90.147
876,Misha,Benning,mbenningob@redcross.org,Female,211.178.228.10
877,Maryann,Mortel,mmorteloc@economist.com,Female,219.241.223.196
878,Chastity,Wickstead,cwicksteadod@cbsnews.com,Female,207.150.242.186
879,Keary,Jepperson,kjeppersonoe@yolasite.com,Male,7.93.23.38
880,Dimitri,Campling,dcamplingof@mit.edu,Male,226.1.165.173
881,Luciano,Valerio,lvalerioog@seattletimes.com,Male,176.148.232.48
882,Roland,Feakins,rfeakinsoh@zdnet.com,Male,44.170.244.103
883,Craig,Gilberthorpe,cgilberthorpeoi@uol.com.br,Male,193.206.213.234
884,Arlyne,Chaundy,achaundyoj@so-net.ne.jp,Female,91.187.38.168
885,Merill,McGowan,mmcgowanok@hatena.ne.jp,Male,243.70.10.13
886,Chad,McConnulty,cmcconnultyol@barnesandnoble.com,Female,92.113.196.208
887,Kin,Nornable,knornableom@usda.gov,Male,241.21.129.96
888,Ingram,Jesson,ijessonon@cnbc.com,Genderfluid,139.13.130.174
889,Maximilien,McSparran,mmcsparranoo@google.it,Male,150.240.184.198
890,Demetria,Williams,dwilliamsop@theatlantic.com,Female,28.162.148.74
891,Aurlie,Helkin,ahelkinoq@cornell.edu,Female,219.228.68.63
892,Elaina,Rubroe,erubroeor@list-manage.com,Female,199.112.244.79
893,Ashby,Uphill,auphillos@nhs.uk,Male,236.226.193.122
894,Kurt,Buckley,kbuckleyot@jalbum.net,Male,255.3.144.107
895,Archibold,Pizzey,apizzeyou@disqus.com,Male,56.48.167.105
896,Demeter,Clues,dcluesov@cocolog-nifty.com,Female,251.224.136.222
897,Ricardo,Dartnell,rdartnellow@miibeian.gov.cn,Male,3.221.157.66
898,Nessy,Hughes,nhughesox@redcross.org,Female,38.78.79.193
899,Bobette,Gawthrop,bgawthropoy@dion.ne.jp,Female,146.127.34.210
900,Ingemar,Kersey,ikerseyoz@sciencedirect.com,Male,191.214.151.251
901,Blake,Gronno,bgronnop0@github.io,Female,201.37.81.77
902,Torrance,Fery,tferyp1@sbwire.com,Male,255.220.65.55
903,Brook,Lomond,blomondp2@posterous.com,Male,112.233.227.54
904,Ennis,Bartke,ebartkep3@eepurl.com,Male,168.36.249.127
905,Jacklin,Coghill,jcoghillp4@i2i.jp,Female,2.233.142.66
906,Dominick,Hanigan,dhaniganp5@nationalgeographic.com,Male,201.94.35.171
907,Anselm,Noirel,anoirelp6@soup.io,Male,181.106.56.188
908,Justen,Shurville,jshurvillep7@earthlink.net,Male,133.225.131.25
909,Cristobal,Emmert,cemmertp8@altervista.org,Male,157.59.11.205
910,Gearalt,Diament,gdiamentp9@imageshack.us,Male,243.190.128.180
911,Cherye,Vasenkov,cvasenkovpa@nationalgeographic.com,Female,250.65.100.199
912,Feliks,Facey,ffaceypb@nationalgeographic.com,Male,78.127.227.95
913,Fallon,Diffley,fdiffleypc@quantcast.com,Female,51.137.157.251
914,Welbie,MacAskie,wmacaskiepd@patch.com,Polygender,35.68.42.14
915,Annalee,Portugal,aportugalpe@ycombinator.com,Female,110.217.191.63
916,Michaeline,Kinnerley,mkinnerleypf@phoca.cz,Bigender,222.191.139.107
917,Aigneis,Maharry,amaharrypg@fda.gov,Female,104.32.121.19
918,Sidoney,Rippingale,srippingaleph@blogtalkradio.com,Female,32.59.118.17
919,Wallis,Bartod,wbartodpi@is.gd,Male,139.24.36.174
920,Sherrie,Gillease,sgilleasepj@netvibes.com,Female,249.0.155.64
921,Reilly,Fulle,rfullepk@guardian.co.uk,Male,13.48.170.240
922,Kiel,Heskey,kheskeypl@businesswire.com,Non-binary,242.121.57.48
923,Ardene,Trevain,atrevainpm@google.co.jp,Female,203.191.105.197
924,Timothea,Cavilla,tcavillapn@smugmug.com,Female,211.7.41.178
925,Knox,Dechelette,kdechelettepo@noaa.gov,Bigender,166.29.232.102
926,Bartie,McKillop,bmckilloppp@ed.gov,Male,242.115.13.47
927,Panchito,Dowsett,pdowsettpq@ibm.com,Male,238.46.154.161
928,Jorie,Tyre,jtyrepr@over-blog.com,Female,114.74.152.58
929,Dacie,Codd,dcoddps@symantec.com,Female,123.141.193.68
930,Maximilien,Cariss,mcarisspt@google.com.hk,Male,27.245.77.131
931,Elga,Thick,ethickpu@yellowpages.com,Female,202.220.107.168
932,Ivy,Sirey,isireypv@google.com.hk,Female,3.46.32.92
933,Corenda,Joscelin,cjoscelinpw@dell.com,Female,12.255.218.82
934,Skyler,Hessle,shesslepx@lulu.com,Bigender,58.97.65.232
935,Currie,Wigmore,cwigmorepy@google.cn,Male,83.34.250.64
936,Bren,Giovannacci,bgiovannaccipz@ehow.com,Female,72.16.15.3
937,Powell,Scudder,pscudderq0@godaddy.com,Male,69.2.97.44
938,Dominica,Muffen,dmuffenq1@skype.com,Genderfluid,2.199.14.188
939,Byram,Stear,bstearq2@kickstarter.com,Male,179.15.35.165
940,Farris,Couch,fcouchq3@yolasite.com,Male,235.98.195.226
941,Jolee,Levesque,jlevesqueq4@amazon.de,Female,201.53.47.73
942,Evin,Guyan,eguyanq5@theguardian.com,Polygender,77.171.144.178
943,Sarajane,Brugemann,sbrugemannq6@disqus.com,Female,199.125.243.9
944,Rafaelita,Colebourn,rcolebournq7@gmpg.org,Female,199.40.131.37
945,Menard,Aron,maronq8@naver.com,Male,109.159.43.1
946,Holmes,Sheldon,hsheldonq9@live.com,Male,95.204.102.55
947,Marsiella,Lampett,mlampettqa@miitbeian.gov.cn,Female,228.25.199.122
948,Berky,Tuerena,btuerenaqb@cnbc.com,Male,141.174.77.110
949,Abbe,Merlin,amerlinqc@sbwire.com,Male,146.166.221.151
950,Mikel,Heap,mheapqd@cornell.edu,Agender,191.177.175.93
951,Franz,Wheelton,fwheeltonqe@imgur.com,Male,189.184.140.200
952,Clio,Cheine,ccheineqf@ameblo.jp,Female,98.228.255.206
953,Daryle,Kelston,dkelstonqg@upenn.edu,Male,2.249.14.25
954,Brantley,Manning,bmanningqh@edublogs.org,Male,23.97.14.3
955,Abbie,McMenemy,amcmenemyqi@myspace.com,Female,16.174.125.242
956,Filip,Husset,fhussetqj@ameblo.jp,Polygender,86.141.243.255
957,Irvine,Laurentino,ilaurentinoqk@google.com,Male,112.246.58.210
958,Kelley,Pagett,kpagettql@opera.com,Female,70.80.215.216
959,Georgy,Viveash,gviveashqm@google.de,Male,8.156.110.198
960,Haleigh,Horburgh,hhorburghqn@bigcartel.com,Female,136.118.119.26
961,Win,Harlock,wharlockqo@simplemachines.org,Male,243.37.145.177
962,Roanna,Dimitrijevic,rdimitrijevicqp@cyberchimps.com,Female,193.246.9.91
963,Renate,Surgeoner,rsurgeonerqq@google.ru,Female,7.80.212.51
964,Arvin,Lamkin,alamkinqr@columbia.edu,Male,81.128.224.186
965,Danila,Baurerich,dbaurerichqs@intel.com,Female,125.126.237.230
966,Malena,Porch,mporchqt@ycombinator.com,Female,36.224.70.69
967,Dannie,Ungaretti,dungarettiqu@tripod.com,Female,175.227.86.242
968,Toni,Kildea,tkildeaqv@goo.ne.jp,Female,76.78.30.9
969,Courtney,Dallywater,cdallywaterqw@netvibes.com,Female,83.184.60.31
970,Adan,Hawking,ahawkingqx@wordpress.org,Male,228.57.186.70
971,Elmo,Baniard,ebaniardqy@typepad.com,Male,209.163.154.74
972,Abey,Vannar,avannarqz@cam.ac.uk,Male,187.41.177.76
973,Cosmo,Glaisner,cglaisnerr0@mail.ru,Male,162.126.168.95
974,Sissie,McSherry,smcsherryr1@linkedin.com,Female,73.118.16.76
975,Fawne,Ghidelli,fghidellir2@pcworld.com,Female,164.241.91.64
976,Meggy,Blizard,mblizardr3@tinypic.com,Genderfluid,123.99.200.232
977,Cherice,Simmens,csimmensr4@reverbnation.com,Female,77.63.75.166
978,Christal,Sterzaker,csterzakerr5@nps.gov,Female,39.190.184.118
979,Gery,Schettini,gschettinir6@ovh.net,Male,207.3.168.22
980,Tisha,Severns,tsevernsr7@goo.gl,Genderqueer,254.47.146.128
981,Cointon,Suttle,csuttler8@foxnews.com,Male,124.80.77.110
982,Torrance,Gomby,tgombyr9@who.int,Male,95.229.106.175
983,Nisse,Ellett,nellettra@drupal.org,Female,36.44.45.54
984,Elna,Samett,esamettrb@craigslist.org,Genderfluid,25.212.3.170
985,Brita,Bragginton,bbraggintonrc@dailymail.co.uk,Female,225.186.84.37
986,Dasha,Willetts,dwillettsrd@seattletimes.com,Female,228.200.247.17
987,Binny,Pietasch,bpietaschre@microsoft.com,Female,38.97.215.249
988,Annamarie,Duce,aducerf@harvard.edu,Female,61.23.118.160
989,Klarika,Brambell,kbrambellrg@twitpic.com,Female,133.115.143.232
990,Leo,McWilliams,lmcwilliamsrh@deliciousdays.com,Male,36.139.64.50
991,Cissiee,La Batie,clabatieri@mapy.cz,Female,18.193.119.38
992,Leupold,Pahlsson,lpahlssonrj@ftc.gov,Male,34.228.224.125
993,Niel,O'Duilleain,noduilleainrk@patch.com,Male,146.85.123.49
994,Dorothea,Frossell,dfrossellrl@nydailynews.com,Polygender,248.233.233.160
995,Lemmie,Orgel,lorgelrm@aboutads.info,Male,24.77.225.235
996,Latrena,Ferenczi,lferenczirn@tinyurl.com,Female,196.202.96.97
997,Rosabel,Ducker,rduckerro@microsoft.com,Female,196.177.69.180
998,Ashbey,Wickmann,awickmannrp@illinois.edu,Male,115.100.241.123
999,Christine,Clemmitt,cclemmittrq@de.vu,Female,188.159.123.223
1000,Lyn,Greenhowe,lgreenhowerr@jiathis.com,Female,82.111.101.162
