id,first_name,last_name,email,gender,ip_address
1,Lynne,McKaile,lmckaile0@shareasale.com,Female,29.43.229.151
2,Benetta,Knappitt,bknappitt1@ifeng.com,Female,238.103.195.124
3,Tracy,Netherwood,tnetherwood2@geocities.jp,Male,131.0.250.250
4,Laurie,Edgeworth,ledgeworth3@weibo.com,Male,161.82.80.75
5,Linea,Oxberry,loxberry4@dion.ne.jp,Female,157.151.120.43
6,Emmit,Witherspoon,ewitherspoon5@toplist.cz,Male,51.202.237.214
7,Peggy,Benkin,pbenkin6@netvibes.com,Female,40.28.76.214
8,Cory,Baynes,cbaynes7@uol.com.br,Female,175.99.161.238
9,Sofie,Dutton,sdutton8@vinaora.com,Female,40.174.77.235
10,Agnese,McGrayle,amcgrayle9@archive.org,Female,123.225.149.129
11,Ringo,Wollard,rwollarda@histats.com,Male,38.136.25.115
12,Nathan,Smidmoor,nsmidmoorb@nytimes.com,Male,78.188.181.89
13,Tobe,Seeman,tseemanc@ox.ac.uk,Female,205.218.219.249
14,Conan,Mountfort,cmountfortd@mtv.com,Genderfluid,221.248.44.52
15,Padraig,Rapps,prappse@nbcnews.com,Male,82.80.149.161
16,Ida,Maciejak,imaciejakf@google.pl,Female,69.97.23.66
17,Zared,Glynne,zglynneg@dedecms.com,Male,233.240.99.139
18,Maitilde,Ogden,mogdenh@slashdot.org,Non-binary,179.147.145.32
19,Shadow,Bracco,sbraccoi@wufoo.com,Male,227.68.81.151
20,Claudian,Lowrie,clowriej@mysql.com,Male,30.6.250.0
21,Claudio,Cosgry,ccosgryk@businessweek.com,Male,239.198.10.198
22,Carlo,Mallall,cmallalll@deviantart.com,Male,157.166.8.244
23,Salem,Snoday,ssnodaym@nature.com,Male,55.83.145.168
24,Violante,Cornil,vcorniln@typepad.com,Female,37.191.172.196
25,Julietta,Ferruzzi,jferruzzio@paginegialle.it,Female,210.32.148.110
26,Hercules,McLachlan,hmclachlanp@tumblr.com,Male,78.89.142.245
27,Reider,Philip,rphilipq@fotki.com,Male,99.56.98.48
28,Therese,Kilpin,tkilpinr@amazon.co.uk,Female,173.3.103.195
29,Geraldine,Melrose,gmelroses@sourceforge.net,Female,78.227.69.197
30,Lizzy,Behnke,lbehnket@berkeley.edu,Female,133.191.232.215
31,Flossie,Rief,friefu@npr.org,Female,141.71.121.202
32,Leupold,Sprasen,lsprasenv@mapquest.com,Male,254.189.54.204
33,Lara,Ditty,ldittyw@so-net.ne.jp,Non-binary,13.83.167.21
34,Dario,Corden,dcordenx@google.com,Male,231.205.176.160
35,Daniel,Armall,darmally@joomla.org,Genderqueer,23.213.57.180
36,Pate,Kamall,pkamallz@seesaa.net,Male,25.55.62.211
37,Alisa,Wilde,awilde10@cdc.gov,Bigender,178.38.159.197
38,Dorey,Stollenberg,dstollenberg11@mozilla.com,Male,132.72.211.82
39,Anne,Nickels,anickels12@goodreads.com,Female,230.45.253.178
40,Adriaens,Goncalo,agoncalo13@wordpress.org,Female,204.54.230.167
41,Kermit,Vass,kvass14@oakley.com,Male,49.92.0.140
42,Gar,Chene,gchene15@google.it,Bigender,38.232.187.178
43,Bax,Lampaert,blampaert16@sciencedaily.com,Male,9.131.159.228
44,Moore,Iveans,miveans17@cdc.gov,Male,71.35.199.170
45,Thomasa,Gravey,tgravey18@t-online.de,Agender,45.222.155.176
46,Isidora,Hugenin,ihugenin19@surveymonkey.com,Agender,230.67.248.145
47,Benji,Chauvey,bchauvey1a@baidu.com,Male,131.132.238.203
48,King,Landon,klandon1b@fotki.com,Male,144.71.3.242
49,Kiah,Dallewater,kdallewater1c@salon.com,Female,198.223.162.21
50,Tarah,Trenaman,ttrenaman1d@mediafire.com,Female,116.132.254.114
51,Salaidh,O' Culligan,soculligan1e@eventbrite.com,Female,19.157.98.42
52,Mitch,Lorenzo,mlorenzo1f@bloglines.com,Male,167.161.139.9
53,Colin,Dugdale,cdugdale1g@mit.edu,Male,87.128.204.34
54,Hailey,Stockley,hstockley1h@google.ru,Male,240.240.199.195
55,Hendrick,Bortolozzi,hbortolozzi1i@vk.com,Male,23.61.20.143
56,Janey,Winward,jwinward1j@squidoo.com,Female,9.229.48.31
57,Anders,Mulrenan,amulrenan1k@webeden.co.uk,Genderfluid,149.21.248.228
58,Seamus,Roja,sroja1l@army.mil,Male,218.87.167.69
59,Ethelbert,Ivashchenko,eivashchenko1m@hexun.com,Male,133.35.146.204
60,Worthington,Dolle,wdolle1n@i2i.jp,Male,34.116.170.123
61,Annissa,Garaway,agaraway1o@mayoclinic.com,Female,244.159.94.155
62,Melita,Hardson,mhardson1p@imgur.com,Female,172.39.158.170
63,Sherm,Guthrie,sguthrie1q@amazon.de,Male,166.52.39.33
64,Marin,Koubu,mkoubu1r@jigsy.com,Female,18.165.208.39
65,Guthrie,Haswell,ghaswell1s@admin.ch,Male,148.136.61.100
66,Selena,Sheivels,ssheivels1t@jugem.jp,Female,94.50.225.81
67,Inessa,Petican,ipetican1u@fema.gov,Female,234.74.156.182
68,Stevie,Agius,sagius1v@angelfire.com,Male,36.189.47.241
69,Lanae,Amoore,lamoore1w@miitbeian.gov.cn,Polygender,44.197.47.185
70,Clarissa,Kareman,ckareman1x@apple.com,Bigender,21.56.205.150
71,Nathanael,Reef,nreef1y@imageshack.us,Male,118.130.46.114
72,Griffie,Clapson,gclapson1z@blinklist.com,Male,179.107.19.223
73,Bertie,Kester,bkester20@ehow.com,Agender,113.50.103.36
74,Laurence,Guilliland,lguilliland21@rakuten.co.jp,Male,100.54.161.63
75,Shelby,Quant,squant22@creativecommons.org,Male,63.66.25.13
76,Goraud,McKeighen,gmckeighen23@lulu.com,Male,132.163.99.8
77,Ray,Roseaman,rroseaman24@loc.gov,Genderfluid,184.184.40.116
78,Neddie,Klimshuk,nklimshuk25@phpbb.com,Male,109.64.28.4
79,Deborah,Lilleycrop,dlilleycrop26@mtv.com,Female,25.44.28.54
80,Mendie,Cheavin,mcheavin27@newsvine.com,Male,143.13.69.71
81,Miranda,Potes,mpotes28@sohu.com,Female,72.114.248.197
82,Archambault,Ivkovic,aivkovic29@xinhuanet.com,Male,166.21.198.153
83,Natka,Emanuelov,nemanuelov2a@zimbio.com,Female,192.169.74.112
84,Darwin,Eve,deve2b@friendfeed.com,Male,240.174.74.70
85,Maire,Blees,mblees2c@foxnews.com,Female,38.125.10.122
86,Erhart,Snelman,esnelman2d@ning.com,Polygender,6.228.10.254
87,Wendeline,Beaufoy,wbeaufoy2e@youtu.be,Agender,83.122.16.126
88,Katti,Savile,ksavile2f@51.la,Female,111.39.166.122
89,Emmit,Trehearne,etrehearne2g@sphinn.com,Male,192.110.181.94
90,Dave,Keedwell,dkeedwell2h@skype.com,Male,149.244.5.85
91,Scarlett,Marking,smarking2i@apple.com,Female,95.134.39.249
92,Traci,Capaldi,tcapaldi2j@usnews.com,Female,239.91.249.208
93,Dulsea,Maltby,dmaltby2k@cpanel.net,Female,255.220.16.45
94,Biddy,Micco,bmicco2l@reference.com,Agender,34.89.251.106
95,Danni,O'Fogerty,dofogerty2m@usda.gov,Female,109.166.75.195
96,Brose,Corriea,bcorriea2n@nps.gov,Male,93.158.128.149
97,Bradney,Hollidge,bhollidge2o@cargocollective.com,Male,253.119.48.212
98,Aharon,Gradon,agradon2p@dot.gov,Male,255.54.196.193
99,Serene,Tamburo,stamburo2q@examiner.com,Female,251.115.1.129
100,Ignace,Serck,iserck2r@nyu.edu,Male,15.226.99.239
101,Regan,Fetherston,rfetherston2s@twitpic.com,Male,75.190.113.145
102,Annabelle,McKissack,amckissack2t@dailymail.co.uk,Female,140.191.115.133
103,Sunshine,Goodie,sgoodie2u@phpbb.com,Female,147.78.121.4
104,Panchito,Rozalski,prozalski2v@photobucket.com,Male,67.111.161.200
105,Codee,Kinnin,ckinnin2w@mozilla.org,Female,190.136.95.53
106,Lucretia,Saurat,lsaurat2x@go.com,Female,230.88.152.111
107,Dallon,Hoyt,dhoyt2y@scientificamerican.com,Male,21.168.22.180
108,Wye,Rudyard,wrudyard2z@cloudflare.com,Male,59.13.88.119
109,Ede,Sandy,esandy30@lulu.com,Female,68.133.119.178
110,Alessandro,Yokel,ayokel31@istockphoto.com,Male,227.204.116.240
111,Maxine,Harte,mharte32@cargocollective.com,Female,148.166.231.198
112,Zebadiah,Chellingworth,zchellingworth33@unesco.org,Male,219.5.181.229
113,Colas,O'Neill,coneill34@acquirethisname.com,Male,18.138.87.131
114,Jordan,Graffham,jgraffham35@prweb.com,Male,29.135.238.239
115,Huntlee,Edyson,hedyson36@t-online.de,Male,205.66.69.180
116,Dannye,Ollington,dollington37@guardian.co.uk,Female,215.56.169.172
117,Marja,Portman,mportman38@multiply.com,Female,127.73.91.27
118,Nicholle,Leddie,nleddie39@java.com,Female,137.158.8.141
119,Hayward,Larkings,hlarkings3a@biblegateway.com,Male,230.75.184.122
120,Natividad,Whitnell,nwhitnell3b@cnet.com,Female,1.253.120.197
121,Desiree,Himsworth,dhimsworth3c@google.ru,Female,178.203.206.164
122,Nil,Guess,nguess3d@china.com.cn,Male,87.216.107.153
123,Ivar,Ely,iely3e@statcounter.com,Male,122.80.56.193
124,Killie,Borham,kborham3f@sohu.com,Male,189.6.69.70
125,Jewell,Wrefford,jwrefford3g@123-reg.co.uk,Female,65.178.155.229
126,Fayre,Dodding,fdodding3h@webeden.co.uk,Female,224.211.251.40
127,Ashbey,Pampling,apampling3i@oaic.gov.au,Male,209.97.74.213
128,Lay,Lomis,llomis3j@friendfeed.com,Male,192.151.173.27
129,Jennee,Winn,jwinn3k@theatlantic.com,Female,54.140.245.189
130,Shea,Lippett,slippett3l@wordpress.org,Female,110.221.226.109
131,Yuma,Bubear,ybubear3m@patch.com,Male,161.46.254.158
132,Myrta,Collicott,mcollicott3n@youku.com,Female,81.31.61.106
133,Ethelbert,Sines,esines3o@eventbrite.com,Male,123.90.17.2
134,Lindy,Scaysbrook,lscaysbrook3p@jiathis.com,Male,250.78.39.163
135,Pennie,Menghi,pmenghi3q@reference.com,Female,143.110.55.137
136,Avivah,Crandon,acrandon3r@1688.com,Female,27.6.102.142
137,Matelda,Sommers,msommers3s@elpais.com,Female,10.0.68.241
138,Othello,Hanford,ohanford3t@github.com,Male,119.75.63.191
139,Philbert,Melbourn,pmelbourn3u@myspace.com,Male,134.46.50.154
140,Rhoda,O'Cannavan,rocannavan3v@dailymail.co.uk,Female,206.99.104.40
141,Orville,Ferguson,oferguson3w@4shared.com,Male,251.176.199.104
142,Ernestine,Conboy,econboy3x@addthis.com,Female,36.33.7.36
143,Lindsay,Downes,ldownes3y@github.io,Bigender,95.192.39.154
144,Brigitta,But,bbut3z@squidoo.com,Polygender,229.8.112.212
145,Peter,Quarles,pquarles40@barnesandnoble.com,Male,136.126.77.19
146,Alberta,Trebble,atrebble41@sbwire.com,Female,141.64.236.225
147,Mortie,Toten,mtoten42@google.com,Male,185.167.222.87
148,Mariejeanne,Simonetto,msimonetto43@meetup.com,Female,253.52.161.0
149,Clarinda,Johannesson,cjohannesson44@yelp.com,Female,185.215.238.188
150,Wanda,Shalcros,wshalcros45@t-online.de,Female,49.35.42.157
151,Chrisy,Jewsbury,cjewsbury46@shutterfly.com,Male,252.52.19.65
152,Web,Joannidi,wjoannidi47@jimdo.com,Genderfluid,93.29.140.30
153,Abigail,Barhem,abarhem48@mlb.com,Female,221.199.13.60
154,Karoly,Naisbitt,knaisbitt49@unesco.org,Female,254.109.9.98
155,Hazel,Woodison,hwoodison4a@google.com,Female,226.54.151.148
156,Krisha,Bottle,kbottle4b@fema.gov,Male,2.4.178.111
157,Lorene,Eastbury,leastbury4c@indiegogo.com,Female,128.226.155.230
158,Margaux,Binham,mbinham4d@redcross.org,Female,67.165.83.237
159,Gene,Graith,ggraith4e@4shared.com,Male,130.17.117.152
160,Beauregard,Aleveque,baleveque4f@weather.com,Male,145.176.36.246
161,Salomi,Beadle,sbeadle4g@boston.com,Female,119.106.140.245
162,Lorine,McLucky,lmclucky4h@cpanel.net,Female,25.182.105.73
163,Geordie,O'Dee,godee4i@upenn.edu,Male,1.153.76.188
164,Jordanna,Hug,jhug4j@xrea.com,Female,38.93.126.190
165,Derrek,Crennan,dcrennan4k@hud.gov,Male,33.238.187.176
166,Madelle,Phair,mphair4l@slideshare.net,Female,23.101.235.31
167,Carmelita,Gerhardt,cgerhardt4m@yolasite.com,Female,3.29.254.76
168,Roderigo,Burrows,rburrows4n@yahoo.com,Male,49.232.249.207
169,Frazier,Fursey,ffursey4o@nationalgeographic.com,Male,133.143.135.77
170,Tobias,Loder,tloder4p@technorati.com,Male,170.115.252.130
171,Amos,Tuffey,atuffey4q@issuu.com,Male,135.33.38.26
172,Meredithe,Bootman,mbootman4r@t-online.de,Female,243.126.102.162
173,Pat,Parkman,pparkman4s@vkontakte.ru,Female,77.204.106.54
174,Selie,Rosten,srosten4t@macromedia.com,Female,5.53.35.83
175,Vasily,Chrystie,vchrystie4u@vistaprint.com,Male,75.129.118.23
176,Manda,Maypother,mmaypother4v@facebook.com,Female,9.33.102.170
177,Christalle,Dictus,cdictus4w@thetimes.co.uk,Female,235.93.107.123
178,Velvet,Apfler,vapfler4x@opera.com,Female,221.149.227.55
179,Taddeusz,Crewes,tcrewes4y@networkadvertising.org,Male,58.157.41.124
180,Eward,Clayfield,eclayfield4z@nhs.uk,Male,100.99.60.3
181,Olav,Wardall,owardall50@scribd.com,Male,141.211.54.68
182,Lurette,Strooband,lstrooband51@yolasite.com,Female,203.32.66.39
183,Zara,Paumier,zpaumier52@walmart.com,Female,112.17.117.198
184,Alexa,Baddiley,abaddiley53@people.com.cn,Female,186.179.90.28
185,Clovis,Clearie,cclearie54@1und1.de,Female,208.166.99.113
186,Prudi,Lanchbery,planchbery55@psu.edu,Female,54.144.226.198
187,Pieter,Spelling,pspelling56@blinklist.com,Male,96.163.34.19
188,Murvyn,Fulks,mfulks57@wordpress.org,Male,118.65.203.107
189,Keelby,MacKenney,kmackenney58@toplist.cz,Male,187.53.83.243
190,Tamiko,Blakey,tblakey59@nymag.com,Female,165.98.239.192
191,Thornton,Voas,tvoas5a@i2i.jp,Male,97.135.16.111
192,Perice,Girkins,pgirkins5b@utexas.edu,Male,203.134.14.101
193,Moreen,Domm,mdomm5c@altervista.org,Female,89.33.121.232
194,Blinny,Darlaston,bdarlaston5d@google.es,Female,172.244.131.125
195,Pia,Jerdon,pjerdon5e@salon.com,Female,252.173.14.206
196,Herman,Elfes,helfes5f@bizjournals.com,Male,129.82.219.198
197,Obed,Orchart,oorchart5g@live.com,Male,54.52.67.19
198,Ramon,Rickhuss,rrickhuss5h@chronoengine.com,Male,253.36.226.162
199,Robenia,Readwin,rreadwin5i@cloudflare.com,Female,189.104.168.65
200,Carlene,Schwaiger,cschwaiger5j@wikimedia.org,Female,148.210.119.73
201,Brianne,Pedrol,bpedrol5k@google.com.hk,Female,128.27.108.36
202,Nathanial,Cator,ncator5l@wordpress.com,Male,244.149.186.226
203,Francklyn,Colegate,fcolegate5m@ning.com,Male,109.234.213.68
204,Emelen,Sarney,esarney5n@disqus.com,Male,211.115.58.14
205,Freemon,Hinchon,fhinchon5o@ox.ac.uk,Male,129.35.33.21
206,Tremaine,Tapping,ttapping5p@arstechnica.com,Male,32.53.180.32
207,Boony,Roseman,broseman5q@noaa.gov,Non-binary,96.131.102.235
208,Tiffie,Parnell,tparnell5r@businessweek.com,Female,225.18.147.115
209,Juliette,McGahy,jmcgahy5s@devhub.com,Female,40.215.120.38
210,Juana,Gibbs,jgibbs5t@free.fr,Female,87.112.126.89
211,Maryanna,Bumphrey,mbumphrey5u@smugmug.com,Female,177.252.203.102
212,Marshall,Ruggier,mruggier5v@cpanel.net,Male,61.176.174.253
213,Aurelie,Deary,adeary5w@weather.com,Female,39.59.150.48
214,Mahmoud,MacPadene,mmacpadene5x@indiegogo.com,Male,35.74.145.152
215,Eustace,Frayne,efrayne5y@wikimedia.org,Non-binary,185.29.171.10
216,Cindra,Offield,coffield5z@livejournal.com,Female,108.188.194.219
217,Colline,Shapter,cshapter60@marriott.com,Female,198.162.39.163
218,Evin,Pes,epes61@flickr.com,Male,181.52.105.122
219,Rusty,Gohier,rgohier62@ucsd.edu,Male,133.148.96.241
220,Boone,Carhart,bcarhart63@ycombinator.com,Male,8.192.36.30
221,Napoleon,Whewill,nwhewill64@cnet.com,Male,229.198.151.156
222,Nickolai,Baile,nbaile65@wikispaces.com,Male,166.129.179.46
223,Sheppard,Iashvili,siashvili66@aboutads.info,Male,95.252.42.62
224,Harli,Lambrick,hlambrick67@unc.edu,Female,154.2.92.195
225,Ebonee,Courtois,ecourtois68@intel.com,Female,74.96.84.245
226,Gottfried,Headan,gheadan69@timesonline.co.uk,Male,113.73.127.84
227,Abbey,Trenfield,atrenfield6a@indiatimes.com,Male,223.19.191.35
228,Chadd,Ellph,cellph6b@abc.net.au,Male,84.69.37.58
229,Jehu,Frays,jfrays6c@wufoo.com,Male,112.181.23.143
230,Ebony,Verni,everni6d@blogtalkradio.com,Female,181.139.129.201
231,Tadeo,Abrehart,tabrehart6e@biglobe.ne.jp,Male,7.43.105.4
232,Stanislaus,Peacher,speacher6f@alexa.com,Male,97.106.128.62
233,Johannes,Brewett,jbrewett6g@mac.com,Non-binary,119.175.146.91
234,Adey,Mulcahy,amulcahy6h@studiopress.com,Female,50.3.6.72
235,Kenna,Mougin,kmougin6i@tripod.com,Female,116.230.138.101
236,Judi,Sunnucks,jsunnucks6j@usa.gov,Female,76.147.206.112
237,Bernard,Kennaway,bkennaway6k@discuz.net,Male,5.254.34.92
238,Lauretta,Connerly,lconnerly6l@washington.edu,Bigender,201.22.146.178
239,Salomone,Steabler,ssteabler6m@yelp.com,Male,15.5.35.37
240,Marabel,McClaurie,mmcclaurie6n@cafepress.com,Female,150.204.140.152
241,Woodie,Firmage,wfirmage6o@reference.com,Male,184.177.102.76
242,Lemuel,Talman,ltalman6p@nytimes.com,Male,238.168.31.55
243,Gracia,Hanlon,ghanlon6q@epa.gov,Female,182.119.213.214
244,Gunilla,Skamell,gskamell6r@imageshack.us,Female,179.8.160.130
245,Arabela,Dewsbury,adewsbury6s@earthlink.net,Female,231.220.173.253
246,Evangelin,Balshaw,ebalshaw6t@so-net.ne.jp,Female,10.37.62.84
247,Gearalt,Oloshin,goloshin6u@netvibes.com,Male,216.225.131.80
248,Baillie,Healing,bhealing6v@umich.edu,Male,241.8.235.31
249,Daria,Petrelli,dpetrelli6w@desdev.cn,Female,168.187.178.210
250,Waverley,Borkin,wborkin6x@marriott.com,Bigender,187.245.68.104
251,Penni,Rapa,prapa6y@mayoclinic.com,Female,83.72.81.6
252,Lonnie,Fluck,lfluck6z@sohu.com,Female,39.4.38.95
253,Oswell,Berthon,oberthon70@so-net.ne.jp,Male,143.63.144.63
254,Dorthea,Barlace,dbarlace71@pen.io,Female,211.18.166.154
255,Dugald,Gargett,dgargett72@xrea.com,Polygender,200.20.44.26
256,Urbanus,Jimmison,ujimmison73@whitehouse.gov,Male,0.13.116.28
257,Etty,Minshall,eminshall74@msu.edu,Female,64.207.147.105
258,Emilie,Kesby,ekesby75@tmall.com,Female,110.244.221.199
259,Paolo,Bolens,pbolens76@storify.com,Male,162.218.6.34
260,Arliene,Mottershead,amottershead77@aol.com,Female,9.220.191.114
261,Rochette,Cordova,rcordova78@amazonaws.com,Female,4.73.2.37
262,Hugues,Derrett,hderrett79@narod.ru,Male,98.50.116.248
263,Merrielle,Labrom,mlabrom7a@tamu.edu,Polygender,103.114.220.49
264,Adoree,Blasi,ablasi7b@china.com.cn,Female,56.42.151.154
265,Whitney,Battson,wbattson7c@icio.us,Male,105.140.198.159
266,Fraze,Addis,faddis7d@hhs.gov,Male,211.186.57.35
267,Holt,Sellars,hsellars7e@slashdot.org,Agender,253.224.128.175
268,Emelyne,Di Bernardo,edibernardo7f@reuters.com,Female,250.110.174.28
269,Brig,Marjanski,bmarjanski7g@netlog.com,Male,206.236.48.160
270,Georgianna,Uphill,guphill7h@sourceforge.net,Female,131.194.240.99
271,Paige,Verma,pverma7i@thetimes.co.uk,Male,118.9.65.97
272,Ronnie,Croney,rcroney7j@google.es,Female,76.19.117.199
273,Paulette,Ciepluch,pciepluch7k@clickbank.net,Female,44.210.60.73
274,Alistair,Keble,akeble7l@tumblr.com,Male,109.70.110.224
275,Avrit,Bortolini,abortolini7m@ovh.net,Polygender,249.114.229.56
276,Teodoor,Messham,tmessham7n@delicious.com,Male,4.233.141.200
277,Pen,Ind,pind7o@uol.com.br,Genderqueer,115.110.188.254
278,Gerladina,Chaman,gchaman7p@rambler.ru,Female,22.83.209.137
279,Charlton,Francke,cfrancke7q@networkadvertising.org,Male,48.45.177.121
280,Steve,Jannasch,sjannasch7r@1und1.de,Male,187.70.187.224
281,Vivi,Blandford,vblandford7s@loc.gov,Female,219.145.154.210
282,Correy,Trevers,ctrevers7t@mapy.cz,Female,122.23.184.45
283,Georgeta,Shapcott,gshapcott7u@sbwire.com,Female,7.132.13.60
284,Dennie,O'Daly,dodaly7v@nhs.uk,Female,99.56.229.46
285,Juliet,Boichat,jboichat7w@mail.ru,Polygender,171.44.203.16
286,Wyatan,Flood,wflood7x@vistaprint.com,Male,181.80.128.253
287,Lin,Dullingham,ldullingham7y@shop-pro.jp,Male,235.148.128.18
288,Nora,Filipczynski,nfilipczynski7z@arizona.edu,Female,255.79.184.156
289,Alaster,Lawie,alawie80@devhub.com,Male,255.38.89.224
290,Bar,Francesc,bfrancesc81@msu.edu,Male,231.12.20.202
291,Roscoe,Bartell,rbartell82@bravesites.com,Male,222.71.238.52
292,Regan,Riccio,rriccio83@google.es,Male,164.185.22.45
293,Orelia,Lambart,olambart84@ucoz.com,Female,82.179.14.153
294,Hobart,Osborn,hosborn85@usda.gov,Male,250.213.102.145
295,Adara,Guess,aguess86@twitpic.com,Female,167.84.112.134
296,Deeyn,Danforth,ddanforth87@unc.edu,Genderfluid,167.62.83.103
297,Caralie,Raspin,craspin88@constantcontact.com,Female,128.23.217.184
298,Torre,Guiet,tguiet89@desdev.cn,Male,225.10.179.129
299,Emmerich,Romans,eromans8a@samsung.com,Male,87.24.26.236
300,Ilise,Loudon,iloudon8b@yahoo.com,Female,157.98.17.43
301,Griffy,Woolford,gwoolford8c@psu.edu,Male,31.2.209.43
302,Ellie,Timothy,etimothy8d@mail.ru,Female,179.108.253.13
303,Halli,Tregien,htregien8e@google.es,Female,158.167.238.181
304,Augustine,Creasey,acreasey8f@com.com,Male,5.88.1.105
305,Ana,Jeakins,ajeakins8g@eventbrite.com,Female,76.238.20.113
306,Jeremy,Rockhill,jrockhill8h@domainmarket.com,Male,161.23.183.228
307,Agnola,Flatley,aflatley8i@flavors.me,Female,247.0.100.182
308,Constance,Soulsby,csoulsby8j@ebay.com,Female,67.43.29.141
309,Shanan,Fakeley,sfakeley8k@imageshack.us,Male,201.47.249.52
310,Waite,Gligorijevic,wgligorijevic8l@ucla.edu,Male,144.178.167.125
311,Shaun,McCutheon,smccutheon8m@comsenz.com,Male,162.195.214.195
312,Montague,Jehaes,mjehaes8n@examiner.com,Male,61.14.90.30
313,Dale,Kalisch,dkalisch8o@tumblr.com,Male,141.94.247.108
314,Carter,Stanborough,cstanborough8p@so-net.ne.jp,Male,210.92.97.55
315,Courtnay,Daubney,cdaubney8q@nationalgeographic.com,Bigender,235.72.117.228
316,Betty,Limeburner,blimeburner8r@google.es,Female,159.168.209.214
317,Bronny,MacGuigan,bmacguigan8s@nyu.edu,Bigender,106.82.126.168
318,Francis,Moultrie,fmoultrie8t@cdbaby.com,Male,44.62.253.120
319,Ingunna,Brookes,ibrookes8u@ucla.edu,Female,131.0.248.193
320,Merline,Bedburrow,mbedburrow8v@ted.com,Female,170.180.33.187
321,Osbourne,Mc Pake,omcpake8w@so-net.ne.jp,Male,17.137.3.230
322,Corrina,Allardyce,callardyce8x@hugedomains.com,Female,49.135.186.53
323,Sara-ann,Peyzer,speyzer8y@ezinearticles.com,Female,207.48.74.238
324,Joshuah,Graal,jgraal8z@microsoft.com,Bigender,85.28.173.94
325,Garvey,Walcar,gwalcar90@ezinearticles.com,Male,76.155.78.197
326,Cristiano,Rathke,crathke91@cocolog-nifty.com,Male,168.145.157.229
327,Kyrstin,Sturge,ksturge92@nsw.gov.au,Female,231.139.136.40
328,Greg,Bulfoot,gbulfoot93@parallels.com,Male,59.66.203.43
329,Lexis,Passler,lpassler94@example.com,Female,33.33.245.161
330,Julee,Kegg,jkegg95@cocolog-nifty.com,Female,210.150.72.218
331,Hall,Shalcras,hshalcras96@shinystat.com,Male,187.41.162.137
332,Fabiano,Candwell,fcandwell97@intel.com,Male,17.38.5.130
333,Urbano,Stevani,ustevani98@google.fr,Male,218.172.232.84
334,Ody,Goodbanne,ogoodbanne99@artisteer.com,Genderfluid,66.155.232.138
335,Helsa,Tomkies,htomkies9a@squidoo.com,Female,234.236.202.78
336,Drusie,Grioli,dgrioli9b@amazon.co.uk,Female,235.206.15.3
337,Gay,Bouchier,gbouchier9c@deviantart.com,Polygender,45.68.179.208
338,Kristin,Falkinder,kfalkinder9d@goodreads.com,Female,21.25.152.236
339,Lynn,Barrim,lbarrim9e@digg.com,Male,247.154.62.131
340,Alyosha,Niblo,aniblo9f@live.com,Male,48.170.228.105
341,Giraldo,Law,glaw9g@apache.org,Male,83.4.91.143
342,Zelda,Biermatowicz,zbiermatowicz9h@accuweather.com,Female,67.116.144.144
343,Mada,Pillman,mpillman9i@zimbio.com,Genderqueer,15.187.241.31
344,Kippy,Hyland,khyland9j@weibo.com,Male,225.77.88.155
345,Robinet,Behrend,rbehrend9k@yale.edu,Female,235.68.26.85
346,Morgan,Coyish,mcoyish9l@fda.gov,Male,112.249.209.148
347,Hashim,Fishpoole,hfishpoole9m@springer.com,Male,112.50.117.39
348,Meggie,Crampton,mcrampton9n@nasa.gov,Bigender,71.185.168.103
349,Maddie,Lumbers,mlumbers9o@example.com,Female,240.3.113.205
350,Packston,Handling,phandling9p@bbb.org,Male,46.122.0.65
351,Jim,Johananoff,jjohananoff9q@chron.com,Male,67.186.114.148
352,Nadia,Pyrke,npyrke9r@parallels.com,Female,36.194.90.28
353,Carver,Andrei,candrei9s@usgs.gov,Male,99.6.116.217
354,Kurt,Jeandot,kjeandot9t@hc360.com,Male,42.250.242.159
355,Doria,McKeon,dmckeon9u@ocn.ne.jp,Female,80.189.0.17
356,Val,Barck,vbarck9v@t.co,Female,131.78.230.167
357,Willi,Langstone,wlangstone9w@xrea.com,Female,116.50.199.93
358,Thomas,Garnul,tgarnul9x@uiuc.edu,Male,105.98.200.106
359,Arvy,Windmill,awindmill9y@umich.edu,Male,104.133.34.99
360,Lyell,Martusewicz,lmartusewicz9z@nhs.uk,Male,21.48.40.45
361,Findley,Fourcade,ffourcadea0@samsung.com,Male,48.170.118.132
362,Martyn,McGeoch,mmcgeocha1@imdb.com,Male,49.4.146.236
363,Dylan,McBryde,dmcbrydea2@cdbaby.com,Male,112.253.37.39
364,Elana,Hurdedge,ehurdedgea3@hostgator.com,Female,48.5.46.70
365,Pattie,McVee,pmcveea4@hud.gov,Female,45.220.239.254
366,Yolanthe,Jepperson,yjeppersona5@furl.net,Female,66.115.229.247
367,Darlleen,Geane,dgeanea6@narod.ru,Female,89.43.180.209
368,Pollyanna,Goodere,pgooderea7@mediafire.com,Female,24.202.61.140
369,Mahmoud,Tollit,mtollita8@free.fr,Male,156.24.148.48
370,Marleah,Dougal,mdougala9@qq.com,Female,247.0.66.211
371,Elton,McQuaid,emcquaidaa@webeden.co.uk,Male,255.119.199.224
372,Drud,Pole,dpoleab@imageshack.us,Male,46.128.230.220
373,Kacy,Pevie,kpevieac@java.com,Female,183.232.78.72
374,Carry,Zelley,czelleyad@sun.com,Female,53.119.252.180
375,Daisey,Morphet,dmorphetae@scientificamerican.com,Female,175.43.174.130
376,North,Allabush,nallabushaf@bbc.co.uk,Male,41.232.200.206
377,Gloria,Rowley,growleyag@furl.net,Female,73.25.138.203
378,Fenelia,Lamond,flamondah@wiley.com,Female,132.81.250.49
379,Korey,Wash,kwashai@bing.com,Genderfluid,36.156.11.141
380,Frank,Quinsee,fquinseeaj@usgs.gov,Female,142.92.254.122
381,Carla,Conre,cconreak@wunderground.com,Female,143.231.149.107
382,Odelinda,Szreter,oszreteral@twitpic.com,Female,184.169.92.230
383,Nelly,Dybell,ndybellam@dion.ne.jp,Female,21.107.239.192
384,Peyton,Fitzer,pfitzeran@microsoft.com,Male,4.37.230.16
385,Dulcea,Richards,drichardsao@soup.io,Female,206.14.41.255
386,Rodge,Teenan,rteenanap@adobe.com,Male,36.90.147.114
387,Philipa,Amphlett,pamphlettaq@youku.com,Female,196.218.112.3
388,Mag,Ping,mpingar@abc.net.au,Female,169.137.122.202
389,Dale,Prozescky,dprozesckyas@indiatimes.com,Male,252.222.125.75
390,Winn,Egdal,wegdalat@businessweek.com,Male,114.250.49.244
391,Enid,Scambler,escamblerau@biglobe.ne.jp,Female,110.37.67.186
392,Earvin,Mapstone,emapstoneav@nasa.gov,Bigender,78.246.7.249
393,Giavani,McCrohon,gmccrohonaw@infoseek.co.jp,Male,24.124.48.61
394,Charita,Lestor,clestorax@chron.com,Female,147.189.66.79
395,Borden,Renforth,brenforthay@wsj.com,Male,229.199.135.77
396,Myrtle,Bullent,mbullentaz@statcounter.com,Female,248.241.132.231
397,Brigitta,Threadgold,bthreadgoldb0@telegraph.co.uk,Female,170.28.104.172
398,Sherlock,Osmar,sosmarb1@themeforest.net,Male,52.147.209.251
399,Rockwell,Burras,rburrasb2@scribd.com,Genderqueer,169.11.186.105
400,Frants,Blyde,fblydeb3@yelp.com,Genderqueer,140.123.101.54
401,Alfie,Redsull,aredsullb4@usda.gov,Male,74.176.187.185
402,Margarethe,Walhedd,mwalheddb5@squidoo.com,Female,111.38.210.107
403,Hally,Guidera,hguiderab6@telegraph.co.uk,Female,22.221.39.251
404,Dillon,Meany,dmeanyb7@dion.ne.jp,Male,58.212.168.157
405,Millard,Vazquez,mvazquezb8@example.com,Male,242.213.195.70
406,Coop,Maddison,cmaddisonb9@home.pl,Male,189.157.16.145
407,Christan,Garretson,cgarretsonba@chronoengine.com,Female,37.62.9.173
408,Liva,Braven,lbravenbb@cornell.edu,Female,173.232.169.15
409,Blanch,McKendry,bmckendrybc@123-reg.co.uk,Female,135.77.142.165
410,Susi,Cleveley,scleveleybd@npr.org,Female,76.240.24.66
411,Merci,Banville,mbanvillebe@cpanel.net,Female,140.146.176.206
412,Hazel,Halcro,hhalcrobf@google.co.jp,Male,91.1.205.136
413,Murray,Wickens,mwickensbg@shinystat.com,Agender,20.225.131.96
414,Patty,Bartot,pbartotbh@telegraph.co.uk,Male,21.216.237.159
415,Justine,Francioli,jfranciolibi@umn.edu,Female,244.108.83.191
416,Coralyn,Halse,chalsebj@thetimes.co.uk,Female,148.1.0.213
417,Pierrette,Twaite,ptwaitebk@sbwire.com,Female,186.243.123.164
418,Margarette,Anslow,manslowbl@bizjournals.com,Female,125.144.104.252
419,Waldon,Pavitt,wpavittbm@thetimes.co.uk,Male,241.59.172.209
420,Marian,Kelson,mkelsonbn@addtoany.com,Female,75.94.190.102
421,Garrek,Brassington,gbrassingtonbo@whitehouse.gov,Male,229.217.216.64
422,Sileas,Dorrington,sdorringtonbp@istockphoto.com,Female,205.103.192.140
423,Madella,Bray,mbraybq@bloglovin.com,Female,11.255.122.146
424,Peria,Sanches,psanchesbr@joomla.org,Female,107.58.25.62
425,Edd,Cordet,ecordetbs@miitbeian.gov.cn,Male,29.21.162.147
426,Derril,Primrose,dprimrosebt@wikispaces.com,Male,28.217.123.73
427,Tully,Carletto,tcarlettobu@unc.edu,Male,233.129.129.141
428,Ken,Mixworthy,kmixworthybv@merriam-webster.com,Male,88.13.106.180
429,Meagan,Bescoby,mbescobybw@usda.gov,Female,54.163.158.4
430,Milty,Hargrave,mhargravebx@t.co,Male,74.135.182.79
431,Saunder,Corking,scorkingby@weather.com,Male,0.45.142.78
432,Ginni,Cutten,gcuttenbz@techcrunch.com,Female,51.103.172.115
433,Nefen,Master,nmasterc0@stanford.edu,Male,127.248.38.8
434,Laughton,Korpolak,lkorpolakc1@prweb.com,Male,26.222.146.159
435,Boonie,Borzone,bborzonec2@blogs.com,Male,235.66.10.110
436,Elnore,Tubbles,etubblesc3@booking.com,Female,252.54.114.86
437,Welch,Chesters,wchestersc4@4shared.com,Male,54.71.122.98
438,Anthony,Blowen,ablowenc5@amazon.co.jp,Male,56.99.161.254
439,Gracie,Yakovitch,gyakovitchc6@woothemes.com,Agender,245.37.172.92
440,Valaria,Boole,vboolec7@nbcnews.com,Female,5.197.4.132
441,Bevvy,Crepin,bcrepinc8@topsy.com,Female,75.37.197.117
442,Andree,Ashford,aashfordc9@reddit.com,Female,129.70.233.28
443,Phillie,Cadreman,pcadremanca@pinterest.com,Female,192.101.35.240
444,Jaclin,Munnion,jmunnioncb@netlog.com,Female,155.173.216.187
445,Vere,Smerdon,vsmerdoncc@elegantthemes.com,Female,88.36.88.55
446,Anet,Lodwig,alodwigcd@newyorker.com,Female,185.84.174.223
447,Filia,Bosche,fboschece@businesswire.com,Non-binary,205.116.65.214
448,Clarette,Belford,cbelfordcf@dailymail.co.uk,Female,125.245.116.207
449,Dulsea,Bermingham,dberminghamcg@posterous.com,Female,39.115.168.92
450,Thomas,Deeprose,tdeeprosech@psu.edu,Male,22.129.17.245
451,Harwell,Rimbault,hrimbaultci@feedburner.com,Non-binary,94.133.134.160
452,Yolanthe,Henlon,yhenloncj@dmoz.org,Female,223.223.28.165
453,Brenda,Alexsandrovich,balexsandrovichck@dion.ne.jp,Female,90.107.41.154
454,Nollie,Cahn,ncahncl@imdb.com,Bigender,198.115.193.35
455,Ollie,Pirozzi,opirozzicm@blogtalkradio.com,Male,41.186.2.134
456,Salim,Catonne,scatonnecn@1und1.de,Male,174.56.250.142
457,Karl,Ginglell,kginglellco@friendfeed.com,Male,98.42.1.56
458,Sutton,Targetter,stargettercp@wix.com,Male,176.215.142.48
459,Yulma,Snadden,ysnaddencq@blog.com,Male,182.156.5.86
460,Rebeca,Glisenan,rglisenancr@delicious.com,Female,0.159.188.134
461,Rose,Schade,rschadecs@skyrock.com,Female,174.153.80.57
462,Briggs,O'Fallowne,bofallownect@paypal.com,Male,16.180.150.230
463,Drake,Dunbobin,ddunbobincu@flickr.com,Male,96.210.127.89
464,Aubrey,Mournian,amourniancv@joomla.org,Polygender,81.34.137.248
465,Jeno,Olivet,jolivetcw@independent.co.uk,Male,220.173.121.124
466,Sharron,Sawden,ssawdencx@paypal.com,Female,188.202.76.22
467,Sidney,Graith,sgraithcy@imageshack.us,Male,178.11.189.244
468,Leta,Penley,lpenleycz@mapy.cz,Female,117.209.71.64
469,Gaylord,Titmarsh,gtitmarshd0@cmu.edu,Male,207.114.229.138
470,Karee,Fautley,kfautleyd1@t-online.de,Bigender,72.198.150.23
471,Laverne,Nalder,lnalderd2@csmonitor.com,Female,189.173.141.237
472,Beauregard,Riches,brichesd3@japanpost.jp,Male,119.110.35.95
473,Dorolisa,Bean,dbeand4@woothemes.com,Female,156.100.10.164
474,Cliff,Janssen,cjanssend5@ihg.com,Male,96.249.221.219
475,Bria,Gartside,bgartsided6@1688.com,Female,99.177.78.74
476,Joaquin,Jodlowski,jjodlowskid7@etsy.com,Male,247.155.110.110
477,Mirelle,Astley,mastleyd8@rambler.ru,Female,3.53.206.94
478,Arden,Pelham,apelhamd9@auda.org.au,Female,64.213.104.254
479,Jehu,Atkins,jatkinsda@pagesperso-orange.fr,Male,228.161.5.75
480,Giorgio,Leyden,gleydendb@bandcamp.com,Male,112.80.229.120
481,Clarissa,Poytres,cpoytresdc@dagondesign.com,Female,243.34.93.89
482,Marijo,Batha,mbathadd@tumblr.com,Female,65.213.160.160
483,Sybila,Balog,sbalogde@umn.edu,Female,160.174.227.159
484,Konstantin,Mawdsley,kmawdsleydf@aol.com,Male,231.81.120.137
485,Jordan,Phippen,jphippendg@techcrunch.com,Male,6.28.199.247
486,Rosamond,Rama,rramadh@vimeo.com,Genderqueer,244.249.163.16
487,Stacey,Churchward,schurchwarddi@sakura.ne.jp,Female,19.91.189.50
488,Lockwood,Negus,lnegusdj@va.gov,Male,194.74.53.187
489,Ulick,Morling,umorlingdk@g.co,Male,18.123.249.56
490,Ollie,Glanders,oglandersdl@tripadvisor.com,Female,53.28.41.7
491,Hermon,Rosenfeld,hrosenfelddm@acquirethisname.com,Genderqueer,213.95.201.125
492,Tremayne,McGillivrie,tmcgillivriedn@github.com,Male,229.136.216.111
493,Deva,Hardie,dhardiedo@linkedin.com,Female,188.119.22.114
494,Cynthia,Blei,cbleidp@yandex.ru,Female,213.149.57.175
495,Erick,Stickins,estickinsdq@odnoklassniki.ru,Male,243.223.62.91
496,Cyrille,Gooly,cgoolydr@t.co,Male,2.238.214.57
497,Randie,MacCarrane,rmaccarraneds@tripadvisor.com,Female,110.100.28.144
498,Lara,Terbrug,lterbrugdt@engadget.com,Polygender,147.182.183.241
499,Elicia,Sprules,esprulesdu@com.com,Female,96.46.100.83
500,Jess,Styche,jstychedv@java.com,Male,9.89.249.63
501,Helaina,Rikard,hrikarddw@auda.org.au,Female,76.180.123.250
502,Val,Riccardi,vriccardidx@angelfire.com,Bigender,224.115.234.145
503,Sallyann,Giovanizio,sgiovaniziody@mit.edu,Female,81.79.120.247
504,Lynnett,Dyball,ldyballdz@blogspot.com,Female,114.228.177.43
505,Melisse,Mandre,mmandree0@posterous.com,Female,57.179.162.220
506,Noelani,Oakman,noakmane1@rediff.com,Female,16.242.42.254
507,Yelena,Colwill,ycolwille2@gmpg.org,Female,237.239.195.56
508,Tallie,Halso,thalsoe3@uiuc.edu,Female,156.45.1.85
509,Aleksandr,Crowder,acrowdere4@ucoz.com,Male,15.136.194.203
510,Fawnia,Uglow,fuglowe5@thetimes.co.uk,Female,80.180.80.90
511,Celine,Dunaway,cdunawaye6@woothemes.com,Polygender,167.164.86.185
512,Juana,Bengefield,jbengefielde7@sciencedaily.com,Female,38.245.90.164
513,Feliks,Dengel,fdengele8@elpais.com,Male,29.214.249.13
514,Andrej,Bultitude,abultitudee9@tumblr.com,Male,179.201.129.25
515,Lynne,Jedraszek,ljedraszekea@twitter.com,Female,163.21.134.254
516,Yolane,Zaczek,yzaczekeb@g.co,Female,239.205.233.141
517,Zeb,Upcraft,zupcraftec@seattletimes.com,Male,136.227.235.141
518,Sutherland,Tomsen,stomsened@yellowbook.com,Male,41.117.58.254
519,Nelia,Kondratovich,nkondratovichee@microsoft.com,Female,169.107.134.136
520,Anson,Abel,aabelef@rambler.ru,Male,96.24.94.169
521,Beckie,Croix,bcroixeg@boston.com,Genderfluid,230.185.15.157
522,Susanna,Ruben,srubeneh@elpais.com,Female,82.223.123.248
523,Jeniece,O'Cahill,jocahillei@instagram.com,Female,29.98.161.169
524,Neille,Noonan,nnoonanej@google.fr,Female,246.239.211.40
525,Clerissa,Olner,colnerek@prnewswire.com,Female,56.225.41.126
526,Harmonie,Portsmouth,hportsmouthel@nationalgeographic.com,Female,24.10.44.241
527,Kristine,Strognell,kstrognellem@dropbox.com,Female,138.218.5.150
528,Sully,Morbey,smorbeyen@networksolutions.com,Male,35.251.218.52
529,Kayle,Scirman,kscirmaneo@state.tx.us,Female,237.137.39.25
530,Ashley,Pawle,apawleep@go.com,Female,69.234.49.67
531,Shermie,Santon,ssantoneq@hibu.com,Male,116.183.11.182
532,Riannon,Downing,rdowninger@eepurl.com,Female,106.38.156.24
533,Avigdor,Beever,abeeveres@prlog.org,Male,63.4.142.236
534,Gilberto,Cossam,gcossamet@berkeley.edu,Male,118.212.235.110
535,Allsun,Trewin,atrewineu@miibeian.gov.cn,Female,243.1.184.73
536,Ivar,Andrysek,iandrysekev@howstuffworks.com,Male,15.131.31.142
537,Darb,Marquis,dmarquisew@desdev.cn,Female,94.127.151.213
538,Fowler,Rowat,frowatex@yelp.com,Male,122.114.171.102
539,Wynne,Rallings,wrallingsey@geocities.com,Female,123.123.86.48
540,Garey,Warke,gwarkeez@fotki.com,Male,213.169.202.218
541,Emalee,Searby,esearbyf0@weibo.com,Female,198.157.177.19
542,Idelle,Kraft,ikraftf1@ed.gov,Female,255.174.216.219
543,Griswold,Phipard-Shears,gphipardshearsf2@fc2.com,Bigender,227.6.20.133
544,Flint,O'Hollegan,foholleganf3@godaddy.com,Male,97.126.111.21
545,Ruprecht,Perrinchief,rperrinchieff4@earthlink.net,Male,193.148.14.64
546,Andi,Smurfitt,asmurfittf5@vkontakte.ru,Female,62.243.5.54
547,Marwin,Roubay,mroubayf6@skyrock.com,Male,254.12.29.212
548,Jaine,O'Brallaghan,jobrallaghanf7@miibeian.gov.cn,Agender,164.84.54.70
549,Parrnell,Kitcatt,pkitcattf8@ed.gov,Male,98.186.73.193
550,Roxanne,Pordal,rpordalf9@go.com,Female,182.120.173.30
551,Luelle,Vayro,lvayrofa@ycombinator.com,Female,149.87.76.236
552,Ronda,Crawley,rcrawleyfb@state.tx.us,Female,115.191.71.34
553,Susana,Keuning,skeuningfc@google.co.uk,Female,153.65.93.97
554,Marlin,Ivashnikov,mivashnikovfd@addthis.com,Male,234.47.179.18
555,Kevin,Turrill,kturrillfe@blogs.com,Male,90.96.88.64
556,Sloane,Jandl,sjandlff@un.org,Male,119.51.244.32
557,Dana,Pittham,dpitthamfg@xinhuanet.com,Genderfluid,23.180.77.192
558,Irvin,Stebbings,istebbingsfh@163.com,Male,248.9.20.113
559,Edsel,McVeighty,emcveightyfi@tumblr.com,Male,60.46.145.127
560,Corrinne,Goodliff,cgoodlifffj@umich.edu,Female,186.10.15.212
561,Tersina,Shucksmith,tshucksmithfk@craigslist.org,Female,34.180.28.205
562,Tedda,Cicetti,tcicettifl@chron.com,Female,162.190.189.50
563,Kippie,Leyzell,kleyzellfm@dyndns.org,Male,198.127.40.220
564,Nolie,Nigh,nnighfn@canalblog.com,Female,127.236.174.104
565,Haven,Pavluk,hpavlukfo@sina.com.cn,Male,170.69.141.22
566,William,Jantel,wjantelfp@indiegogo.com,Male,239.153.68.21
567,Stern,Drohun,sdrohunfq@foxnews.com,Male,15.216.238.113
568,Engelbert,Kitter,ekitterfr@pcworld.com,Male,59.205.87.175
569,Chrysa,Davidde,cdaviddefs@people.com.cn,Female,18.114.90.53
570,Ronda,Tuck,rtuckft@chronoengine.com,Female,77.196.190.125
571,Mozes,Capron,mcapronfu@ft.com,Male,171.164.207.103
572,Layne,Loosely,llooselyfv@utexas.edu,Female,197.87.178.178
573,Morlee,Seide,mseidefw@flavors.me,Male,16.5.171.106
574,Kenneth,Ibbison,kibbisonfx@cpanel.net,Male,35.62.143.84
575,Heather,Kidston,hkidstonfy@squidoo.com,Genderqueer,87.111.68.38
576,Ignaz,Adger,iadgerfz@miitbeian.gov.cn,Male,121.15.128.28
577,Tiffi,Ottery,totteryg0@wordpress.com,Female,153.138.221.247
578,Guido,Boshere,gboshereg1@cnbc.com,Male,101.53.69.104
579,Edd,Sneesbie,esneesbieg2@mlb.com,Male,23.180.233.214
580,Kial,Doyle,kdoyleg3@newsvine.com,Female,161.105.126.193
581,Eda,Rennard,erennardg4@soundcloud.com,Female,146.193.222.222
582,Teresina,Crinson,tcrinsong5@nih.gov,Female,10.117.212.102
583,Roselin,Whitworth,rwhitworthg6@drupal.org,Female,234.136.92.32
584,Rica,Spawton,rspawtong7@hugedomains.com,Female,156.100.22.135
585,Nikola,Girvin,ngirving8@scientificamerican.com,Male,25.104.0.219
586,Jayne,Crangle,jcrangleg9@zdnet.com,Female,79.78.118.2
587,Tyler,Rehorek,trehorekga@globo.com,Agender,110.149.142.42
588,Linus,Crispe,lcrispegb@bloglovin.com,Male,205.159.4.231
589,Tracie,Whardley,twhardleygc@fc2.com,Female,124.254.9.250
590,Gerianne,Roswarne,groswarnegd@cam.ac.uk,Female,153.219.114.143
591,Kendrick,Gethins,kgethinsge@pinterest.com,Male,52.228.178.95
592,Kala,Lacelett,klacelettgf@uiuc.edu,Female,96.47.163.49
593,Aurelia,Spittall,aspittallgg@disqus.com,Female,62.4.227.132
594,Rianon,Ablott,rablottgh@soup.io,Female,133.153.28.13
595,Cammie,Errington,cerringtongi@tripod.com,Female,215.93.33.95
596,Hodge,Duly,hdulygj@phoca.cz,Male,162.130.185.120
597,Karita,Fawthorpe,kfawthorpegk@businesswire.com,Female,47.129.226.1
598,Jo ann,Dyble,jdyblegl@list-manage.com,Female,121.247.219.181
599,Budd,Claricoates,bclaricoatesgm@plala.or.jp,Male,92.219.129.167
600,Celesta,Herley,cherleygn@ezinearticles.com,Female,68.81.8.90
601,Felice,Bleazard,fbleazardgo@yahoo.co.jp,Male,154.67.221.59
602,Leola,Duetsche,lduetschegp@sitemeter.com,Genderfluid,84.26.57.220
603,Curtis,Calow,ccalowgq@goodreads.com,Polygender,244.185.66.22
604,Albert,Maty,amatygr@privacy.gov.au,Male,161.139.157.67
605,Penrod,Shaughnessy,pshaughnessygs@ehow.com,Male,80.235.106.58
606,Sebastien,Brobak,sbrobakgt@mozilla.org,Male,119.88.28.179
607,Gianni,Taaffe,gtaaffegu@unblog.fr,Male,41.239.133.133
608,Philippe,MacColgan,pmaccolgangv@goo.gl,Female,23.243.3.177
609,York,Rittelmeyer,yrittelmeyergw@howstuffworks.com,Genderqueer,118.134.30.27
610,Channa,Greenan,cgreenangx@usnews.com,Female,29.70.242.146
611,Leyla,Krebs,lkrebsgy@list-manage.com,Female,124.164.127.207
612,Sadie,De Vaan,sdevaangz@bloglovin.com,Female,101.40.254.57
613,Rosaline,Forbes,rforbesh0@bing.com,Female,137.92.100.211
614,Juditha,Gayforth,jgayforthh1@jugem.jp,Polygender,176.91.144.55
615,Maximilianus,Naden,mnadenh2@yellowbook.com,Male,179.94.106.157
616,Alasdair,Siddeley,asiddeleyh3@google.nl,Male,161.104.76.131
617,Kilian,Waith,kwaithh4@cpanel.net,Male,20.68.162.96
618,Agace,Pipkin,apipkinh5@creativecommons.org,Female,229.31.204.195
619,Jedidiah,Doxey,jdoxeyh6@posterous.com,Male,91.201.153.106
620,Kiah,Brookfield,kbrookfieldh7@purevolume.com,Female,175.61.215.39
621,Yulma,Filchakov,yfilchakovh8@squidoo.com,Male,211.232.74.12
622,Vonnie,Segges,vseggesh9@squarespace.com,Female,23.45.74.154
623,Shawnee,Muckersie,smuckersieha@blogger.com,Female,112.139.232.195
624,Evered,Dunsmuir,edunsmuirhb@dion.ne.jp,Male,246.161.27.246
625,Sim,Gentzsch,sgentzschhc@aol.com,Male,7.153.75.247
626,Margareta,Mardall,mmardallhd@cbslocal.com,Female,63.179.237.82
627,Maryellen,Alebrooke,malebrookehe@ezinearticles.com,Female,179.158.107.203
628,Nicholle,Majury,nmajuryhf@upenn.edu,Female,21.171.180.137
629,Ettie,Tearny,etearnyhg@wix.com,Genderfluid,24.111.23.190
630,Henrie,Strephan,hstrephanhh@topsy.com,Female,111.102.143.130
631,Cord,Cawsy,ccawsyhi@moonfruit.com,Male,178.159.219.176
632,Budd,Huntall,bhuntallhj@tinyurl.com,Male,170.109.82.207
633,Kahlil,Kerne,kkernehk@exblog.jp,Agender,6.226.77.195
634,Glynda,Moffet,gmoffethl@arstechnica.com,Female,70.238.233.176
635,Jay,Finder,jfinderhm@sciencedirect.com,Male,236.202.136.141
636,Gavrielle,Romanin,gromaninhn@blogs.com,Female,33.65.58.14
637,Hattie,Rewan,hrewanho@pinterest.com,Female,243.141.158.4
638,Palmer,Whitcombe,pwhitcombehp@amazon.de,Male,138.178.85.52
639,Dick,Marte,dmartehq@admin.ch,Male,192.95.62.172
640,Geraldine,Martyntsev,gmartyntsevhr@paypal.com,Female,94.33.111.89
641,Tobiah,Nottram,tnottramhs@bandcamp.com,Male,1.4.63.49
642,Catlee,Sandham,csandhamht@domainmarket.com,Female,249.193.89.99
643,Ruthie,Baynes,rbayneshu@odnoklassniki.ru,Female,181.209.74.48
644,Claus,Scheu,cscheuhv@behance.net,Male,43.243.149.121
645,Tanner,Fryer,tfryerhw@eventbrite.com,Genderqueer,107.221.164.128
646,Emmanuel,Birkett,ebirketthx@mozilla.com,Male,108.71.107.253
647,Taber,MacNeilley,tmacneilleyhy@webmd.com,Genderqueer,246.249.44.183
648,Carmelia,Cronk,ccronkhz@alexa.com,Female,9.54.22.222
649,Siward,Braunroth,sbraunrothi0@qq.com,Male,238.85.119.31
650,Cleveland,Vasler,cvasleri1@lycos.com,Male,167.203.249.149
651,Jereme,Daniely,jdanielyi2@state.gov,Male,254.199.223.252
652,Riley,Mytton,rmyttoni3@histats.com,Male,97.199.126.210
653,Felisha,Landal,flandali4@state.tx.us,Female,191.125.118.112
654,Joella,Raysdale,jraysdalei5@topsy.com,Female,149.23.88.99
655,Carmelle,Maghull,cmaghulli6@hao123.com,Female,38.103.86.132
656,Brigitta,Bleas,bbleasi7@cafepress.com,Female,187.12.13.63
657,Milt,Danilchev,mdanilchevi8@wiley.com,Male,18.51.158.77
658,Alethea,Greenlees,agreenleesi9@ucsd.edu,Female,130.151.247.123
659,Othilia,MacGeaney,omacgeaneyia@flavors.me,Female,6.68.167.240
660,Doy,Robey,drobeyib@nps.gov,Male,10.77.10.7
661,Bettye,Bhar,bbharic@webeden.co.uk,Female,206.103.222.143
662,Guthrey,Sibbit,gsibbitid@etsy.com,Male,168.103.137.96
663,Donnie,Sprigging,dspriggingie@twitter.com,Female,133.202.148.63
664,Penn,Viollet,pviolletif@europa.eu,Male,105.121.111.105
665,Morton,Haruard,mharuardig@statcounter.com,Male,117.67.22.139
666,Ottilie,Lory,oloryih@homestead.com,Female,251.6.193.207
667,Marysa,Schruurs,mschruursii@ibm.com,Female,169.64.138.35
668,Marget,Davidowsky,mdavidowskyij@imdb.com,Female,28.182.216.30
669,Franky,Matthews,fmatthewsik@engadget.com,Male,23.66.114.152
670,Tracy,Rideout,trideoutil@deviantart.com,Male,77.17.53.39
671,Deloris,Leguey,dlegueyim@google.com.au,Female,50.103.108.47
672,Anestassia,Hoggins,ahogginsin@netvibes.com,Female,248.37.82.146
673,Sapphira,Sneesby,ssneesbyio@nymag.com,Polygender,232.255.222.205
674,Lacey,Isaksen,lisaksenip@msu.edu,Female,15.2.127.100
675,Wendie,Dumbarton,wdumbartoniq@google.pl,Female,220.96.188.216
676,Anabel,Branno,abrannoir@mediafire.com,Female,167.65.218.204
677,Benjamen,Jarred,bjarredis@slideshare.net,Male,189.218.71.202
678,Irvin,Chislett,ichislettit@reference.com,Male,84.29.27.174
679,Garry,Lerven,glerveniu@privacy.gov.au,Male,90.243.65.129
680,Mona,Pantecost,mpantecostiv@studiopress.com,Female,165.175.91.190
681,Barnie,Corder,bcorderiw@about.com,Male,157.118.184.66
682,Sybil,Sackur,ssackurix@digg.com,Polygender,225.25.115.65
683,Siegfried,Kmietsch,skmietschiy@skyrock.com,Male,164.254.114.154
684,Zaneta,Grundey,zgrundeyiz@last.fm,Female,25.108.200.34
685,Idaline,Fiander,ifianderj0@gravatar.com,Female,232.227.185.151
686,Daisi,Saing,dsaingj1@census.gov,Female,113.216.154.202
687,Aldis,Brummitt,abrummittj2@cdc.gov,Male,213.87.178.225
688,Sanford,Goncalo,sgoncaloj3@skype.com,Male,68.158.135.135
689,Annabel,Janaud,ajanaudj4@tripod.com,Female,99.200.217.196
690,Erroll,Rowberry,erowberryj5@army.mil,Male,71.196.4.84
691,Theda,Cardno,tcardnoj6@123-reg.co.uk,Female,132.142.102.149
692,Marijn,Lowmass,mlowmassj7@telegraph.co.uk,Male,191.162.135.49
693,Ben,Capun,bcapunj8@rambler.ru,Male,0.210.178.192
694,Dulciana,Garnam,dgarnamj9@arstechnica.com,Female,101.99.152.118
695,Hobie,Aldam,haldamja@deviantart.com,Male,127.181.90.170
696,Dietrich,Baskeyfield,dbaskeyfieldjb@cornell.edu,Male,232.75.4.220
697,Andris,Maudson,amaudsonjc@unc.edu,Male,210.230.45.91
698,Philip,Faro,pfarojd@wired.com,Male,219.17.236.33
699,Gris,Melhuish,gmelhuishje@google.com,Male,227.168.200.33
700,Leora,Twinn,ltwinnjf@foxnews.com,Female,10.186.128.202
701,Kasper,Gershom,kgershomjg@mail.ru,Male,72.251.153.189
702,Skippy,Gaskill,sgaskilljh@si.edu,Male,211.244.172.193
703,Lavinie,Evitts,levittsji@globo.com,Female,14.60.52.230
704,Toiboid,Saxton,tsaxtonjj@wix.com,Polygender,56.200.100.194
705,Gizela,Paskerful,gpaskerfuljk@independent.co.uk,Female,244.29.177.140
706,Marlene,Alwood,malwoodjl@yahoo.co.jp,Female,250.71.169.126
707,Ives,Stiddard,istiddardjm@technorati.com,Male,107.200.65.105
708,Rutledge,Scotti,rscottijn@scribd.com,Male,75.94.148.156
709,Nicolais,Rosenthaler,nrosenthalerjo@instagram.com,Male,21.200.242.13
710,Broddy,Bodycomb,bbodycombjp@vinaora.com,Male,239.235.114.210
711,Patten,Tallman,ptallmanjq@tuttocitta.it,Male,171.7.197.145
712,Cullan,Nasi,cnasijr@spiegel.de,Male,82.144.116.225
713,Glen,Craigie,gcraigiejs@guardian.co.uk,Female,119.99.207.169
714,Arch,Sealove,asealovejt@dagondesign.com,Male,134.3.133.133
715,Hoyt,Phettis,hphettisju@360.cn,Male,179.44.40.207
716,Brit,Cullnean,bcullneanjv@sohu.com,Agender,242.98.4.110
717,Wernher,Wilce,wwilcejw@theatlantic.com,Male,136.181.127.149
718,Vincenty,Huyche,vhuychejx@guardian.co.uk,Male,161.161.127.158
719,Eba,Lynch,elynchjy@unicef.org,Female,69.135.218.179
720,Hildagarde,Candish,hcandishjz@cloudflare.com,Female,61.190.245.157
721,Andie,Winscom,awinscomk0@soup.io,Female,148.159.153.32
722,Allyn,Debney,adebneyk1@drupal.org,Male,216.107.21.94
723,Alena,Sperwell,asperwellk2@vk.com,Female,140.144.108.108
724,Ginelle,Clemits,gclemitsk3@hexun.com,Female,163.167.167.44
725,Lizette,Carver,lcarverk4@live.com,Female,29.82.114.164
726,Thorvald,Abrahmovici,tabrahmovicik5@angelfire.com,Male,123.176.36.251
727,Nadiya,Bartholin,nbartholink6@marriott.com,Female,13.72.30.8
728,Randene,Dominec,rdomineck7@pbs.org,Female,225.234.3.10
729,Tab,Whiley,twhileyk8@sina.com.cn,Male,50.213.255.246
730,Bevan,Defond,bdefondk9@paginegialle.it,Male,32.228.132.140
731,Gypsy,Jennings,gjenningska@hugedomains.com,Female,46.28.133.181
732,Iseabal,Ledwich,iledwichkb@photobucket.com,Bigender,11.115.207.242
733,Nelia,Carn,ncarnkc@thetimes.co.uk,Female,66.72.19.200
734,Clarinda,Bollen,cbollenkd@parallels.com,Female,123.129.77.213
735,Tad,Sneath,tsneathke@oracle.com,Male,36.172.16.94
736,Nicko,Pointing,npointingkf@nih.gov,Male,141.50.190.144
737,Clarke,Lyst,clystkg@de.vu,Male,89.153.164.143
738,Celestyna,Klessmann,cklessmannkh@ucoz.com,Female,254.32.236.172
739,Justinian,Jenicke,jjenickeki@uol.com.br,Male,155.178.77.173
740,Jody,Stevenson,jstevensonkj@soundcloud.com,Male,218.120.117.121
741,Elfrida,Boase,eboasekk@ezinearticles.com,Female,118.197.73.212
742,Gunilla,Farn,gfarnkl@newyorker.com,Female,95.254.219.49
743,Allie,Baack,abaackkm@amazonaws.com,Male,145.174.81.247
744,Roger,Langlois,rlangloiskn@furl.net,Male,220.65.128.211
745,Eldin,Cadamy,ecadamyko@kickstarter.com,Male,46.154.38.113
746,Mel,Niave,mniavekp@so-net.ne.jp,Male,95.8.180.252
747,Aloisia,Claydon,aclaydonkq@sciencedaily.com,Female,216.82.110.201
748,Davine,Jermy,djermykr@bandcamp.com,Female,141.25.76.210
749,Gunter,Timcke,gtimckeks@pcworld.com,Male,99.74.216.130
750,Berni,Fludder,bfludderkt@princeton.edu,Female,141.47.53.123
751,Stevie,Vasichev,svasichevku@spotify.com,Male,138.94.81.142
752,Stanfield,Stitle,sstitlekv@timesonline.co.uk,Male,24.146.145.157
753,Addi,Zottoli,azottolikw@springer.com,Female,163.112.92.151
754,Regan,Antonutti,rantonuttikx@i2i.jp,Male,132.172.247.5
755,Carey,Gotliffe,cgotliffeky@tiny.cc,Male,69.178.154.98
756,Greg,Vowden,gvowdenkz@abc.net.au,Male,170.252.197.221
757,Shannon,Falloon,sfalloonl0@sohu.com,Male,61.28.213.254
758,Ernesta,Everington,eeveringtonl1@pbs.org,Female,249.141.58.93
759,Letti,Wailes,lwailesl2@stanford.edu,Female,229.33.78.147
760,Gilburt,Heeley,gheeleyl3@engadget.com,Male,164.92.94.96
761,Emilie,Oxby,eoxbyl4@hubpages.com,Female,164.196.28.83
762,Salim,Wudeland,swudelandl5@youtu.be,Male,87.210.192.156
763,Mavra,Danilovich,mdanilovichl6@vistaprint.com,Female,222.26.55.209
764,Britt,Maxstead,bmaxsteadl7@alexa.com,Agender,55.180.166.25
765,Ancell,Elvey,aelveyl8@google.it,Male,134.222.92.71
766,Harri,Cogley,hcogleyl9@ycombinator.com,Female,12.18.178.137
767,Nerta,Tunney,ntunneyla@npr.org,Female,82.226.104.199
768,Leslie,Jackes,ljackeslb@1688.com,Female,123.67.0.167
769,Des,Spender,dspenderlc@lulu.com,Male,227.100.30.86
770,Ervin,Kemmish,ekemmishld@amazon.co.uk,Male,181.142.108.194
771,Caspar,Capinetti,ccapinettile@alibaba.com,Male,120.41.11.14
772,Meade,Buggs,mbuggslf@rambler.ru,Male,71.204.143.216
773,Corilla,Grigolashvill,cgrigolashvilllg@bandcamp.com,Female,174.37.131.78
774,Fritz,Kears,fkearslh@elpais.com,Polygender,82.0.228.206
775,Richardo,Purdey,rpurdeyli@flavors.me,Male,242.27.128.56
776,Roz,Mort,rmortlj@com.com,Female,97.233.79.75
777,Miguelita,Etty,mettylk@npr.org,Female,228.151.206.57
778,Loralyn,Tassell,ltassellll@elegantthemes.com,Female,236.228.18.229
779,Barde,Copeland,bcopelandlm@prweb.com,Agender,173.40.177.255
780,Chico,Metheringham,cmetheringhamln@wisc.edu,Male,151.236.41.243
781,Lavinia,Glidder,lglidderlo@rakuten.co.jp,Female,149.121.237.111
782,Karlens,Franzonello,kfranzonellolp@nps.gov,Male,237.255.120.233
783,Connie,Gradly,cgradlylq@wsj.com,Male,239.113.26.23
784,Dodi,Vickerman,dvickermanlr@altervista.org,Female,134.255.237.116
785,Addie,Neasham,aneashamls@trellian.com,Male,199.147.221.180
786,Bren,Custance,bcustancelt@blogger.com,Female,64.251.153.62
787,Legra,Tattam,ltattamlu@artisteer.com,Female,13.153.115.216
788,Lewes,Lowndsbrough,llowndsbroughlv@ocn.ne.jp,Male,76.242.236.163
789,Teresina,Gecke,tgeckelw@spiegel.de,Non-binary,239.249.44.103
790,Rubi,McGrann,rmcgrannlx@bloomberg.com,Female,149.17.99.30
791,Orsa,Learoyde,olearoydely@edublogs.org,Female,162.87.128.225
792,Nertie,Ovesen,novesenlz@cdc.gov,Female,159.196.183.227
793,Dunstan,Franses,dfransesm0@blogtalkradio.com,Male,106.57.121.79
794,Edan,Ofener,eofenerm1@sina.com.cn,Male,130.120.12.180
795,Janith,Loyns,jloynsm2@1688.com,Genderfluid,34.45.104.91
796,Rodge,Woodwind,rwoodwindm3@google.cn,Male,145.177.181.8
797,Cindi,Miell,cmiellm4@tumblr.com,Female,231.244.184.134
798,Randie,Joberne,rjobernem5@netlog.com,Female,225.132.110.64
799,Gabby,Tomaschke,gtomaschkem6@independent.co.uk,Male,179.168.138.181
800,Ogdon,Stidson,ostidsonm7@hc360.com,Male,72.179.6.105
801,Emelia,Mauchline,emauchlinem8@oakley.com,Female,38.29.249.120
802,Antonino,Pioch,apiochm9@infoseek.co.jp,Male,72.2.23.15
803,Ozzie,Lauks,olauksma@nih.gov,Male,147.194.207.97
804,Guillermo,Kermit,gkermitmb@jiathis.com,Male,201.168.24.18
805,Ruddy,Stivens,rstivensmc@globo.com,Male,175.218.39.200
806,Myrle,Mion,mmionmd@auda.org.au,Female,51.157.57.28
807,Dionne,Brinded,dbrindedme@dmoz.org,Genderfluid,98.43.16.85
808,Brietta,Pawlyn,bpawlynmf@ehow.com,Bigender,16.198.218.239
809,Davidde,Rappport,drappportmg@mtv.com,Male,3.200.48.199
810,Rhea,Lindberg,rlindbergmh@dailymotion.com,Female,26.195.135.62
811,Wayland,Bamblett,wbamblettmi@irs.gov,Male,157.20.239.126
812,Krystalle,Ivkovic,kivkovicmj@rambler.ru,Female,235.76.94.56
813,Sigvard,Pitrelli,spitrellimk@ow.ly,Male,147.207.114.191
814,Tudor,Bottby,tbottbyml@facebook.com,Male,164.178.248.37
815,Paulita,Ballister,pballistermm@cnet.com,Female,112.137.23.164
816,Alfy,Dacombe,adacombemn@geocities.com,Female,234.121.110.102
817,Brendis,Buggs,bbuggsmo@goo.gl,Male,166.64.173.169
818,Virgilio,Burrells,vburrellsmp@instagram.com,Male,135.184.210.11
819,Monte,Kettles,mkettlesmq@w3.org,Male,94.117.87.219
820,Agatha,Cicchillo,acicchillomr@harvard.edu,Female,80.189.66.137
821,Annmaria,Halbard,ahalbardms@elpais.com,Female,222.246.2.230
822,Anabal,Chick,achickmt@addthis.com,Female,172.213.33.205
823,Von,Tolworth,vtolworthmu@loc.gov,Male,37.185.234.137
824,Rolfe,Obey,robeymv@posterous.com,Male,6.134.209.148
825,Bartel,Dignan,bdignanmw@dedecms.com,Male,150.242.22.247
826,Bartolomeo,Elcome,belcomemx@mtv.com,Male,83.149.62.42
827,Carver,Busher,cbushermy@dailymail.co.uk,Male,97.241.115.5
828,Westbrook,Kuhnhardt,wkuhnhardtmz@macromedia.com,Male,111.126.183.234
829,Ikey,Kunzler,ikunzlern0@cornell.edu,Male,106.52.131.87
830,Giustino,Lawtey,glawteyn1@gov.uk,Male,5.16.53.8
831,Finley,Gringley,fgringleyn2@prlog.org,Male,55.236.13.164
832,Fanni,De Antoni,fdeantonin3@webnode.com,Female,66.160.20.176
833,Woody,Deadman,wdeadmann4@naver.com,Male,106.176.77.36
834,Theadora,Reide,treiden5@about.com,Female,28.22.26.156
835,Ephrayim,Downes,edownesn6@gravatar.com,Male,251.129.250.250
836,Louie,Mulrean,lmulreann7@youtu.be,Male,243.16.177.229
837,Raymund,Zorener,rzorenern8@free.fr,Male,183.239.133.58
838,Dillon,Benning,dbenningn9@tmall.com,Male,128.55.139.149
839,Alberto,Dulen,adulenna@live.com,Male,128.8.71.79
840,Sibilla,Piet,spietnb@ifeng.com,Female,113.75.158.200
841,Llywellyn,Tarborn,ltarbornnc@nyu.edu,Non-binary,214.87.106.144
842,Melamie,Yorkston,myorkstonnd@amazon.co.uk,Female,230.70.8.77
843,Gerri,Loncaster,gloncasterne@smugmug.com,Female,173.145.172.145
844,Herold,Bowdery,hbowderynf@ovh.net,Male,192.127.164.212
845,Urbano,Astlett,uastlettng@360.cn,Male,152.245.83.250
846,Sarita,D'Adamo,sdadamonh@telegraph.co.uk,Female,246.174.0.27
847,Valentin,Dye,vdyeni@studiopress.com,Male,66.107.142.164
848,Lorinda,Cordsen,lcordsennj@sfgate.com,Female,3.190.224.82
849,Barn,Giacoppoli,bgiacoppolink@istockphoto.com,Male,64.183.109.27
850,Durward,Gerner,dgernernl@samsung.com,Male,201.24.96.132
851,Ursuline,Kopec,ukopecnm@scientificamerican.com,Female,5.137.11.38
852,Robby,Cheetham,rcheethamnn@omniture.com,Female,106.73.62.201
853,Esma,Ferrarotti,eferrarottino@gnu.org,Female,137.201.8.54
854,Cash,Gaskoin,cgaskoinnp@usgs.gov,Male,69.115.72.12
855,Yettie,Rosiello,yrosiellonq@senate.gov,Non-binary,202.11.36.95
856,Lottie,Hedworth,lhedworthnr@icq.com,Female,84.234.14.217
857,Kimbell,Stanbridge,kstanbridgens@google.nl,Male,45.170.197.27
858,Berky,Kingscott,bkingscottnt@tumblr.com,Male,134.209.181.122
859,Durward,Aspinell,daspinellnu@hud.gov,Male,57.149.26.186
860,Si,Lumsdale,slumsdalenv@comsenz.com,Polygender,235.208.248.9
861,Worthington,Duffy,wduffynw@unc.edu,Male,46.209.241.182
862,Silvano,Smooth,ssmoothnx@dell.com,Male,196.199.46.88
863,Gordie,Dencs,gdencsny@4shared.com,Male,53.154.73.53
864,Bruis,Lappin,blappinnz@irs.gov,Polygender,147.28.209.239
865,Michal,Sansam,msansamo0@earthlink.net,Genderfluid,218.133.52.21
866,Burgess,Batters,bbatterso1@buzzfeed.com,Male,67.243.246.95
867,Irvin,Garstang,igarstango2@china.com.cn,Male,102.236.92.176
868,Manfred,Oldershaw,moldershawo3@yandex.ru,Male,51.60.221.238
869,Odey,Sambedge,osambedgeo4@cnbc.com,Male,158.162.223.64
870,Pancho,Magor,pmagoro5@surveymonkey.com,Male,239.189.3.199
871,Georges,Broxap,gbroxapo6@trellian.com,Male,32.139.241.24
872,Sherline,McCaughen,smccaugheno7@weibo.com,Female,20.231.28.89
873,Frannie,Riddich,friddicho8@over-blog.com,Male,184.87.11.195
874,Minerva,Stubbin,mstubbino9@quantcast.com,Female,208.71.109.83
875,Obediah,Vaen,ovaenoa@nba.com,Male,140.72.77.10
876,Morgan,Bowgen,mbowgenob@disqus.com,Male,149.109.178.62
877,Bradly,Merwe,bmerweoc@google.es,Male,231.119.239.60
878,Erv,Sesser,esesserod@ibm.com,Genderqueer,77.112.99.155
879,Sauveur,Hutchinson,shutchinsonoe@lulu.com,Male,227.193.150.26
880,Jenica,Whittington,jwhittingtonof@blogtalkradio.com,Female,32.97.116.5
881,Griffy,Siveter,gsiveterog@latimes.com,Non-binary,224.168.237.117
882,Evvie,Lethieulier,elethieulieroh@virginia.edu,Female,200.233.209.201
883,Harriott,Duell,hduelloi@msu.edu,Female,146.51.97.216
884,Pauletta,Emor,pemoroj@4shared.com,Female,170.37.235.197
885,Gillie,Dunmore,gdunmoreok@blogspot.com,Female,214.33.115.186
886,Elihu,Gooderick,egooderickol@skype.com,Male,158.224.116.12
887,Araldo,Danilchenko,adanilchenkoom@dailymotion.com,Male,200.57.119.94
888,Michelle,Spellard,mspellardon@sina.com.cn,Female,166.248.23.168
889,Marcel,Giacobilio,mgiacobiliooo@about.com,Male,18.37.80.22
890,Geri,Shinn,gshinnop@mediafire.com,Female,135.251.190.175
891,Jacobo,Screase,jscreaseoq@ovh.net,Male,231.160.75.125
892,Heddie,Leroux,hlerouxor@baidu.com,Female,110.48.170.188
893,Forster,Archer,farcheros@people.com.cn,Male,101.251.2.155
894,Augusta,Braksper,abraksperot@nasa.gov,Female,66.169.254.4
895,Stephannie,Kyles,skylesou@hostgator.com,Female,210.169.226.50
896,Kristyn,Sherington,ksheringtonov@geocities.com,Female,217.77.243.144
897,Jill,Corwin,jcorwinow@yale.edu,Female,177.136.63.109
898,Bard,Chasles,bchaslesox@independent.co.uk,Genderqueer,136.235.166.106
899,Chicky,Pau,cpauoy@ustream.tv,Male,200.203.53.91
900,Prentice,Sproston,psprostonoz@123-reg.co.uk,Male,214.112.79.194
901,Hamid,Bridgnell,hbridgnellp0@disqus.com,Male,95.5.54.111
902,Ilka,Longstaff,ilongstaffp1@cnbc.com,Female,48.117.169.220
903,Jessy,Fenby,jfenbyp2@boston.com,Female,79.123.132.248
904,Candra,Maw,cmawp3@amazon.de,Female,24.207.52.132
905,Hashim,Valentine,hvalentinep4@exblog.jp,Male,103.66.107.105
906,Jocko,Bullick,jbullickp5@huffingtonpost.com,Male,97.77.111.252
907,Carney,Bridgewater,cbridgewaterp6@hatena.ne.jp,Male,229.140.90.60
908,Daveen,Gullivan,dgullivanp7@newyorker.com,Female,161.134.77.101
909,Wyatt,Axby,waxbyp8@nature.com,Male,200.127.246.82
910,Chastity,McAster,cmcasterp9@utexas.edu,Female,84.102.38.148
911,Rea,Teml,rtemlpa@ca.gov,Polygender,152.248.63.138
912,Hyatt,Grotty,hgrottypb@house.gov,Male,145.252.202.211
913,Gilbert,Giovannazzi,ggiovannazzipc@i2i.jp,Male,217.43.175.217
914,Giacopo,Sheerin,gsheerinpd@tinyurl.com,Genderfluid,171.128.34.144
915,Obediah,Marder,omarderpe@berkeley.edu,Male,249.66.83.72
916,Alfy,Tainton,ataintonpf@statcounter.com,Female,149.58.241.38
917,Jeremias,Rysdale,jrysdalepg@exblog.jp,Male,2.250.118.183
918,Roth,Nix,rnixph@geocities.com,Non-binary,5.254.213.175
919,Teri,Burling,tburlingpi@bloomberg.com,Female,76.157.249.32
920,Saloma,Morison,smorisonpj@amazon.co.jp,Female,54.65.152.87
921,Elle,Hellen,ehellenpk@digg.com,Non-binary,39.217.241.29
922,Ruben,Dockrell,rdockrellpl@discovery.com,Male,159.154.65.160
923,Blaine,Nanninini,bnannininipm@auda.org.au,Male,141.97.75.243
924,Fraser,Beldum,fbeldumpn@narod.ru,Male,180.169.199.240
925,Hunt,MacGillacolm,hmacgillacolmpo@wix.com,Male,185.136.125.30
926,Vanya,Trazzi,vtrazzipp@paypal.com,Female,130.213.50.96
927,Lanna,Audus,lauduspq@comsenz.com,Female,85.143.252.246
928,Halimeda,Moncreif,hmoncreifpr@seesaa.net,Female,34.181.217.25
929,Rosemary,Greneham,rgrenehamps@europa.eu,Agender,70.15.34.33
930,Massimiliano,McClounan,mmcclounanpt@qq.com,Male,111.234.169.218
931,Yurik,Brangan,ybranganpu@bloglines.com,Male,215.0.33.220
932,Emilie,Wawer,ewawerpv@lulu.com,Female,77.1.163.176
933,Drew,D'Agostino,ddagostinopw@printfriendly.com,Male,182.83.161.45
934,Devan,Craghead,dcragheadpx@nhs.uk,Female,195.244.185.64
935,Tuckie,Leinster,tleinsterpy@scribd.com,Male,136.238.217.185
936,Gerri,Dellenty,gdellentypz@home.pl,Non-binary,117.171.30.56
937,Virgil,Coules,vcoulesq0@ask.com,Male,132.10.159.222
938,Paula,Conachie,pconachieq1@harvard.edu,Female,250.232.159.73
939,Zonnya,Masham,zmashamq2@vimeo.com,Female,2.186.45.104
940,Ninette,Ledwith,nledwithq3@salon.com,Female,17.167.143.37
941,Guillaume,Treker,gtrekerq4@reverbnation.com,Male,238.107.48.3
942,Sherwood,Sorensen,ssorensenq5@hud.gov,Male,14.204.108.248
943,Neil,Greenhaugh,ngreenhaughq6@telegraph.co.uk,Male,225.50.121.168
944,Chrissy,Bortoloni,cbortoloniq7@wp.com,Male,226.87.45.231
945,Hedi,MacTrustram,hmactrustramq8@biglobe.ne.jp,Female,164.7.180.63
946,Ferdy,Brisker,fbriskerq9@disqus.com,Genderfluid,187.178.139.211
947,Eula,Ridolfo,eridolfoqa@spiegel.de,Female,71.138.41.22
948,Sammie,Buckleigh,sbuckleighqb@php.net,Male,83.146.212.12
949,Vikky,Jakubovicz,vjakuboviczqc@tiny.cc,Female,110.213.240.77
950,Pansy,Vicarey,pvicareyqd@mail.ru,Female,101.98.226.116
951,Darrick,Gillice,dgilliceqe@csmonitor.com,Non-binary,99.69.57.134
952,Abbi,Emmot,aemmotqf@newsvine.com,Female,16.77.50.254
953,Alexandr,Forrestor,aforrestorqg@dailymail.co.uk,Male,124.89.201.155
954,Nelle,Pixton,npixtonqh@ihg.com,Female,115.98.60.225
955,Melamie,Manueau,mmanueauqi@weibo.com,Female,7.88.110.108
956,Halsey,MacCollom,hmaccollomqj@ow.ly,Male,109.118.48.157
957,Kirby,Behagg,kbehaggqk@slideshare.net,Female,75.33.88.246
958,Morry,Falks,mfalksql@toplist.cz,Male,204.143.202.181
959,Wolfy,Pighills,wpighillsqm@bloomberg.com,Male,201.175.92.241
960,Selina,Clacson,sclacsonqn@paypal.com,Female,11.19.131.28
961,Tani,Jossum,tjossumqo@blogs.com,Female,151.233.133.26
962,Gilburt,Tidmarsh,gtidmarshqp@sohu.com,Male,84.41.151.9
963,Ebenezer,Behninck,ebehninckqq@ox.ac.uk,Male,31.104.186.185
964,Niki,Bassham,nbasshamqr@woothemes.com,Male,50.196.148.181
965,Matthus,Headford,mheadfordqs@plala.or.jp,Male,32.130.227.76
966,Bond,Volke,bvolkeqt@e-recht24.de,Male,115.17.38.69
967,Waverley,Brotherheed,wbrotherheedqu@wisc.edu,Male,174.229.143.227
968,Genevieve,Stichel,gstichelqv@nytimes.com,Female,90.184.11.185
969,Celesta,Angrock,cangrockqw@prweb.com,Female,83.25.52.57
970,Uriel,Trase,utraseqx@goo.ne.jp,Male,140.199.222.187
971,Zackariah,De Zuani,zdezuaniqy@usgs.gov,Male,79.31.180.44
972,Tait,Boughey,tbougheyqz@umn.edu,Male,112.143.220.166
973,Ashley,Oxbe,aoxber0@google.co.jp,Female,191.58.42.58
974,Adam,Crinson,acrinsonr1@businessinsider.com,Male,11.182.75.222
975,Ruperto,Trodler,rtrodlerr2@privacy.gov.au,Male,31.96.239.95
976,Lyell,Saintpierre,lsaintpierrer3@live.com,Male,95.198.161.59
977,Bertine,Borge,bborger4@canalblog.com,Female,156.166.33.55
978,Felicle,Oliveras,foliverasr5@fda.gov,Female,72.60.70.168
979,Dennie,Gallatly,dgallatlyr6@whitehouse.gov,Female,30.47.207.193
980,Brandise,Loding,blodingr7@t.co,Female,71.102.232.158
981,Tamra,Humbles,thumblesr8@nsw.gov.au,Female,121.127.213.62
982,Minetta,Fishlock,mfishlockr9@pbs.org,Female,33.51.131.102
983,Becka,Jaulmes,bjaulmesra@freewebs.com,Female,248.191.43.225
984,Essie,O'Lennane,eolennanerb@harvard.edu,Female,120.13.3.210
985,Jacquette,Annes,jannesrc@goo.ne.jp,Female,227.141.71.224
986,Alison,Huyton,ahuytonrd@addthis.com,Female,17.182.218.34
987,Riva,Chinery,rchineryre@reference.com,Female,118.100.241.6
988,Lorenza,Pettiford,lpettifordrf@utexas.edu,Female,147.235.232.17
989,Clementine,Dye,cdyerg@ihg.com,Female,158.18.58.147
990,Etta,Urquhart,eurquhartrh@eepurl.com,Female,2.249.91.149
991,Starlene,Christie,schristieri@google.ru,Female,39.161.142.86
992,Chelsie,Onians,coniansrj@independent.co.uk,Female,81.149.107.28
993,Dud,Wilsone,dwilsonerk@samsung.com,Male,154.12.22.102
994,Brit,Messingham,bmessinghamrl@dailymotion.com,Female,208.78.0.95
995,Joellyn,Sevior,jseviorrm@umich.edu,Female,189.238.91.34
996,Hugo,Sepey,hsepeyrn@smugmug.com,Non-binary,193.230.189.146
997,Dallas,Lennarde,dlennardero@hc360.com,Female,32.142.211.155
998,Malorie,Greystock,mgreystockrp@google.es,Female,15.113.23.197
999,Berty,McShirie,bmcshirierq@soundcloud.com,Male,172.65.221.129
1000,Nappy,Borman,nbormanrr@discuz.net,Male,82.230.24.16
