id,first_name,last_name,email,gender,ip_address
1,Robbi,Dockrey,rdockrey0@dell.com,Female,118.130.74.151
2,Barnie,Mathon,bmathon1@mashable.com,Male,230.5.187.56
3,Kendal,D' Angelo,kdangelo2@infoseek.co.jp,Non-binary,187.230.86.227
4,Sylvan,Gadault,sgadault3@feedburner.com,Male,171.124.220.21
5,Pail,Heller,pheller4@last.fm,Male,122.87.80.13
6,Hilary,Shambrooke,hshambrooke5@pagesperso-orange.fr,Female,235.160.105.199
7,Jarrett,Berrey,jberrey6@nyu.edu,Male,27.73.247.67
8,Rosanne,Feldklein,rfeldklein7@mac.com,Female,74.11.56.78
9,Letty,Straw,lstraw8@wikispaces.com,Female,136.218.168.244
10,Brooke,Greave,bgreave9@webeden.co.uk,Female,197.4.156.189
11,Dulcinea,Gregg,dgregga@kickstarter.com,Female,195.172.77.99
12,Daloris,Drinnan,ddrinnanb@usatoday.com,Female,148.246.108.5
13,Blithe,Bartalin,bbartalinc@chronoengine.com,Female,176.197.219.204
14,Chadd,Abels,cabelsd@163.com,Male,227.45.115.86
15,Mayne,Eilhermann,meilhermanne@yahoo.co.jp,Male,1.159.168.218
16,Tish,Gummow,tgummowf@ed.gov,Female,4.230.93.198
17,Xerxes,Ouver,xouverg@google.com.hk,Male,90.23.239.216
18,Skell,Turone,sturoneh@accuweather.com,Male,102.177.71.12
19,Matthieu,Elderbrant,melderbranti@sina.com.cn,Male,106.140.138.110
20,Gayelord,Bewlay,gbewlayj@symantec.com,Male,111.94.173.144
21,Elmo,Top,etopk@ted.com,Male,196.236.53.206
22,Geri,Lamb-shine,glambshinel@friendfeed.com,Genderqueer,22.7.4.124
23,Nadya,Irdale,nirdalem@ocn.ne.jp,Genderqueer,40.103.147.101
24,Jeddy,Choak,jchoakn@livejournal.com,Male,187.156.213.59
25,Libbi,Dreigher,ldreighero@domainmarket.com,Female,29.61.81.196
26,Patrizio,Boshard,pboshardp@plala.or.jp,Bigender,73.241.200.243
27,Anthiathia,Armatidge,aarmatidgeq@imageshack.us,Agender,188.47.227.156
28,Erl,Shillabeare,eshillabearer@devhub.com,Male,188.46.166.12
29,Charlton,Kneale,ckneales@mysql.com,Male,32.228.232.132
30,Nickolaus,Allsep,nallsept@amazon.co.uk,Male,99.237.214.5
31,Del,Dillon,ddillonu@163.com,Male,217.229.32.120
32,Raphael,McCrae,rmccraev@odnoklassniki.ru,Male,204.218.219.22
33,Henry,Juszczak,hjuszczakw@washingtonpost.com,Male,214.223.100.135
34,Doy,Cottie,dcottiex@skype.com,Male,146.183.144.142
35,Taddeusz,Towe,ttowey@tinypic.com,Male,51.234.47.38
36,Beniamino,Splain,bsplainz@walmart.com,Male,135.133.169.29
37,Anabelle,Faudrie,afaudrie10@youtube.com,Agender,88.92.47.84
38,Marissa,Blinco,mblinco11@tinyurl.com,Genderqueer,224.93.221.246
39,Jacob,McKinless,jmckinless12@hp.com,Male,81.61.69.242
40,Benedick,Phelips,bphelips13@army.mil,Male,52.183.81.152
41,Valentine,Mayall,vmayall14@illinois.edu,Male,214.158.150.91
42,Lesley,Hoggetts,lhoggetts15@paypal.com,Female,249.145.71.54
43,Demetria,Sharplin,dsharplin16@mit.edu,Female,222.197.75.176
44,Munmro,Peirone,mpeirone17@themeforest.net,Male,63.81.8.110
45,Lorianna,Moseby,lmoseby18@blogtalkradio.com,Female,107.128.101.135
46,Cobbie,Henrique,chenrique19@1und1.de,Male,137.147.241.44
47,Vergil,Fladgate,vfladgate1a@yelp.com,Genderfluid,3.95.85.248
48,Tammy,Di Frisco,tdifrisco1b@cmu.edu,Agender,114.155.145.197
49,Leopold,Rablan,lrablan1c@google.nl,Male,44.136.77.73
50,Alessandra,MacTeague,amacteague1d@wp.com,Female,218.189.224.249
51,Delmor,Trengrouse,dtrengrouse1e@amazon.co.jp,Male,95.242.51.5
52,Cherey,Leblanc,cleblanc1f@ustream.tv,Female,159.167.5.120
53,Mordy,Thatcham,mthatcham1g@tumblr.com,Male,165.33.234.41
54,Frants,Sayse,fsayse1h@mozilla.org,Male,131.215.226.114
55,Kerrie,Redihalgh,kredihalgh1i@qq.com,Female,187.68.59.172
56,Tiffie,Byas,tbyas1j@google.nl,Female,96.48.75.92
57,Tiertza,Gaspar,tgaspar1k@columbia.edu,Female,242.151.90.175
58,Stanislaw,Kulic,skulic1l@bloglovin.com,Male,56.48.39.84
59,Thorvald,Woodyer,twoodyer1m@creativecommons.org,Male,9.237.102.106
60,Abel,Lapthorne,alapthorne1n@arizona.edu,Male,92.67.252.218
61,Myrwyn,Gemmill,mgemmill1o@bloomberg.com,Male,34.163.188.29
62,Immanuel,Castletine,icastletine1p@addthis.com,Male,131.240.176.116
63,Lydon,Gurko,lgurko1q@last.fm,Male,194.54.211.186
64,Wendye,Dean,wdean1r@chron.com,Female,32.136.3.199
65,Ferdinand,Itscovitz,fitscovitz1s@themeforest.net,Male,94.166.95.110
66,Gusta,Goldhill,ggoldhill1t@cocolog-nifty.com,Female,158.165.176.66
67,Carolynn,Nickels,cnickels1u@yahoo.com,Female,50.80.60.25
68,Lil,Ollie,lollie1v@msn.com,Female,246.55.137.103
69,Gwendolen,Crudginton,gcrudginton1w@globo.com,Non-binary,72.25.49.226
70,Esme,Derrick,ederrick1x@rakuten.co.jp,Male,6.6.152.52
71,Shandeigh,Petrolli,spetrolli1y@g.co,Female,244.99.45.170
72,Nanny,Reppaport,nreppaport1z@twitpic.com,Female,141.127.253.67
73,Laurel,Yapp,lyapp20@constantcontact.com,Female,98.23.159.6
74,Ferguson,Ben,fben21@ibm.com,Male,172.179.160.11
75,Maxwell,Ardling,mardling22@seattletimes.com,Male,88.113.68.176
76,Land,Peagram,lpeagram23@google.co.jp,Male,247.76.98.192
77,Johanna,Doughty,jdoughty24@feedburner.com,Female,117.73.60.206
78,Hewie,Gauvain,hgauvain25@chronoengine.com,Male,82.148.251.247
79,Chloette,Govett,cgovett26@dropbox.com,Female,168.165.159.8
80,Vincenty,Assandri,vassandri27@apple.com,Male,197.195.242.121
81,Harrietta,Robrow,hrobrow28@altervista.org,Female,150.124.183.129
82,Igor,Hinkens,ihinkens29@woothemes.com,Male,245.209.79.195
83,Luisa,Gwillym,lgwillym2a@zimbio.com,Polygender,113.244.167.209
84,Alessandro,Monks,amonks2b@opera.com,Male,244.100.199.135
85,Noam,Faircloth,nfaircloth2c@mapquest.com,Male,118.194.128.25
86,Nertie,Kelshaw,nkelshaw2d@nih.gov,Female,229.52.112.208
87,Ileana,Ruck,iruck2e@noaa.gov,Female,163.150.158.189
88,Artie,Fleisch,afleisch2f@infoseek.co.jp,Male,202.112.106.33
89,Town,Jacques,tjacques2g@prweb.com,Male,118.32.123.38
90,Maria,Aldwich,maldwich2h@baidu.com,Female,179.30.9.221
91,Munroe,Rainbow,mrainbow2i@ask.com,Male,141.179.62.234
92,Barney,Fealy,bfealy2j@aboutads.info,Male,205.66.141.171
93,Gianni,Tidridge,gtidridge2k@stanford.edu,Male,140.190.7.77
94,Henderson,Keyson,hkeyson2l@spiegel.de,Male,210.162.121.195
95,Zia,Minet,zminet2m@ustream.tv,Female,51.76.75.174
96,Al,Crosher,acrosher2n@ameblo.jp,Male,212.72.70.245
97,Clea,Craigs,ccraigs2o@phpbb.com,Female,23.138.161.43
98,Carole,Grose,cgrose2p@census.gov,Female,144.35.168.213
99,Guillermo,Benoist,gbenoist2q@dailymotion.com,Non-binary,164.139.68.12
100,Ruddy,Discombe,rdiscombe2r@chron.com,Male,194.127.186.159
101,Elmo,Meddings,emeddings2s@ameblo.jp,Male,92.188.193.128
102,Damiano,Elkin,delkin2t@pcworld.com,Male,73.109.27.125
103,Winnie,Tonbye,wtonbye2u@bloglovin.com,Male,215.115.221.102
104,Dagmar,Wiggam,dwiggam2v@thetimes.co.uk,Female,199.240.165.103
105,Alvera,Filimore,afilimore2w@mayoclinic.com,Female,11.130.53.165
106,Park,Daye,pdaye2x@abc.net.au,Male,95.201.39.199
107,Sanson,Pole,spole2y@shutterfly.com,Male,116.2.108.70
108,Trev,Gillinghams,tgillinghams2z@is.gd,Male,247.133.219.243
109,Thebault,Faley,tfaley30@reverbnation.com,Male,241.30.11.188
110,Willabella,Reignard,wreignard31@archive.org,Female,112.154.73.146
111,Paige,Rowland,prowland32@ycombinator.com,Male,112.109.213.43
112,Clem,Thirkettle,cthirkettle33@digg.com,Male,135.11.158.44
113,Zita,Larrad,zlarrad34@ucoz.com,Female,58.129.126.60
114,Barrie,Bygraves,bbygraves35@typepad.com,Female,245.136.62.252
115,Deborah,Dahlborg,ddahlborg36@aol.com,Female,150.230.134.78
116,Ellsworth,Langman,elangman37@fda.gov,Male,113.11.74.79
117,Ennis,Santos,esantos38@sun.com,Male,36.139.254.112
118,Shanna,Fudger,sfudger39@ycombinator.com,Female,164.3.76.30
119,Geneva,Paireman,gpaireman3a@wordpress.org,Female,106.152.160.212
120,Joachim,Shelp,jshelp3b@sohu.com,Male,141.57.226.51
121,Katie,Hartshorn,khartshorn3c@blogger.com,Female,238.2.48.175
122,Kennan,Avent,kavent3d@w3.org,Male,118.112.225.26
123,Alida,Bocock,abocock3e@edublogs.org,Female,45.150.158.93
124,Kariotta,Stanway,kstanway3f@chronoengine.com,Female,34.168.116.246
125,Louella,Morin,lmorin3g@trellian.com,Female,18.68.16.102
126,Ulrike,Gautrey,ugautrey3h@mit.edu,Female,96.3.139.27
127,Harriet,Koba,hkoba3i@infoseek.co.jp,Female,239.208.119.46
128,Adolpho,Huot,ahuot3j@oaic.gov.au,Male,213.243.101.120
129,Kennedy,Finnick,kfinnick3k@eventbrite.com,Male,47.205.23.60
130,Bernita,Hennington,bhennington3l@marriott.com,Non-binary,97.96.45.248
131,Bealle,Risborough,brisborough3m@sciencedaily.com,Male,179.255.16.96
132,Hazel,Houndson,hhoundson3n@redcross.org,Male,215.202.33.141
133,Darline,Broomfield,dbroomfield3o@wsj.com,Female,111.108.143.190
134,Sophia,Leversha,sleversha3p@sciencedirect.com,Female,80.174.230.177
135,Melissa,Sodory,msodory3q@about.com,Female,50.69.127.144
136,Evan,Giorgetti,egiorgetti3r@slideshare.net,Male,252.15.80.1
137,Elie,Casetti,ecasetti3s@amazon.com,Bigender,74.185.116.104
138,Sonnie,Darlaston,sdarlaston3t@globo.com,Female,205.62.172.188
139,Tim,Prettjohn,tprettjohn3u@disqus.com,Male,227.69.38.122
140,Edsel,Espinos,eespinos3v@craigslist.org,Male,242.73.229.195
141,Cammy,Brimelow,cbrimelow3w@wired.com,Male,133.61.242.191
142,Aliza,Witul,awitul3x@tripod.com,Female,63.169.120.53
143,Dennis,Stubbert,dstubbert3y@unesco.org,Male,67.245.16.222
144,Eal,Kermannes,ekermannes3z@gov.uk,Male,139.90.16.154
145,Evy,Morden,emorden40@cyberchimps.com,Female,223.65.241.25
146,Freeland,Tregunna,ftregunna41@weibo.com,Male,103.176.131.3
147,Ev,Carlson,ecarlson42@wufoo.com,Male,248.130.239.20
148,Taryn,Dawltrey,tdawltrey43@timesonline.co.uk,Female,212.13.27.179
149,Roshelle,Franck,rfranck44@toplist.cz,Female,159.30.193.228
150,Remus,Kures,rkures45@bloomberg.com,Male,138.135.58.122
151,Maritsa,Gommey,mgommey46@multiply.com,Female,138.145.179.24
152,Codi,Patman,cpatman47@whitehouse.gov,Female,202.181.106.242
153,Giffie,Shire,gshire48@redcross.org,Male,238.175.207.105
154,Elladine,Stranks,estranks49@weibo.com,Female,51.17.18.65
155,Peirce,Brea,pbrea4a@zimbio.com,Male,252.186.241.251
156,Ebenezer,Coumbe,ecoumbe4b@newyorker.com,Male,192.178.194.139
157,Edgardo,Wensley,ewensley4c@nasa.gov,Male,113.152.102.46
158,Josias,Mattecot,jmattecot4d@europa.eu,Male,15.102.32.122
159,Clementine,Sibyllina,csibyllina4e@paypal.com,Female,31.210.176.171
160,Araldo,Puve,apuve4f@hao123.com,Male,234.27.219.133
161,Berty,Arnhold,barnhold4g@google.fr,Male,2.48.28.21
162,Marianna,Pordal,mpordal4h@trellian.com,Female,90.116.198.31
163,Valene,MacKibbon,vmackibbon4i@dell.com,Bigender,129.15.135.133
164,Ingamar,Coutts,icoutts4j@usnews.com,Genderfluid,25.49.129.29
165,Natalya,Cheasman,ncheasman4k@reddit.com,Female,212.185.118.96
166,Alain,Coxhead,acoxhead4l@forbes.com,Male,103.18.30.166
167,Gregoire,Mordey,gmordey4m@diigo.com,Male,41.175.37.250
168,Tally,Greenhowe,tgreenhowe4n@weibo.com,Male,33.139.218.99
169,Celestina,Christoforou,cchristoforou4o@umich.edu,Female,24.81.214.203
170,Calida,Ebbings,cebbings4p@irs.gov,Female,158.242.77.127
171,Tommie,Radloff,tradloff4q@springer.com,Female,174.34.109.49
172,Kip,Sirkett,ksirkett4r@icq.com,Female,96.205.169.178
173,Ephraim,Gynni,egynni4s@tamu.edu,Male,149.24.144.124
174,Evangeline,Rolfe,erolfe4t@g.co,Female,16.99.12.113
175,Shawnee,Edinburgh,sedinburgh4u@jugem.jp,Female,146.83.45.104
176,Saul,Maasz,smaasz4v@qq.com,Male,72.78.214.154
177,Raquela,Megson,rmegson4w@alibaba.com,Female,113.21.132.176
178,Eldin,Tucknutt,etucknutt4x@latimes.com,Bigender,8.67.94.198
179,Joni,Cowthard,jcowthard4y@whitehouse.gov,Female,183.239.25.192
180,Leon,Crimpe,lcrimpe4z@webeden.co.uk,Male,107.143.94.58
181,Christean,Duffett,cduffett50@360.cn,Female,48.163.38.120
182,Dugald,Costelloe,dcostelloe51@economist.com,Male,208.184.84.97
183,Raddy,Marusic,rmarusic52@skyrock.com,Polygender,85.202.172.200
184,Lynn,Lowrie,llowrie53@youtube.com,Male,210.130.97.123
185,Karil,Benezet,kbenezet54@tripod.com,Female,99.132.82.226
186,Greer,Elmes,gelmes55@whitehouse.gov,Female,45.68.219.209
187,Johannah,Rastall,jrastall56@hc360.com,Female,240.167.67.83
188,Kayla,Deery,kdeery57@dailymail.co.uk,Female,227.193.253.232
189,Carolynn,Dodgson,cdodgson58@github.com,Female,16.247.107.3
190,Osgood,Matasov,omatasov59@zdnet.com,Male,122.134.227.192
191,Trevar,Kupka,tkupka5a@yahoo.co.jp,Male,65.47.120.137
192,Webster,Dafydd,wdafydd5b@bravesites.com,Male,166.86.160.17
193,Skipp,Wrassell,swrassell5c@pcworld.com,Male,131.110.119.86
194,Yancey,Tofanini,ytofanini5d@blogspot.com,Male,247.139.101.214
195,Bobinette,Woodwind,bwoodwind5e@usda.gov,Female,113.46.97.165
196,Bradley,Couldwell,bcouldwell5f@acquirethisname.com,Non-binary,69.135.26.152
197,Dietrich,Gilhespy,dgilhespy5g@time.com,Male,151.189.112.178
198,Korrie,Zorzutti,kzorzutti5h@cdc.gov,Female,189.53.180.137
199,Art,Dyett,adyett5i@squidoo.com,Male,140.200.181.72
200,Myer,Dabner,mdabner5j@clickbank.net,Male,118.229.79.113
201,Conroy,Logsdale,clogsdale5k@gravatar.com,Male,136.79.2.35
202,Jenni,Whittet,jwhittet5l@cnet.com,Female,220.87.180.144
203,Britteny,Gwyllt,bgwyllt5m@constantcontact.com,Female,46.239.46.206
204,Melina,Egleton,megleton5n@mashable.com,Female,66.6.155.250
205,Forrest,Brockie,fbrockie5o@1und1.de,Male,120.99.47.85
206,Symon,McAlister,smcalister5p@infoseek.co.jp,Genderfluid,48.245.23.232
207,Edlin,Cavey,ecavey5q@weebly.com,Male,208.6.90.185
208,Dorian,Connew,dconnew5r@microsoft.com,Polygender,196.193.77.253
209,Marthe,Richford,mrichford5s@fema.gov,Female,126.185.148.119
210,Bronson,Charity,bcharity5t@themeforest.net,Male,34.101.184.226
211,Abra,Woodyer,awoodyer5u@archive.org,Female,179.110.122.116
212,Pegeen,Gudde,pgudde5v@businessinsider.com,Female,159.54.173.210
213,Stephen,Mougel,smougel5w@storify.com,Male,105.242.98.123
214,Reamonn,Stafford,rstafford5x@businessweek.com,Male,197.243.231.98
215,Sayre,Rapps,srapps5y@sogou.com,Female,240.71.143.49
216,Shurlock,Taylo,staylo5z@de.vu,Male,92.52.78.205
217,Margaret,Warlawe,mwarlawe60@shareasale.com,Female,183.138.51.151
218,Jamison,Coulthard,jcoulthard61@google.de,Male,199.55.203.69
219,Marybelle,Hartright,mhartright62@bloglines.com,Female,50.20.187.148
220,Binky,Walden,bwalden63@about.me,Male,227.77.136.168
221,Matti,Camillo,mcamillo64@narod.ru,Female,60.228.242.76
222,Erroll,Lamberto,elamberto65@friendfeed.com,Male,62.71.55.128
223,Valentine,Ellissen,vellissen66@tmall.com,Male,63.21.27.27
224,Giulia,Michelet,gmichelet67@wired.com,Female,10.32.192.114
225,Dennison,Palmer,dpalmer68@utexas.edu,Male,211.112.51.214
226,Riordan,Thorrold,rthorrold69@liveinternet.ru,Male,48.216.202.47
227,Eugenie,Wandtke,ewandtke6a@elegantthemes.com,Genderfluid,162.69.92.38
228,Inna,Gimenez,igimenez6b@theatlantic.com,Female,248.154.231.36
229,Ludvig,Nurdin,lnurdin6c@weibo.com,Male,58.55.10.48
230,Lesya,Norvill,lnorvill6d@prlog.org,Female,53.206.254.56
231,Leah,Steely,lsteely6e@stanford.edu,Female,114.187.47.17
232,Lilly,Pien,lpien6f@hp.com,Female,70.162.38.173
233,Auberon,Grzeszczak,agrzeszczak6g@ifeng.com,Male,119.140.154.55
234,June,Peyro,jpeyro6h@addthis.com,Female,167.19.94.228
235,Wyndham,Maywood,wmaywood6i@tinyurl.com,Male,216.93.72.145
236,Mace,Gheorghescu,mgheorghescu6j@acquirethisname.com,Male,89.205.240.205
237,Timmy,Driuzzi,tdriuzzi6k@ucsd.edu,Male,13.251.27.114
238,Dulcea,Shimon,dshimon6l@quantcast.com,Female,143.128.78.119
239,Trenna,Dashkov,tdashkov6m@lulu.com,Female,30.41.176.114
240,Wolfy,Spat,wspat6n@youtu.be,Male,228.132.20.205
241,Dee,Johnys,djohnys6o@economist.com,Female,192.0.16.141
242,Ricki,Feaks,rfeaks6p@chron.com,Male,102.67.192.93
243,Cass,Madelin,cmadelin6q@mapy.cz,Male,161.34.140.56
244,Wilburt,Vickarman,wvickarman6r@aol.com,Male,35.102.178.165
245,Bond,Gallager,bgallager6s@techcrunch.com,Male,21.219.39.55
246,Aundrea,Hanvey,ahanvey6t@loc.gov,Female,110.66.74.44
247,Abey,Litton,alitton6u@ifeng.com,Male,56.10.180.6
248,Berri,Chupin,bchupin6v@ucoz.com,Female,60.39.113.2
249,Inge,Traut,itraut6w@google.ca,Female,19.12.171.48
250,Ruy,Thresh,rthresh6x@tamu.edu,Male,77.222.23.141
251,Juanita,Bullocke,jbullocke6y@engadget.com,Female,59.73.116.24
252,Falkner,Yesinov,fyesinov6z@theguardian.com,Male,3.227.112.80
253,Farris,Pywell,fpywell70@berkeley.edu,Male,18.96.12.248
254,Wilton,Sucre,wsucre71@moonfruit.com,Male,212.135.224.16
255,Maddy,Corgenvin,mcorgenvin72@home.pl,Female,217.32.132.15
256,Lucas,Vassbender,lvassbender73@com.com,Male,73.69.80.141
257,Flori,Gregoire,fgregoire74@tmall.com,Female,79.183.196.149
258,Roz,Scole,rscole75@sciencedaily.com,Female,23.60.2.72
259,Emilee,Matthews,ematthews76@google.com,Agender,236.71.89.8
260,Darci,Wallworke,dwallworke77@nps.gov,Female,221.228.154.172
261,Forster,Henricsson,fhenricsson78@comsenz.com,Male,129.60.240.118
262,Sylvan,Gotthard,sgotthard79@paginegialle.it,Male,141.244.231.98
263,Carroll,Kynman,ckynman7a@qq.com,Genderfluid,120.183.198.26
264,Gabe,Rothera,grothera7b@facebook.com,Male,134.57.136.49
265,Gibbie,Apdell,gapdell7c@cnet.com,Male,86.108.147.12
266,Alberik,Yeats,ayeats7d@irs.gov,Male,166.36.164.7
267,Fayette,Furmonger,ffurmonger7e@gravatar.com,Female,105.208.248.94
268,Joanne,Kays,jkays7f@dion.ne.jp,Female,62.28.207.214
269,Nappie,Trumper,ntrumper7g@earthlink.net,Male,32.74.43.37
270,Ahmed,Tenwick,atenwick7h@marketwatch.com,Male,238.235.167.217
271,Xavier,Mcwhinney,xmcwhinney7i@odnoklassniki.ru,Male,179.102.199.162
272,Kylila,MacNaughton,kmacnaughton7j@newsvine.com,Female,62.242.163.38
273,Fredericka,Travis,ftravis7k@uiuc.edu,Female,199.181.56.117
274,Malanie,McLean,mmclean7l@a8.net,Female,4.49.139.191
275,Mile,Kohnert,mkohnert7m@histats.com,Male,125.22.38.211
276,Alfie,Duignan,aduignan7n@smh.com.au,Polygender,254.28.164.251
277,Tiffy,Gilmour,tgilmour7o@naver.com,Polygender,201.42.27.198
278,Kendell,Symes,ksymes7p@cocolog-nifty.com,Male,246.245.27.80
279,Sara-ann,Fenney,sfenney7q@ebay.com,Female,201.18.235.71
280,Adora,Hakes,ahakes7r@github.com,Female,234.96.58.166
281,Christi,Zumbusch,czumbusch7s@google.es,Female,42.230.241.49
282,Wyn,McKeurton,wmckeurton7t@cbc.ca,Bigender,135.234.191.64
283,Tabitha,Szymaniak,tszymaniak7u@usnews.com,Bigender,31.41.77.106
284,Kilian,Whapple,kwhapple7v@tumblr.com,Male,88.20.200.47
285,Kathlin,Pardue,kpardue7w@independent.co.uk,Agender,9.230.197.240
286,Virgina,Spring,vspring7x@nsw.gov.au,Female,167.111.107.10
287,Sheilakathryn,Caramuscia,scaramuscia7y@ifeng.com,Female,60.157.182.89
288,Bette-ann,Palmer,bpalmer7z@about.me,Polygender,93.0.236.252
289,Alphonse,Venus,avenus80@networksolutions.com,Male,114.34.115.104
290,Brantley,McGaugey,bmcgaugey81@tamu.edu,Male,232.213.173.223
291,Clotilda,Redgewell,credgewell82@wikispaces.com,Female,78.195.66.146
292,Queenie,Bowsher,qbowsher83@mapquest.com,Polygender,79.98.104.61
293,Rene,Brinded,rbrinded84@mozilla.org,Female,122.72.106.159
294,Lynn,Strongman,lstrongman85@time.com,Bigender,84.71.93.82
295,Esteban,Lindenbluth,elindenbluth86@jugem.jp,Male,62.210.12.12
296,Fawnia,Leys,fleys87@sfgate.com,Female,226.27.9.253
297,Royce,Waddy,rwaddy88@ucoz.com,Male,16.234.222.157
298,Tova,Witcomb,twitcomb89@stanford.edu,Non-binary,189.172.224.68
299,Breanne,Carlaw,bcarlaw8a@creativecommons.org,Female,15.102.69.68
300,Hunter,Mcall,hmcall8b@google.com.au,Male,174.222.186.34
301,Corenda,Deschlein,cdeschlein8c@shareasale.com,Female,139.184.158.12
302,Kenna,McSkin,kmcskin8d@soup.io,Female,108.77.55.245
303,Kat,Wigglesworth,kwigglesworth8e@wufoo.com,Agender,52.116.15.23
304,Sioux,Febvre,sfebvre8f@edublogs.org,Female,1.40.94.84
305,Ade,Ferreres,aferreres8g@ft.com,Male,53.94.141.139
306,Madella,Bestall,mbestall8h@illinois.edu,Female,9.85.14.101
307,Jozef,Auckland,jauckland8i@exblog.jp,Male,212.71.52.171
308,Murvyn,Covely,mcovely8j@smh.com.au,Male,52.245.146.110
309,Pet,Mallinar,pmallinar8k@illinois.edu,Genderqueer,113.251.35.109
310,Ailene,Treacy,atreacy8l@forbes.com,Female,149.10.37.206
311,Felix,Fogt,ffogt8m@sciencedirect.com,Male,70.39.123.38
312,Duffy,Hullett,dhullett8n@booking.com,Male,125.116.189.50
313,Philbert,Paoletti,ppaoletti8o@tamu.edu,Male,239.148.242.184
314,Chancey,Adamczewski,cadamczewski8p@gov.uk,Male,6.181.44.226
315,Moss,Dobby,mdobby8q@artisteer.com,Male,185.173.100.239
316,Reamonn,Artindale,rartindale8r@nsw.gov.au,Male,98.66.107.193
317,Eloisa,Edleston,eedleston8s@bigcartel.com,Female,14.236.244.44
318,Tiff,Crush,tcrush8t@ucsd.edu,Polygender,35.29.4.178
319,Martguerita,Frentz,mfrentz8u@ustream.tv,Female,4.32.199.190
320,Betti,Elstob,belstob8v@ted.com,Female,25.122.161.88
321,Thedric,Lafont,tlafont8w@unicef.org,Male,73.7.229.62
322,Kelsi,Norton,knorton8x@sun.com,Female,222.130.81.46
323,Artemus,Blundin,ablundin8y@miibeian.gov.cn,Polygender,64.124.102.102
324,Bendicty,Blythe,bblythe8z@springer.com,Male,177.213.78.16
325,Britta,Ison,bison90@csmonitor.com,Polygender,153.15.121.202
326,Gerti,Pestell,gpestell91@jigsy.com,Female,135.122.192.115
327,Dennet,Sukbhans,dsukbhans92@princeton.edu,Male,224.65.24.15
328,Garwood,Gillbanks,ggillbanks93@wufoo.com,Male,167.115.79.227
329,Debor,Jira,djira94@youtu.be,Female,0.142.47.186
330,Laney,Leak,lleak95@npr.org,Female,99.140.77.216
331,Goldi,Sidary,gsidary96@linkedin.com,Female,97.255.126.45
332,Meara,Ragborne,mragborne97@wsj.com,Female,77.210.50.23
333,Nerte,Luttgert,nluttgert98@vk.com,Female,22.205.160.54
334,Kit,Foresight,kforesight99@over-blog.com,Male,221.245.205.94
335,Maurene,Vittle,mvittle9a@biblegateway.com,Female,228.164.146.184
336,Merilyn,Corsan,mcorsan9b@wiley.com,Female,121.206.197.241
337,Florence,Stable,fstable9c@themeforest.net,Female,196.185.205.216
338,Anthiathia,Jirick,ajirick9d@mayoclinic.com,Female,244.43.202.197
339,Babita,Atwood,batwood9e@unesco.org,Female,125.111.95.224
340,Kerwinn,Akhurst,kakhurst9f@goo.gl,Male,88.220.129.26
341,Geri,Beet,gbeet9g@wsj.com,Agender,174.176.233.105
342,Jaimie,Coggill,jcoggill9h@wired.com,Male,18.54.205.253
343,Lark,Jakov,ljakov9i@canalblog.com,Female,23.29.196.176
344,Charmine,Trewin,ctrewin9j@123-reg.co.uk,Female,232.27.116.103
345,Fina,Abden,fabden9k@sourceforge.net,Female,23.75.255.7
346,Jewelle,Hanvey,jhanvey9l@domainmarket.com,Female,141.153.254.127
347,Rubina,Di Biasio,rdibiasio9m@omniture.com,Genderqueer,35.119.77.242
348,Des,Summons,dsummons9n@freewebs.com,Male,210.239.196.86
349,Faustina,Corby,fcorby9o@a8.net,Female,188.105.131.16
350,Arabel,Bauchop,abauchop9p@tamu.edu,Female,172.159.125.239
351,Berkly,Haddleston,bhaddleston9q@spiegel.de,Male,132.96.31.41
352,Gray,Dickerline,gdickerline9r@example.com,Polygender,89.8.186.159
353,Pattin,Roussel,proussel9s@buzzfeed.com,Male,178.213.252.43
354,Sloan,Doore,sdoore9t@biglobe.ne.jp,Male,155.87.47.12
355,Merilee,Adin,madin9u@liveinternet.ru,Female,107.217.30.246
356,Ham,Slessor,hslessor9v@foxnews.com,Male,72.169.171.87
357,Humfried,Elfleet,helfleet9w@washington.edu,Male,151.14.224.8
358,Raleigh,Hatt,rhatt9x@pbs.org,Male,38.15.231.35
359,Fredi,Chappelow,fchappelow9y@bizjournals.com,Genderqueer,225.86.88.232
360,Iver,Blind,iblind9z@discuz.net,Polygender,17.183.195.8
361,Julianna,Aylen,jaylena0@cbc.ca,Female,207.124.45.232
362,Carmine,Nolleth,cnolletha1@is.gd,Non-binary,117.52.227.158
363,Raychel,Boteman,rbotemana2@squarespace.com,Female,84.246.125.241
364,Krishna,Mettericke,kmetterickea3@noaa.gov,Male,248.201.93.169
365,Gino,Kenset,gkenseta4@blog.com,Male,204.56.105.133
366,Pacorro,Coggings,pcoggingsa5@woothemes.com,Male,142.216.215.15
367,Torin,MacMurray,tmacmurraya6@e-recht24.de,Male,114.68.44.72
368,Rora,Donalson,rdonalsona7@sina.com.cn,Female,177.186.109.77
369,Inessa,Chaffyn,ichaffyna8@youtu.be,Female,68.250.12.157
370,Abba,Matteucci,amatteuccia9@berkeley.edu,Male,196.198.244.37
371,Erma,Kimmons,ekimmonsaa@quantcast.com,Female,39.205.132.86
372,Kata,Lafaye,klafayeab@google.de,Female,181.77.153.101
373,Gregg,Rameaux,grameauxac@nih.gov,Male,84.191.126.44
374,Gawen,Monget,gmongetad@sogou.com,Agender,60.211.66.75
375,Marshal,Jenicke,mjenickeae@comcast.net,Male,44.215.169.92
376,Nickey,O'Cassidy,nocassidyaf@google.ru,Male,12.91.137.146
377,Miles,Bagger,mbaggerag@printfriendly.com,Male,12.144.157.200
378,Dolf,Robertsen,drobertsenah@nsw.gov.au,Male,23.162.135.60
379,Dorri,Wrettum,dwrettumai@thetimes.co.uk,Female,134.100.147.174
380,Andy,Wagner,awagneraj@xinhuanet.com,Female,136.92.244.76
381,Gavrielle,Wadworth,gwadworthak@mysql.com,Female,65.172.135.12
382,Christean,Enderby,cenderbyal@photobucket.com,Female,204.248.47.155
383,Jorge,MacGregor,jmacgregoram@google.es,Male,45.244.110.30
384,Even,Braunfeld,ebraunfeldan@istockphoto.com,Male,5.4.101.34
385,Brittni,Dyne,bdyneao@nasa.gov,Female,160.35.36.188
386,Edward,Doxey,edoxeyap@friendfeed.com,Male,198.95.236.234
387,Pier,MacCambridge,pmaccambridgeaq@senate.gov,Female,247.168.74.206
388,Terrijo,Graith,tgraithar@bbb.org,Female,223.13.222.70
389,Carolina,Kennewell,ckennewellas@telegraph.co.uk,Female,86.128.134.241
390,Mata,Godfery,mgodferyat@opensource.org,Male,188.147.33.172
391,Jeanna,Tulleth,jtullethau@tiny.cc,Female,197.230.212.44
392,Murielle,Risley,mrisleyav@gmpg.org,Female,103.7.0.90
393,Mallory,Oswell,moswellaw@paypal.com,Female,233.159.136.11
394,Neal,Trowl,ntrowlax@i2i.jp,Male,97.255.221.234
395,Ashleigh,Briskey,abriskeyay@netvibes.com,Female,112.20.108.104
396,Irena,Brandom,ibrandomaz@reverbnation.com,Female,169.120.79.192
397,Spense,Linscott,slinscottb0@usgs.gov,Male,244.231.22.48
398,Buiron,Halligan,bhalliganb1@spotify.com,Male,116.220.118.196
399,Arney,Fearneley,afearneleyb2@cpanel.net,Male,66.219.192.225
400,Meredith,Raynor,mraynorb3@economist.com,Male,180.198.247.30
401,Sibella,Tinston,stinstonb4@google.com.br,Non-binary,183.204.42.210
402,Todd,Medcalf,tmedcalfb5@hp.com,Male,10.87.108.4
403,Katharina,Bullene,kbulleneb6@google.nl,Agender,120.233.229.165
404,Augy,Finnick,afinnickb7@senate.gov,Male,169.32.248.89
405,Roseanna,Ivanishev,rivanishevb8@wikispaces.com,Female,55.89.134.11
406,Corenda,Weaving,cweavingb9@squarespace.com,Female,191.23.184.212
407,Palmer,Khomich,pkhomichba@blog.com,Male,117.139.200.91
408,Humphrey,Strute,hstrutebb@yolasite.com,Male,195.22.206.170
409,Rustie,Sear,rsearbc@un.org,Male,129.91.7.247
410,Ruttger,Jeffreys,rjeffreysbd@nytimes.com,Male,146.156.106.12
411,Torre,Escalera,tescalerabe@alibaba.com,Male,119.214.207.220
412,Red,Dudley,rdudleybf@thetimes.co.uk,Male,212.156.7.214
413,Aubrie,Ricoald,aricoaldbg@trellian.com,Female,11.134.152.129
414,Cam,Morten,cmortenbh@mysql.com,Female,55.23.24.121
415,Renee,Dy,rdybi@dot.gov,Female,44.19.8.132
416,Elihu,Hicken,ehickenbj@bbc.co.uk,Male,216.167.173.159
417,Gideon,Hutfield,ghutfieldbk@umn.edu,Male,224.253.205.114
418,Jesselyn,Mackneis,jmackneisbl@over-blog.com,Female,64.190.9.112
419,Terry,Sailor,tsailorbm@miitbeian.gov.cn,Genderfluid,28.92.187.164
420,Edgard,Verbrugghen,everbrugghenbn@craigslist.org,Male,102.192.39.32
421,Arlee,Eustice,aeusticebo@blogtalkradio.com,Female,158.162.133.17
422,Jacquelyn,Swigger,jswiggerbp@cdbaby.com,Female,87.120.168.242
423,Katherina,Rysom,krysombq@cdbaby.com,Bigender,164.36.18.155
424,Adam,Kenshole,akensholebr@sohu.com,Male,73.97.107.63
425,Pennie,Aldcorn,paldcornbs@shop-pro.jp,Female,106.240.196.177
426,Allix,Vizor,avizorbt@yandex.ru,Female,122.218.89.170
427,Arnie,Baskeyfield,abaskeyfieldbu@timesonline.co.uk,Male,204.253.81.48
428,Glad,Dionsetto,gdionsettobv@mlb.com,Female,208.112.121.59
429,Rhett,Daintrey,rdaintreybw@purevolume.com,Male,49.138.205.30
430,Dalia,Golding,dgoldingbx@cornell.edu,Female,141.41.86.28
431,Erica,Farlow,efarlowby@multiply.com,Female,70.255.220.100
432,Simmonds,Peye,speyebz@theglobeandmail.com,Male,19.177.149.16
433,Fabio,Megainey,fmegaineyc0@washington.edu,Male,80.172.176.164
434,Pierrette,Gresswell,pgresswellc1@ca.gov,Bigender,236.98.129.12
435,Abey,Phethean,aphetheanc2@studiopress.com,Male,255.194.6.146
436,Robinson,Wrench,rwrenchc3@forbes.com,Male,78.210.244.120
437,Adelind,Carlesi,acarlesic4@shinystat.com,Female,142.185.168.65
438,Lesley,O'Lyhane,lolyhanec5@howstuffworks.com,Female,149.180.34.125
439,Allard,De Ortega,adeortegac6@stumbleupon.com,Male,3.199.4.52
440,Ofelia,Barbosa,obarbosac7@facebook.com,Female,50.90.171.37
441,Wernher,Wadly,wwadlyc8@friendfeed.com,Male,122.124.208.106
442,Lin,Husk,lhuskc9@youku.com,Male,63.92.221.117
443,Diandra,Zambon,dzambonca@symantec.com,Female,7.104.68.17
444,Jule,Oaks,joakscb@newsvine.com,Male,41.42.229.138
445,Amaleta,Wenderott,awenderottcc@unc.edu,Female,250.193.102.230
446,Fawne,Monelle,fmonellecd@latimes.com,Female,106.149.233.227
447,Terry,Sucre,tsucrece@newyorker.com,Male,8.158.209.94
448,Kelley,Troillet,ktroilletcf@geocities.jp,Female,35.136.174.172
449,Carney,Cowern,ccowerncg@imdb.com,Male,194.215.82.63
450,Eddi,Glynn,eglynnch@php.net,Female,240.185.28.9
451,Berky,Pashbee,bpashbeeci@java.com,Male,48.23.78.66
452,Minetta,Blackden,mblackdencj@bbb.org,Female,137.136.68.219
453,Alfy,Tytler,atytlerck@toplist.cz,Female,139.71.169.213
454,Nikolaus,Delea,ndeleacl@scientificamerican.com,Male,67.172.176.243
455,Lindie,Lampaert,llampaertcm@xinhuanet.com,Female,15.235.247.29
456,Emalee,Milner,emilnercn@tuttocitta.it,Polygender,171.84.162.207
457,Happy,Passman,hpassmanco@phoca.cz,Female,227.171.200.159
458,Dorothee,Glancy,dglancycp@tinypic.com,Female,158.123.105.136
459,Gianina,Sabattier,gsabattiercq@dedecms.com,Female,251.51.201.197
460,Lilith,Drohun,ldrohuncr@smh.com.au,Female,73.242.142.94
461,Ken,Hulme,khulmecs@springer.com,Male,253.214.195.165
462,Rosette,Doorey,rdooreyct@uol.com.br,Female,75.246.224.49
463,Hamnet,Rault,hraultcu@npr.org,Male,98.75.215.235
464,Bruis,Gatchell,bgatchellcv@google.ru,Male,248.1.155.188
465,Dulcine,Merrison,dmerrisoncw@washington.edu,Female,201.212.70.56
466,Hamel,De La Haye,hdelahayecx@qq.com,Male,173.224.255.153
467,Coralyn,Itzhayek,citzhayekcy@sun.com,Female,5.195.188.149
468,Giorgio,Padley,gpadleycz@spiegel.de,Male,96.98.81.60
469,Ernie,Summerlie,esummerlied0@disqus.com,Male,36.104.230.78
470,Erin,L'Episcopio,elepiscopiod1@loc.gov,Male,255.233.215.167
471,Jeno,Carver,jcarverd2@dedecms.com,Male,42.73.235.228
472,Flint,Brocklebank,fbrocklebankd3@prweb.com,Bigender,29.187.142.181
473,Marleah,Trembey,mtrembeyd4@wired.com,Female,181.133.143.173
474,Taber,Whinray,twhinrayd5@oakley.com,Male,60.176.24.140
475,Collette,Heinonen,cheinonend6@comsenz.com,Female,23.28.28.2
476,Diane-marie,Swateridge,dswateridged7@woothemes.com,Female,62.63.202.70
477,Brandyn,Godspede,bgodspeded8@tamu.edu,Male,39.59.34.72
478,Colan,Bonwell,cbonwelld9@4shared.com,Male,180.232.116.197
479,Erena,Barfield,ebarfieldda@slideshare.net,Female,241.44.227.66
480,Hillery,Gauson,hgausondb@adobe.com,Male,152.58.132.57
481,Vassily,Clayhill,vclayhilldc@springer.com,Male,69.103.176.43
482,Vere,Woolward,vwoolwarddd@amazon.com,Female,125.218.43.25
483,Ted,Goldstone,tgoldstonede@imageshack.us,Female,106.134.34.118
484,Theodor,Hardman,thardmandf@google.pl,Male,221.65.176.58
485,Maddie,Souter,msouterdg@nasa.gov,Male,152.82.38.132
486,Hermy,Hallin,hhallindh@blogtalkradio.com,Male,78.65.173.59
487,Binnie,Summers,bsummersdi@bigcartel.com,Non-binary,164.77.69.61
488,Noell,Braidley,nbraidleydj@icio.us,Female,148.85.77.172
489,Lilith,Acedo,lacedodk@cloudflare.com,Female,114.220.201.63
490,Gardy,Willes,gwillesdl@fema.gov,Male,15.79.33.213
491,Gavra,Spering,gsperingdm@go.com,Female,154.9.177.145
492,Cy,Britch,cbritchdn@webnode.com,Male,141.116.250.119
493,Lezlie,L'Hommee,llhommeedo@homestead.com,Female,31.129.123.8
494,Avery,Gimber,agimberdp@rediff.com,Male,116.83.92.189
495,Lory,Althorp,lalthorpdq@behance.net,Female,193.77.215.144
496,Madelyn,Combes,mcombesdr@usgs.gov,Female,199.48.121.244
497,Iormina,Brewer,ibrewerds@usa.gov,Female,250.209.180.65
498,Robinet,Coltman,rcoltmandt@blog.com,Male,153.19.180.3
499,Wilbert,Knagges,wknaggesdu@kickstarter.com,Male,124.196.122.105
500,Elizabet,Enderlein,eenderleindv@symantec.com,Female,181.142.14.85
501,Minne,Stowe,mstowedw@comsenz.com,Agender,97.0.56.55
502,Jocelyn,Fullicks,jfullicksdx@constantcontact.com,Female,97.251.236.159
503,Nathaniel,Ozintsev,nozintsevdy@sourceforge.net,Male,15.246.8.49
504,Hermon,Alkins,halkinsdz@yahoo.co.jp,Male,87.2.113.66
505,Marcelia,Ketteridge,mketteridgee0@photobucket.com,Female,37.160.47.244
506,Christabel,Lindgren,clindgrene1@reference.com,Female,127.232.162.161
507,Christin,Howieson,chowiesone2@gov.uk,Female,132.175.133.114
508,Clement,McClinton,cmcclintone3@noaa.gov,Male,81.122.106.182
509,Dane,Quilkin,dquilkine4@amazon.co.jp,Male,20.237.165.142
510,Koralle,Hargraves,khargravese5@buzzfeed.com,Female,243.5.240.153
511,Chloe,Van den Velden,cvandenveldene6@baidu.com,Female,137.159.183.160
512,Ariel,Olyet,aolyete7@google.ca,Male,182.249.250.31
513,Jammal,Hindenburg,jhindenburge8@reddit.com,Male,32.21.29.204
514,Nickolai,De Bruijne,ndebruijnee9@ox.ac.uk,Male,88.220.187.165
515,Joe,Decker,jdeckerea@loc.gov,Male,146.202.158.84
516,Nell,Grewcock,ngrewcockeb@amazon.co.jp,Female,8.148.47.77
517,Marcelia,Chedgey,mchedgeyec@123-reg.co.uk,Female,221.6.118.198
518,Elnora,Phippard,ephipparded@seesaa.net,Female,254.95.231.194
519,Windy,Earley,wearleyee@taobao.com,Female,25.43.199.188
520,Mavis,Baline,mbalineef@dion.ne.jp,Female,177.227.200.244
521,Armin,De Biasio,adebiasioeg@cbslocal.com,Male,139.224.251.27
522,Estevan,Taylot,etayloteh@intel.com,Male,115.215.204.110
523,Elaine,Dever,edeverei@ask.com,Female,53.186.108.119
524,Bearnard,De Paoli,bdepaoliej@forbes.com,Polygender,140.97.10.52
525,Regen,Coutthart,rcoutthartek@geocities.jp,Male,241.122.72.180
526,Katha,Bampkin,kbampkinel@symantec.com,Female,63.138.162.85
527,Agace,Hehnke,ahehnkeem@mediafire.com,Female,7.41.46.32
528,Ann-marie,Glancey,aglanceyen@printfriendly.com,Female,131.123.42.185
529,Gill,Fusedale,gfusedaleeo@homestead.com,Male,128.170.197.27
530,Nealon,MacCoughen,nmaccoughenep@sciencedaily.com,Male,74.1.112.136
531,Chas,Mogg,cmoggeq@prlog.org,Male,255.214.187.253
532,Rosetta,Ethridge,rethridgeer@gov.uk,Female,12.175.75.255
533,Georgeanna,Tortoise,gtortoisees@altervista.org,Female,204.87.52.156
534,Garvin,Eversley,geversleyet@nps.gov,Male,145.254.20.56
535,Felecia,Cornthwaite,fcornthwaiteeu@purevolume.com,Female,21.174.51.38
536,Andree,Brimilcombe,abrimilcombeev@seesaa.net,Female,245.166.109.181
537,Arlan,Pike,apikeew@answers.com,Male,250.1.197.246
538,Courtney,Messenbird,cmessenbirdex@irs.gov,Female,190.187.191.84
539,Marlee,Shevlin,mshevliney@wikispaces.com,Female,238.239.66.60
540,Huntley,Stein,hsteinez@scribd.com,Male,199.135.84.246
541,Liane,Rosenblatt,lrosenblattf0@blogs.com,Female,64.7.117.180
542,Nani,Jizhaki,njizhakif1@umich.edu,Female,252.48.29.137
543,Robbin,Grishmanov,rgrishmanovf2@delicious.com,Female,92.230.120.96
544,Beret,Miere,bmieref3@blogger.com,Polygender,83.62.72.20
545,Andy,Mettetal,amettetalf4@cpanel.net,Male,14.118.181.139
546,Myca,Treske,mtreskef5@ca.gov,Male,254.254.16.35
547,Sharline,Charte,schartef6@unc.edu,Female,97.31.18.231
548,Laird,Doleman,ldolemanf7@gov.uk,Non-binary,118.184.241.134
549,Ora,Matteini,omatteinif8@flickr.com,Female,10.143.110.139
550,Curran,Lornsen,clornsenf9@homestead.com,Male,12.235.144.69
551,Richart,Duxbarry,rduxbarryfa@1688.com,Male,214.85.118.169
552,Dodie,Yeowell,dyeowellfb@noaa.gov,Female,185.176.146.123
553,Valry,Jankin,vjankinfc@imageshack.us,Female,232.53.93.87
554,Bartel,Farriar,bfarriarfd@blinklist.com,Polygender,119.35.13.149
555,Emmye,Derill,ederillfe@youtube.com,Female,132.43.156.204
556,Doreen,Shopcott,dshopcottff@virginia.edu,Genderfluid,79.35.69.251
557,Justis,Menaul,jmenaulfg@opera.com,Male,191.52.232.171
558,Tally,Junifer,tjuniferfh@google.de,Male,113.146.45.149
559,Naomi,Bragginton,nbraggintonfi@marriott.com,Female,241.42.253.147
560,Meridel,De Mattia,mdemattiafj@themeforest.net,Female,135.59.203.45
561,Leola,Finker,lfinkerfk@weibo.com,Female,157.198.44.154
562,Niki,Metzke,nmetzkefl@constantcontact.com,Genderfluid,38.145.188.23
563,Juanita,De Blase,jdeblasefm@quantcast.com,Non-binary,0.78.129.142
564,Myrtia,Carnihan,mcarnihanfn@mapy.cz,Female,66.221.7.76
565,Teodoor,Schrei,tschreifo@tinypic.com,Male,204.161.87.197
566,Shanon,MacMillan,smacmillanfp@histats.com,Female,192.170.190.79
567,Celene,Shillington,cshillingtonfq@yahoo.com,Female,75.35.132.185
568,Eydie,Tebboth,etebbothfr@harvard.edu,Female,64.20.68.117
569,Rhianna,Risen,rrisenfs@marketwatch.com,Female,36.122.84.209
570,Gisele,Gooderham,ggooderhamft@nationalgeographic.com,Female,117.219.183.249
571,Prentice,Dibley,pdibleyfu@go.com,Male,170.227.214.152
572,Aleda,Bartul,abartulfv@multiply.com,Female,244.254.115.68
573,Peggi,Walsom,pwalsomfw@hibu.com,Female,149.207.111.103
574,Karlens,Stanner,kstannerfx@trellian.com,Male,27.154.206.153
575,Candide,Minchinton,cminchintonfy@earthlink.net,Female,93.255.95.22
576,Trumann,Farman,tfarmanfz@youtube.com,Genderfluid,83.63.226.173
577,Reine,Sammut,rsammutg0@latimes.com,Female,115.142.227.181
578,Phil,Cobb,pcobbg1@miibeian.gov.cn,Male,23.32.176.207
579,Linnet,Branton,lbrantong2@blogtalkradio.com,Female,6.140.80.206
580,Sayer,Pitkaithly,spitkaithlyg3@elpais.com,Male,232.190.29.246
581,Caldwell,People,cpeopleg4@desdev.cn,Male,243.236.137.228
582,Lanita,Vasilyev,lvasilyevg5@sitemeter.com,Bigender,8.103.125.179
583,Chrystal,Meldrum,cmeldrumg6@hibu.com,Female,166.58.178.136
584,Andre,Ivankov,aivankovg7@wsj.com,Non-binary,43.0.153.41
585,Alexei,Mawditt,amawdittg8@issuu.com,Male,29.248.229.252
586,Nora,Minter,nminterg9@theguardian.com,Female,228.230.238.14
587,Rube,Licciardo,rlicciardoga@irs.gov,Male,152.30.165.150
588,Romy,Harrowsmith,rharrowsmithgb@cocolog-nifty.com,Female,96.235.228.12
589,Trix,Plain,tplaingc@patch.com,Female,175.126.88.80
590,Jacques,Larcier,jlarciergd@yellowpages.com,Male,246.120.158.158
591,Reuven,Langstone,rlangstonege@bravesites.com,Male,238.151.164.194
592,Barrie,Kelinge,bkelingegf@pbs.org,Male,93.50.159.48
593,Alic,Walshe,awalshegg@themeforest.net,Male,152.35.81.79
594,Jere,Weatherell,jweatherellgh@edublogs.org,Female,156.85.124.55
595,Benny,Irwin,birwingi@gnu.org,Male,197.165.64.66
596,Wynny,Hacquoil,whacquoilgj@soundcloud.com,Female,214.112.148.130
597,Marijn,Tittershill,mtittershillgk@bloglines.com,Male,63.113.239.85
598,Waverly,Rilton,wriltongl@narod.ru,Male,181.101.253.186
599,Chloe,Craiker,ccraikergm@indiegogo.com,Female,52.64.38.21
600,Myrah,Pavy,mpavygn@elpais.com,Female,134.137.215.107
601,Hillel,Halsworth,hhalsworthgo@uiuc.edu,Male,46.93.171.9
602,Gustav,Swash,gswashgp@umich.edu,Male,141.112.128.8
603,Merill,Matthewman,mmatthewmangq@friendfeed.com,Male,4.73.51.115
604,Jacques,Pead,jpeadgr@technorati.com,Male,187.233.108.162
605,Malchy,Stapforth,mstapforthgs@constantcontact.com,Male,223.203.174.42
606,Torin,Karpushkin,tkarpushkingt@google.fr,Male,21.195.128.31
607,Jacquetta,Baukham,jbaukhamgu@china.com.cn,Female,195.5.17.185
608,Ambrosio,Swanbourne,aswanbournegv@studiopress.com,Bigender,242.255.0.225
609,Victoria,Goodhew,vgoodhewgw@istockphoto.com,Female,196.54.15.183
610,Berne,McCathie,bmccathiegx@yahoo.com,Male,138.17.175.249
611,Auroora,Lattimore,alattimoregy@example.com,Female,153.121.136.28
612,Mehetabel,Juzek,mjuzekgz@home.pl,Female,193.189.87.147
613,Marten,Lindenbaum,mlindenbaumh0@wiley.com,Male,30.122.97.199
614,Pat,Olenov,polenovh1@de.vu,Female,26.224.140.241
615,Teriann,Doogue,tdoogueh2@moonfruit.com,Genderfluid,143.129.182.107
616,Kingston,Alforde,kalfordeh3@posterous.com,Male,59.0.182.14
617,Shelley,Bengoechea,sbengoecheah4@t.co,Female,40.223.108.219
618,Yetta,Jumont,yjumonth5@unc.edu,Female,221.161.242.143
619,Amalee,Souttar,asouttarh6@behance.net,Female,245.0.152.2
620,Nariko,Etchells,netchellsh7@quantcast.com,Female,201.61.69.46
621,Anselm,Rixon,arixonh8@typepad.com,Male,71.36.211.211
622,Anatole,Guerro,aguerroh9@indiegogo.com,Male,213.123.36.212
623,Ailyn,Curry,acurryha@bravesites.com,Female,211.170.146.139
624,Giraldo,Napper,gnapperhb@hugedomains.com,Male,141.79.217.174
625,Erl,Manssuer,emanssuerhc@accuweather.com,Male,76.114.179.1
626,Salim,Howick,showickhd@usatoday.com,Male,7.159.62.170
627,Kane,Werrilow,kwerrilowhe@mashable.com,Male,101.123.215.119
628,Laughton,Sokill,lsokillhf@seattletimes.com,Male,134.135.84.190
629,Benedetto,Duffield,bduffieldhg@tumblr.com,Male,62.1.65.205
630,Flin,Brunn,fbrunnhh@fc2.com,Male,60.239.48.203
631,Florri,Bresman,fbresmanhi@dagondesign.com,Female,33.139.147.81
632,Tadeas,Raynton,trayntonhj@indiatimes.com,Male,246.26.154.7
633,Laryssa,Kendrick,lkendrickhk@hud.gov,Genderqueer,228.184.214.10
634,Dniren,Stag,dstaghl@fastcompany.com,Polygender,89.245.45.58
635,Arlin,Coolican,acoolicanhm@privacy.gov.au,Male,84.41.28.100
636,Werner,Tamburi,wtamburihn@dyndns.org,Male,179.246.213.226
637,Mickie,Barson,mbarsonho@freewebs.com,Male,165.135.156.77
638,Callean,Tole,ctolehp@hibu.com,Male,145.154.103.173
639,Margarethe,Wincom,mwincomhq@eepurl.com,Female,67.19.249.59
640,Hermon,De Luna,hdelunahr@cornell.edu,Male,152.54.152.187
641,Odetta,Idill,oidillhs@foxnews.com,Female,30.223.227.24
642,Kittie,Hembling,khemblinght@techcrunch.com,Female,73.162.245.85
643,Hernando,Cromer,hcromerhu@gnu.org,Genderfluid,85.22.184.92
644,Hervey,Archanbault,harchanbaulthv@yellowbook.com,Male,90.73.216.183
645,Paddy,Finnis,pfinnishw@reuters.com,Male,24.226.41.49
646,Domingo,Hordell,dhordellhx@psu.edu,Male,245.95.142.167
647,Wallas,Cranch,wcranchhy@cdc.gov,Male,164.216.156.90
648,Ruthanne,Gillam,rgillamhz@sina.com.cn,Female,40.128.230.58
649,Dreddy,Nolton,dnoltoni0@washington.edu,Female,230.23.12.183
650,Kingsley,McVeighty,kmcveightyi1@forbes.com,Male,56.225.217.232
651,Izaak,Bockh,ibockhi2@harvard.edu,Male,99.19.20.226
652,Avram,Aubrey,aaubreyi3@unesco.org,Male,152.244.177.126
653,Delmer,Thaine,dthainei4@theatlantic.com,Agender,59.239.209.213
654,Vladimir,Cisneros,vcisnerosi5@census.gov,Male,0.55.225.47
655,Dewie,Batkin,dbatkini6@amazon.co.uk,Male,236.14.99.230
656,Emelyne,Davidzon,edavidzoni7@apache.org,Female,47.33.234.83
657,Osborne,Pitcher,opitcheri8@japanpost.jp,Male,193.173.155.78
658,Nanice,Cudiff,ncudiffi9@thetimes.co.uk,Female,60.244.120.235
659,Aharon,Brimilcombe,abrimilcombeia@constantcontact.com,Male,5.131.251.153
660,Maxie,Bainton,mbaintonib@skype.com,Male,56.77.220.7
661,Virginie,Heinrich,vheinrichic@naver.com,Female,14.251.140.20
662,Manny,O'Spellissey,mospellisseyid@photobucket.com,Male,220.55.170.29
663,Florian,Syplus,fsyplusie@nps.gov,Male,237.200.20.58
664,Montague,Levings,mlevingsif@flavors.me,Male,247.218.117.126
665,Nicolai,Arkle,narkleig@who.int,Male,12.123.161.198
666,Quentin,Quinnet,qquinnetih@yahoo.com,Male,62.194.91.121
667,Emili,Crocetto,ecrocettoii@disqus.com,Female,177.69.6.218
668,Egor,Rust,erustij@tinyurl.com,Male,154.94.110.68
669,Basil,Knevet,bknevetik@sina.com.cn,Bigender,191.171.174.151
670,Tye,Kliemann,tkliemannil@mozilla.com,Male,248.51.215.2
671,Phillis,Southerton,psouthertonim@mlb.com,Female,12.20.76.161
672,Baryram,Pabel,bpabelin@dagondesign.com,Male,68.37.191.46
673,Nial,Mellody,nmellodyio@soundcloud.com,Male,159.195.251.236
674,Aluin,Senecaux,asenecauxip@amazon.com,Male,92.0.197.9
675,Mike,Juszkiewicz,mjuszkiewicziq@narod.ru,Male,24.45.86.27
676,Allx,Aylen,aaylenir@columbia.edu,Female,196.187.86.21
677,Carmen,Skelbeck,cskelbeckis@nature.com,Genderfluid,217.5.240.11
678,Leland,Cowdroy,lcowdroyit@wix.com,Male,89.218.11.125
679,Tildie,Rabbitt,trabbittiu@mozilla.com,Female,114.37.62.42
680,Jerry,Gounard,jgounardiv@ustream.tv,Female,185.155.13.46
681,Carlo,Gotcliff,cgotcliffiw@bravesites.com,Male,114.160.137.169
682,Lisha,Balas,lbalasix@amazonaws.com,Female,177.170.191.149
683,Nick,Deniso,ndenisoiy@facebook.com,Male,14.194.247.132
684,Pooh,Sinton,psintoniz@fastcompany.com,Male,204.163.91.120
685,Ashby,Lesper,alesperj0@fotki.com,Bigender,194.230.206.92
686,Jessica,Wathan,jwathanj1@google.com.au,Female,131.155.196.218
687,Stesha,Moulsdale,smoulsdalej2@goodreads.com,Female,139.198.108.249
688,Neel,Abbet,nabbetj3@opensource.org,Male,39.11.249.158
689,Mignon,Venard,mvenardj4@cafepress.com,Female,15.144.200.245
690,Tove,Roggeman,troggemanj5@boston.com,Female,167.177.1.141
691,Agretha,Caslane,acaslanej6@51.la,Female,163.214.225.184
692,Alexandrina,Silby,asilbyj7@lulu.com,Female,189.174.148.250
693,Viole,Gogay,vgogayj8@goo.gl,Female,62.218.231.247
694,Violante,Dunne,vdunnej9@bandcamp.com,Genderqueer,251.133.13.254
695,Dorene,Sturzaker,dsturzakerja@issuu.com,Female,164.16.129.121
696,Smith,Teliga,steligajb@taobao.com,Male,170.38.131.92
697,Giordano,Tunnick,gtunnickjc@privacy.gov.au,Male,115.230.77.156
698,Damiano,Sellstrom,dsellstromjd@joomla.org,Male,132.150.78.103
699,Beulah,Shipsey,bshipseyje@hp.com,Genderqueer,155.168.243.228
700,Ephrem,Merwood,emerwoodjf@google.co.uk,Male,59.41.202.176
701,Tye,Runchman,trunchmanjg@newsvine.com,Male,116.93.5.234
702,Phedra,Everill,peverilljh@google.cn,Female,144.191.150.198
703,Maximilian,Buckeridge,mbuckeridgeji@dailymotion.com,Agender,39.4.62.209
704,Ingaborg,Boater,iboaterjj@miitbeian.gov.cn,Female,188.12.146.39
705,Helaina,Forman,hformanjk@stanford.edu,Non-binary,79.138.193.24
706,Nelia,McIvor,nmcivorjl@dell.com,Female,234.96.85.114
707,Arv,Blaber,ablaberjm@soundcloud.com,Male,24.15.97.181
708,Wright,Battram,wbattramjn@discovery.com,Genderqueer,114.73.91.120
709,Janie,Schulkins,jschulkinsjo@cnet.com,Female,101.21.219.216
710,Timothee,Lampen,tlampenjp@disqus.com,Male,84.41.222.82
711,Karl,Gusticke,kgustickejq@imageshack.us,Male,232.20.5.196
712,Alfie,Aries,aariesjr@imdb.com,Male,215.195.51.93
713,Andriette,Gasker,agaskerjs@elegantthemes.com,Genderqueer,150.136.191.94
714,Kaleena,Dedenham,kdedenhamjt@histats.com,Female,194.209.167.197
715,Effie,Twigger,etwiggerju@umn.edu,Female,190.64.113.14
716,Jordain,Orgee,jorgeejv@mapquest.com,Female,27.132.132.204
717,Jephthah,Berrie,jberriejw@walmart.com,Male,244.235.234.242
718,Elsy,Aven,eavenjx@bbc.co.uk,Female,73.247.26.91
719,Janine,Keneforde,jkenefordejy@networkadvertising.org,Female,200.131.122.196
720,Eugene,Bissell,ebisselljz@shareasale.com,Male,6.230.74.254
721,Ashlan,Dohrmann,adohrmannk0@fema.gov,Female,18.32.179.171
722,Charlotte,Naylor,cnaylork1@ameblo.jp,Female,136.16.101.166
723,Flory,Bandiera,fbandierak2@globo.com,Female,253.201.89.101
724,Olwen,Muneely,omuneelyk3@cisco.com,Female,159.206.124.19
725,Aimee,Adenot,aadenotk4@blogger.com,Female,47.233.29.78
726,Hedwig,Marguerite,hmargueritek5@umn.edu,Female,190.151.120.163
727,Bernadina,Candish,bcandishk6@bbb.org,Female,22.181.60.141
728,Anderson,Engel,aengelk7@geocities.com,Male,63.194.72.181
729,Shaun,Yanshonok,syanshonokk8@foxnews.com,Male,238.12.225.38
730,Addia,Uzelli,auzellik9@wix.com,Female,81.250.144.245
731,Tarrance,Siene,tsieneka@istockphoto.com,Male,168.251.187.91
732,Adina,Rickets,aricketskb@paypal.com,Female,1.65.253.48
733,Chloe,Turneux,cturneuxkc@usda.gov,Female,82.195.240.160
734,Jenine,Dinsmore,jdinsmorekd@prlog.org,Female,6.226.30.195
735,Ozzy,Minigo,ominigoke@webeden.co.uk,Male,241.209.179.220
736,Kamila,O'Drought,kodroughtkf@businessinsider.com,Female,208.177.255.36
737,Benedict,Giocannoni,bgiocannonikg@howstuffworks.com,Male,148.151.46.61
738,Irv,Wallbanks,iwallbankskh@istockphoto.com,Male,80.108.234.52
739,Antonie,Haulkham,ahaulkhamki@ehow.com,Female,98.136.34.168
740,Denys,Jeanenet,djeanenetkj@meetup.com,Female,126.165.72.60
741,Charla,Cattermole,ccattermolekk@i2i.jp,Female,13.240.195.42
742,Livia,Sikora,lsikorakl@epa.gov,Female,142.195.165.203
743,Aldin,Reiner,areinerkm@hugedomains.com,Male,146.18.141.246
744,Katey,Faloon,kfaloonkn@shop-pro.jp,Female,151.187.7.240
745,Kiley,Nottram,knottramko@so-net.ne.jp,Male,161.97.180.228
746,Jdavie,Fasey,jfaseykp@51.la,Male,237.70.183.154
747,Lennie,Andri,landrikq@nba.com,Male,69.89.251.41
748,Cleo,Lent,clentkr@nih.gov,Female,227.107.178.27
749,Conrad,Sorley,csorleyks@slideshare.net,Male,39.164.105.106
750,Osborne,Fountian,ofountiankt@github.com,Male,89.66.119.29
751,Gothart,Blanch,gblanchku@seesaa.net,Male,70.117.142.7
752,Charlotte,Sneaker,csneakerkv@pinterest.com,Female,46.7.254.23
753,Stern,Ballister,sballisterkw@google.de,Bigender,90.20.21.237
754,Matthus,Ingerson,mingersonkx@surveymonkey.com,Male,240.2.70.199
755,Lowell,Tustin,ltustinky@eepurl.com,Male,106.47.132.40
756,Sigismundo,Duggen,sduggenkz@t-online.de,Male,146.77.105.8
757,Cyndi,Blyth,cblythl0@hibu.com,Female,69.208.91.95
758,Peyter,Hawkey,phawkeyl1@goo.gl,Male,153.121.35.40
759,Sansone,Beidebeke,sbeidebekel2@google.co.uk,Male,73.225.207.253
760,Desmond,Saile,dsailel3@weibo.com,Male,191.64.92.23
761,Glen,Munson,gmunsonl4@people.com.cn,Male,127.106.170.241
762,Tristam,Jurczyk,tjurczykl5@creativecommons.org,Male,115.220.127.35
763,Darby,Huckabe,dhuckabel6@google.com.au,Agender,236.200.170.26
764,Georgine,Cawthery,gcawtheryl7@hugedomains.com,Non-binary,95.127.103.130
765,Cully,Briztman,cbriztmanl8@virginia.edu,Male,232.142.48.250
766,Sherlocke,Biddulph,sbiddulphl9@behance.net,Male,217.117.231.147
767,Boote,Kirsopp,bkirsoppla@friendfeed.com,Male,21.77.22.88
768,Mirabel,Shervil,mshervillb@ebay.co.uk,Female,239.57.188.122
769,Sybila,Fairman,sfairmanlc@intel.com,Female,164.156.27.96
770,Lynda,Booi,lbooild@diigo.com,Female,41.64.81.74
771,Aleta,Goligly,agoliglyle@istockphoto.com,Female,180.199.173.211
772,Pavia,Hargerie,phargerielf@nhs.uk,Female,62.87.4.99
773,Candie,Parade,cparadelg@sitemeter.com,Non-binary,4.209.155.230
774,Herculie,Mattersey,hmatterseylh@marketwatch.com,Male,210.119.237.73
775,Nikos,Toope,ntoopeli@blogspot.com,Male,242.55.192.138
776,Gretel,Niblo,gniblolj@pcworld.com,Female,68.95.64.81
777,Giovanni,Balentyne,gbalentynelk@elpais.com,Male,1.245.90.235
778,Shirley,Dominec,sdominecll@smugmug.com,Female,247.124.160.178
779,Garek,Piscopiello,gpiscopiellolm@hubpages.com,Male,250.153.179.106
780,Reeba,Benediktsson,rbenediktssonln@blogspot.com,Female,160.126.238.78
781,Kamila,Matskevich,kmatskevichlo@msn.com,Female,15.31.245.56
782,Christoffer,Thomas,cthomaslp@cnbc.com,Male,198.136.180.173
783,Crystie,Sodor,csodorlq@imdb.com,Female,201.77.184.73
784,Wallace,Cadore,wcadorelr@timesonline.co.uk,Male,193.15.50.94
785,Angelina,Reynolds,areynoldsls@sakura.ne.jp,Female,158.167.178.0
786,Matt,Cheeseman,mcheesemanlt@pinterest.com,Male,153.120.208.207
787,Jecho,Elkins,jelkinslu@skyrock.com,Male,38.20.67.126
788,Jilleen,Patinkin,jpatinkinlv@chronoengine.com,Female,127.90.84.93
789,Maurita,Snoddin,msnoddinlw@rediff.com,Female,202.209.31.254
790,Garfield,Redmille,gredmillelx@cbsnews.com,Agender,234.60.108.157
791,Loretta,Jachimak,ljachimakly@youku.com,Female,101.3.80.155
792,Patsy,Hixley,phixleylz@oracle.com,Female,248.220.137.53
793,Cherye,Relfe,crelfem0@arizona.edu,Agender,246.248.254.38
794,Clywd,Palley,cpalleym1@ucoz.ru,Male,254.172.65.102
795,Gertie,Abelwhite,gabelwhitem2@bing.com,Female,181.95.235.14
796,Tobi,Shevels,tshevelsm3@studiopress.com,Female,96.138.159.139
797,Jannel,Crombie,jcrombiem4@usatoday.com,Female,157.227.224.244
798,Cob,Sollitt,csollittm5@smugmug.com,Male,15.219.106.161
799,Timmie,Mellor,tmellorm6@t-online.de,Female,219.9.106.57
800,Stearne,Deekes,sdeekesm7@mtv.com,Agender,99.93.72.16
801,Aylmar,Skala,askalam8@merriam-webster.com,Male,44.60.126.229
802,Hinze,Saffin,hsaffinm9@feedburner.com,Male,253.96.100.130
803,Laura,Dobkin,ldobkinma@google.com.br,Genderfluid,205.199.55.115
804,Pernell,Dunton,pduntonmb@freewebs.com,Male,179.58.55.200
805,Giacomo,Minchinden,gminchindenmc@deviantart.com,Male,29.30.50.238
806,Lilla,Dobrovolski,ldobrovolskimd@canalblog.com,Female,153.152.117.151
807,Sholom,McKeachie,smckeachieme@mail.ru,Male,2.168.123.119
808,Hildagard,Garfoot,hgarfootmf@squarespace.com,Female,62.116.229.6
809,Nicolis,Arbuckel,narbuckelmg@vimeo.com,Male,97.11.246.72
810,Joye,Cowlam,jcowlammh@blinklist.com,Female,100.125.194.159
811,Ram,Gligori,rgligorimi@lycos.com,Male,173.158.162.86
812,Nicola,Cleyne,ncleynemj@netscape.com,Female,66.194.89.7
813,Jaquenette,Diggens,jdiggensmk@yahoo.com,Female,20.130.121.127
814,Jasmin,Whibley,jwhibleyml@state.tx.us,Agender,130.225.131.185
815,Kathleen,Bracci,kbraccimm@slashdot.org,Female,194.235.234.161
816,Sheffield,Whordley,swhordleymn@yandex.ru,Male,175.236.113.188
817,Etheline,Zorzenoni,ezorzenonimo@angelfire.com,Female,58.138.118.127
818,Tony,Wankel,twankelmp@ed.gov,Male,166.31.220.151
819,Marion,Foister,mfoistermq@rakuten.co.jp,Male,189.117.88.144
820,Kippy,Worwood,kworwoodmr@disqus.com,Non-binary,214.47.54.237
821,Caria,Simcock,csimcockms@apache.org,Female,13.247.226.172
822,Ardenia,MacTeague,amacteaguemt@addthis.com,Female,168.70.40.81
823,Hyacinthia,Tippin,htippinmu@msn.com,Bigender,104.210.207.13
824,Emelyne,Crepel,ecrepelmv@paginegialle.it,Female,216.85.121.206
825,Otha,Craydon,ocraydonmw@columbia.edu,Female,146.106.35.20
826,Toni,Cobbledick,tcobbledickmx@pcworld.com,Female,141.203.34.13
827,Hewet,O'Lochan,holochanmy@mozilla.com,Male,96.203.162.6
828,Linn,Fogarty,lfogartymz@cafepress.com,Polygender,200.47.47.70
829,Kellsie,Doumic,kdoumicn0@apache.org,Female,55.136.165.250
830,Nanine,Ayre,nayren1@businessweek.com,Female,160.134.159.246
831,Delainey,Eilles,deillesn2@xinhuanet.com,Male,91.120.184.241
832,Tulley,Browell,tbrowelln3@taobao.com,Male,185.208.161.143
833,Ludvig,Oulett,loulettn4@eventbrite.com,Male,103.173.74.120
834,Xerxes,Rabjohn,xrabjohnn5@people.com.cn,Male,29.227.130.23
835,Doris,Parsell,dparselln6@epa.gov,Female,140.230.18.22
836,Morganne,Thackston,mthackstonn7@de.vu,Female,67.44.215.20
837,Wilfrid,Possel,wposseln8@youku.com,Male,64.63.14.252
838,Jori,Lehrle,jlehrlen9@nhs.uk,Female,162.248.141.233
839,Colene,Boundy,cboundyna@meetup.com,Female,38.9.34.183
840,Skell,Newbold,snewboldnb@accuweather.com,Male,242.195.161.179
841,Callida,Woodnutt,cwoodnuttnc@nih.gov,Female,38.115.71.121
842,Izabel,Veschambes,iveschambesnd@epa.gov,Female,246.55.130.112
843,Brooks,Kain,bkainne@163.com,Male,124.37.35.131
844,Ermanno,Sire,esirenf@joomla.org,Male,167.192.213.162
845,Noah,Crosher,ncrosherng@quantcast.com,Male,24.192.101.192
846,Sigmund,Christol,schristolnh@scribd.com,Male,90.49.31.27
847,Aurelie,Haxell,ahaxellni@npr.org,Female,103.233.193.152
848,Tony,Harmeston,tharmestonnj@linkedin.com,Female,175.110.228.104
849,Barnabe,Ashwood,bashwoodnk@cam.ac.uk,Male,222.2.87.109
850,Fonzie,Fulep,ffulepnl@who.int,Male,165.9.25.32
851,Retha,Marginson,rmarginsonnm@seattletimes.com,Female,17.214.116.226
852,Fredrick,Lobley,flobleynn@ocn.ne.jp,Male,113.51.200.168
853,Mord,Harrell,mharrellno@hc360.com,Male,237.28.188.142
854,Teriann,Cobleigh,tcobleighnp@addthis.com,Non-binary,132.78.1.153
855,Ronalda,Baff,rbaffnq@diigo.com,Female,3.19.60.57
856,Melissa,Wyllcock,mwyllcocknr@disqus.com,Female,171.103.91.210
857,Missy,Pollastrino,mpollastrinons@uiuc.edu,Female,199.41.183.50
858,Shandy,De Roos,sderoosnt@lulu.com,Female,193.93.89.243
859,Gabbie,Try,gtrynu@stanford.edu,Male,54.195.102.5
860,Tonnie,Waber,twabernv@mapy.cz,Male,24.241.18.227
861,Gilbert,Hercock,ghercocknw@java.com,Male,129.108.16.36
862,Thayne,Munning,tmunningnx@slashdot.org,Male,118.115.211.55
863,Norine,Avramchik,navramchikny@symantec.com,Female,112.35.154.158
864,Skelly,Gonzalez,sgonzaleznz@netlog.com,Male,252.129.90.44
865,Brietta,Manilo,bmaniloo0@nydailynews.com,Female,61.228.179.139
866,Madeline,Lurriman,mlurrimano1@sciencedirect.com,Female,127.225.55.19
867,Codi,Wessel,cwesselo2@ca.gov,Female,19.32.226.123
868,Bill,Fawltey,bfawlteyo3@spiegel.de,Non-binary,91.18.254.151
869,Arther,Lennard,alennardo4@ifeng.com,Male,66.246.238.7
870,Almire,Mowbury,amowburyo5@tamu.edu,Female,82.31.137.115
871,Fowler,Kitley,fkitleyo6@amazon.de,Male,195.167.106.203
872,Barry,Mulliss,bmullisso7@amazonaws.com,Male,176.186.157.25
873,Elisha,Carmel,ecarmelo8@hatena.ne.jp,Genderfluid,244.46.230.81
874,Rosa,Greatland,rgreatlando9@wikispaces.com,Female,16.142.210.105
875,Staffard,Gabb,sgabboa@washington.edu,Non-binary,52.105.87.231
876,Doti,Handke,dhandkeob@goo.gl,Female,62.64.128.74
877,Wang,Geach,wgeachoc@dell.com,Male,97.15.15.6
878,Fonzie,Haston,fhastonod@google.ca,Male,161.64.207.43
879,Richy,Poundford,rpoundfordoe@redcross.org,Male,88.177.54.178
880,Piggy,Dyte,pdyteof@cafepress.com,Male,131.149.150.137
881,Rhys,Pourvoieur,rpourvoieurog@fc2.com,Male,72.218.154.203
882,Maison,Gabbotts,mgabbottsoh@shop-pro.jp,Male,99.168.95.185
883,Culley,Emanuelov,cemanuelovoi@yellowbook.com,Male,172.111.82.31
884,Ashlie,Philipsson,aphilipssonoj@sohu.com,Female,94.160.21.172
885,Carolan,Petticrew,cpetticrewok@ted.com,Female,99.167.43.137
886,Pembroke,Bengoechea,pbengoecheaol@gravatar.com,Male,135.122.207.173
887,Chevy,Ingliby,cinglibyom@zimbio.com,Male,215.85.96.144
888,Tobiah,Goosnell,tgoosnellon@reddit.com,Male,98.129.37.140
889,Aubry,Brauninger,abrauningeroo@blog.com,Female,27.5.18.234
890,Anestassia,Fishpond,afishpondop@ovh.net,Female,159.229.71.50
891,Letty,McLeese,lmcleeseoq@bing.com,Female,73.29.125.20
892,Alon,Leathem,aleathemor@amazon.de,Male,234.221.82.207
893,Emelen,Woolpert,ewoolpertos@howstuffworks.com,Male,49.171.248.84
894,Merwyn,Gilbart,mgilbartot@prweb.com,Male,148.42.159.181
895,Willi,Prop,wpropou@live.com,Female,46.110.43.216
896,Armand,Basilio,abasilioov@chron.com,Male,51.139.122.88
897,Byram,Goward,bgowardow@chicagotribune.com,Male,135.15.139.101
898,Johnath,Reary,jrearyox@epa.gov,Female,44.227.32.52
899,Gabi,Bottoms,gbottomsoy@taobao.com,Male,67.192.220.193
900,Melisandra,Burleton,mburletonoz@unesco.org,Female,255.149.165.48
901,Gratia,Bransdon,gbransdonp0@chicagotribune.com,Female,239.202.193.176
902,Hermione,Hollingdale,hhollingdalep1@odnoklassniki.ru,Female,47.81.117.120
903,Garth,Dicks,gdicksp2@goo.ne.jp,Male,57.68.203.102
904,Bud,Freund,bfreundp3@networksolutions.com,Male,229.113.64.147
905,Roi,Minguet,rminguetp4@ca.gov,Male,228.120.190.74
906,Corissa,Goode,cgoodep5@bbc.co.uk,Female,249.72.198.69
907,Maximilianus,Trammel,mtrammelp6@reuters.com,Male,224.246.188.48
908,Deina,Seers,dseersp7@paginegialle.it,Female,85.242.162.112
909,Jonathan,Bauldrey,jbauldreyp8@craigslist.org,Male,200.165.19.102
910,Brand,Skullet,bskulletp9@cbslocal.com,Male,137.228.165.66
911,Jolene,Blyth,jblythpa@nhs.uk,Female,33.219.200.17
912,Kevin,Wooton,kwootonpb@tinyurl.com,Male,122.167.157.38
913,Fabiano,Dufaire,fdufairepc@storify.com,Male,143.82.245.218
914,Garey,Bow,gbowpd@about.me,Male,144.112.243.182
915,Rutter,Wodham,rwodhampe@wisc.edu,Male,67.145.195.53
916,Andreas,Benesevich,abenesevichpf@canalblog.com,Male,139.251.221.157
917,Ladonna,Shanklin,lshanklinpg@springer.com,Female,10.99.246.57
918,Jeddy,Olyet,jolyetph@omniture.com,Male,83.135.19.48
919,Tarra,Dent,tdentpi@reuters.com,Female,223.62.99.241
920,Anjela,Drance,adrancepj@nps.gov,Female,60.56.31.227
921,Aloisia,Sifleet,asifleetpk@jiathis.com,Female,187.69.60.127
922,Germain,Maisey,gmaiseypl@go.com,Male,107.179.36.114
923,Mallory,Nolin,mnolinpm@tumblr.com,Genderfluid,247.189.203.104
924,Elton,Lugden,elugdenpn@nifty.com,Male,29.202.246.140
925,Rhianon,Howell,rhowellpo@cmu.edu,Female,74.73.156.26
926,Guillaume,Gregan,ggreganpp@blogger.com,Male,124.92.163.17
927,Daryl,McCullum,dmccullumpq@whitehouse.gov,Agender,46.3.229.183
928,Tate,Ousley,tousleypr@woothemes.com,Female,8.106.113.167
929,Sarah,Marmion,smarmionps@apple.com,Female,82.101.211.41
930,Bart,Pracy,bpracypt@wikispaces.com,Male,15.137.95.48
931,Margit,Hutchason,mhutchasonpu@freewebs.com,Female,189.173.140.218
932,Brook,Bucham,bbuchampv@freewebs.com,Female,126.6.151.213
933,Lotta,Baldocci,lbaldoccipw@archive.org,Polygender,114.10.149.203
934,Rosalie,Franzke,rfranzkepx@yandex.ru,Female,74.108.163.94
935,Wanids,Heinssen,wheinssenpy@sina.com.cn,Female,166.10.57.233
936,Reine,Ficken,rfickenpz@prnewswire.com,Female,83.26.132.195
937,Paige,Lodge,plodgeq0@huffingtonpost.com,Male,234.192.155.144
938,Tresa,Van der Krui,tvanderkruiq1@people.com.cn,Female,21.20.105.142
939,Cally,Sylvester,csylvesterq2@friendfeed.com,Female,43.6.27.163
940,Fraze,Hancell,fhancellq3@mail.ru,Male,73.232.90.119
941,Peg,Wolfe,pwolfeq4@ycombinator.com,Female,100.203.85.54
942,Nanni,Halsho,nhalshoq5@kickstarter.com,Female,19.88.160.38
943,Muire,Minchi,mminchiq6@acquirethisname.com,Female,107.29.191.80
944,Marylou,McKeggie,mmckeggieq7@yahoo.co.jp,Female,170.190.159.40
945,Charley,Hufton,chuftonq8@amazonaws.com,Male,98.99.209.116
946,Kimberlee,Ouldcott,kouldcottq9@businesswire.com,Female,107.130.191.8
947,Elena,Easterbrook,eeasterbrookqa@about.me,Female,42.159.218.144
948,Wes,Castan,wcastanqb@wordpress.org,Male,159.147.118.40
949,Corrie,O'Sheerin,cosheerinqc@creativecommons.org,Male,35.214.178.205
950,Arleen,Clough,acloughqd@rambler.ru,Female,192.219.197.39
951,Shepherd,Hamilton,shamiltonqe@nytimes.com,Male,246.123.178.26
952,Lavina,Lidster,llidsterqf@intel.com,Female,223.22.242.242
953,Oswell,Grant,ograntqg@goo.gl,Agender,41.241.42.214
954,Doloritas,Hebden,dhebdenqh@vistaprint.com,Female,175.198.0.166
955,Averyl,Clynter,aclynterqi@jugem.jp,Female,198.31.120.104
956,Sharai,Meardon,smeardonqj@pinterest.com,Female,245.244.87.71
957,Ruttger,Christopherson,rchristophersonqk@com.com,Male,3.107.96.91
958,Gordy,Johnys,gjohnysql@wired.com,Male,82.174.178.234
959,Eda,Marlin,emarlinqm@census.gov,Female,214.207.116.165
960,Jordain,Berard,jberardqn@oaic.gov.au,Female,156.93.64.23
961,Chucho,Almon,calmonqo@hp.com,Male,96.43.91.36
962,Ardith,Illyes,aillyesqp@google.com.br,Female,64.39.128.212
963,Blinny,Ishak,bishakqq@naver.com,Female,10.77.43.94
964,Zacharias,Kingswoode,zkingswoodeqr@devhub.com,Male,205.102.116.112
965,Barty,Winger,bwingerqs@rambler.ru,Male,7.26.151.66
966,Modesty,January 1st,mjanuarystqt@twitpic.com,Genderfluid,71.90.225.223
967,Davy,Louys,dlouysqu@amazon.co.jp,Male,16.239.222.163
968,Reynolds,Lemmen,rlemmenqv@sciencedaily.com,Male,223.64.46.169
969,Petunia,Tribe,ptribeqw@over-blog.com,Female,21.230.20.134
970,Lucien,Arne,larneqx@goodreads.com,Male,131.6.237.85
971,Hildagard,Merrington,hmerringtonqy@hostgator.com,Female,187.151.92.192
972,Gris,MacCall,gmaccallqz@cisco.com,Male,154.244.170.210
973,Adrianne,Clyne,aclyner0@google.com.hk,Female,243.30.208.23
974,Cornela,Rollinshaw,crollinshawr1@pinterest.com,Female,83.200.59.178
975,Marijo,Patterfield,mpatterfieldr2@dailymail.co.uk,Female,25.243.253.204
976,Kent,Jeromson,kjeromsonr3@wunderground.com,Male,199.18.69.103
977,Kurt,Huetson,khuetsonr4@is.gd,Male,27.222.5.123
978,Randa,Twist,rtwistr5@google.com,Female,111.223.238.114
979,Sholom,Sutehall,ssutehallr6@hostgator.com,Genderqueer,74.202.224.90
980,Buiron,Vinick,bvinickr7@privacy.gov.au,Male,196.47.217.82
981,Ulrike,Oty,uotyr8@timesonline.co.uk,Female,189.192.254.140
982,Audrey,Valentetti,avalentettir9@livejournal.com,Female,201.252.7.179
983,Hinze,Di Iorio,hdiioriora@census.gov,Male,33.96.197.50
984,Blythe,Kippin,bkippinrb@harvard.edu,Agender,121.244.203.12
985,Joan,Eckery,jeckeryrc@bizjournals.com,Female,243.135.190.97
986,Harriet,Garn,hgarnrd@deviantart.com,Female,241.175.164.182
987,Donelle,Sturm,dsturmre@kickstarter.com,Female,246.215.139.134
988,Shellie,Gabitis,sgabitisrf@state.gov,Female,11.94.112.131
989,Kirby,Edowes,kedowesrg@go.com,Male,109.253.20.28
990,Cordie,Di Antonio,cdiantoniorh@unblog.fr,Male,107.112.109.33
991,Gunther,O'Cannan,gocannanri@dyndns.org,Male,68.21.26.48
992,Sarge,Menicomb,smenicombrj@earthlink.net,Male,48.22.74.34
993,Richard,Strippling,rstripplingrk@msn.com,Male,14.180.105.237
994,Novelia,Parfrey,nparfreyrl@bigcartel.com,Female,50.172.113.103
995,Jacky,Carlyon,jcarlyonrm@google.cn,Male,45.127.196.243
996,Fabien,Ramm,frammrn@mozilla.com,Male,94.144.86.137
997,Cesar,Walklate,cwalklatero@adobe.com,Male,231.80.154.181
998,Katheryn,Montes,kmontesrp@newsvine.com,Polygender,44.127.240.31
999,Ban,Warden,bwardenrq@technorati.com,Male,239.183.60.70
1000,Far,Jaukovic,fjaukovicrr@chronoengine.com,Male,52.202.108.58
