id,first_name,last_name,email,gender,ip_address
1,Avigdor,Trelevan,atrelevan0@un.org,Male,216.244.207.148
2,Dana,Luckcuck,dluckcuck1@1688.com,Male,44.137.19.219
3,Kimble,Costerd,kcosterd2@google.com.hk,Male,19.133.229.130
4,Jaquelin,Gait,jgait3@telegraph.co.uk,Female,222.54.218.83
5,Brandyn,Franchyonok,bfranchyonok4@apple.com,Male,46.43.81.74
6,Booth,Beeho,bbeeho5@theguardian.com,Male,164.63.100.72
7,Zita,Ottewill,zottewill6@mac.com,Female,213.33.186.190
8,Mickey,Nystrom,mnystrom7@furl.net,Male,60.10.99.42
9,Roseline,Enterlein,renterlein8@guardian.co.uk,Female,157.250.133.90
10,Lanette,Craghead,lcraghead9@tripod.com,Female,230.207.77.167
11,Kira,Vosse,kvossea@umn.edu,Genderfluid,207.109.157.60
12,Colin,Waiting,cwaitingb@multiply.com,Male,46.38.251.45
13,Shina,Janowski,sjanowskic@bandcamp.com,Female,69.231.95.184
14,Arne,Geere,ageered@paginegialle.it,Male,173.234.72.95
15,Tye,Powis,tpowise@e-recht24.de,Genderfluid,163.205.223.127
16,Jerry,Swede,jswedef@sitemeter.com,Male,135.167.158.207
17,Vladimir,Latch,vlatchg@fastcompany.com,Male,23.30.188.255
18,Lionello,Spoward,lspowardh@msu.edu,Male,99.207.27.243
19,Chiquia,Darnody,cdarnodyi@macromedia.com,Agender,22.44.2.225
20,Bird,Finnigan,bfinniganj@reuters.com,Female,151.202.138.186
21,Tucky,Borleace,tborleacek@youtu.be,Male,149.194.127.134
22,Clovis,Donohoe,cdonohoel@nydailynews.com,Female,176.222.190.143
23,Aubrie,Tomalin,atomalinm@google.com,Female,253.240.47.118
24,Horace,Rosiello,hrosiellon@github.com,Male,165.60.187.154
25,Florry,Bruggen,fbruggeno@feedburner.com,Female,6.44.215.164
26,Nevsa,Britto,nbrittop@admin.ch,Female,38.110.98.9
27,Richart,Woollett,rwoollettq@blogger.com,Male,22.215.0.155
28,Verina,Churching,vchurchingr@bloomberg.com,Female,160.199.103.84
29,Nixie,Nequest,nnequests@is.gd,Genderqueer,173.248.81.213
30,Man,Mathivon,mmathivont@ifeng.com,Male,186.241.91.80
31,Harold,Benfell,hbenfellu@facebook.com,Male,17.103.193.212
32,Cornela,Ackerman,cackermanv@archive.org,Female,80.170.162.248
33,Jeanine,Regorz,jregorzw@tumblr.com,Female,91.144.255.226
34,Rodrique,Cheese,rcheesex@acquirethisname.com,Male,203.66.213.221
35,Danila,Croley,dcroleyy@comsenz.com,Female,178.234.95.142
36,Ad,Mouatt,amouattz@rediff.com,Male,224.83.49.137
37,Bonni,Ridout,bridout10@51.la,Female,37.172.109.229
38,Nikolas,Pawelek,npawelek11@gnu.org,Non-binary,45.10.72.30
39,Emlynne,Alvar,ealvar12@desdev.cn,Bigender,195.98.123.51
40,Phillie,Wimpress,pwimpress13@aboutads.info,Female,220.77.139.185
41,Tiffy,Ranson,transon14@yelp.com,Female,251.27.1.224
42,Merill,Blazi,mblazi15@mozilla.org,Male,149.134.122.15
43,Kathrine,Whipp,kwhipp16@sohu.com,Female,240.106.51.211
44,Ravi,Everleigh,reverleigh17@weather.com,Male,189.42.200.33
45,Kristo,Bohl,kbohl18@dailymotion.com,Male,82.190.170.212
46,Caz,Courtliff,ccourtliff19@mail.ru,Male,67.164.238.70
47,Cinderella,Campana,ccampana1a@phoca.cz,Female,13.187.28.232
48,Marion,Leverentz,mleverentz1b@etsy.com,Female,165.23.78.250
49,Harriette,Reuther,hreuther1c@va.gov,Female,102.25.192.205
50,Nesta,Sommerton,nsommerton1d@cisco.com,Female,35.240.17.163
51,Harold,Aikman,haikman1e@ucsd.edu,Male,103.216.78.18
52,Jeddy,Sarjent,jsarjent1f@nhs.uk,Male,157.133.99.218
53,Demetrius,Maestro,dmaestro1g@google.co.jp,Male,46.19.45.245
54,Pansy,Tighe,ptighe1h@ucsd.edu,Female,251.211.208.159
55,Nissie,Wraight,nwraight1i@yahoo.co.jp,Female,70.17.58.138
56,Jocelyn,Lampkin,jlampkin1j@theguardian.com,Female,125.85.125.168
57,Danita,Bernolet,dbernolet1k@mail.ru,Female,151.198.165.145
58,Kiel,Pressman,kpressman1l@time.com,Male,227.218.87.225
59,Carmencita,Blencoe,cblencoe1m@goodreads.com,Female,12.14.226.132
60,Robby,Castaneda,rcastaneda1n@is.gd,Male,168.158.77.105
61,Bertram,Jansens,bjansens1o@ovh.net,Male,159.171.2.150
62,Laurent,Eddicott,leddicott1p@google.com,Male,82.136.54.9
63,Carolynn,Michelotti,cmichelotti1q@ted.com,Female,49.237.89.224
64,Emogene,Laybourn,elaybourn1r@businessweek.com,Female,242.195.143.188
65,Lane,Taffie,ltaffie1s@go.com,Female,167.13.207.170
66,Rena,Robinett,rrobinett1t@ehow.com,Female,41.177.142.207
67,Teddie,Ebenezer,tebenezer1u@youtube.com,Male,1.245.74.109
68,Moyna,Pyner,mpyner1v@examiner.com,Female,82.81.221.154
69,Chevy,Ladloe,cladloe1w@canalblog.com,Male,4.222.24.255
70,Rosina,Punch,rpunch1x@loc.gov,Female,9.202.184.60
71,Luciana,Tyre,ltyre1y@hexun.com,Female,90.251.109.245
72,Kara-lynn,Rappa,krappa1z@rediff.com,Bigender,71.111.233.118
73,Marietta,Backshaw,mbackshaw20@rediff.com,Female,35.194.226.119
74,Ximenes,Orbon,xorbon21@bravesites.com,Male,172.65.125.106
75,Jase,Du Plantier,jduplantier22@hubpages.com,Male,50.44.128.101
76,Vanny,Fennell,vfennell23@addtoany.com,Female,71.82.124.239
77,Angelico,Karolczyk,akarolczyk24@storify.com,Male,37.15.213.243
78,Charis,Ivery,civery25@phpbb.com,Female,26.221.80.39
79,Mehetabel,Catton,mcatton26@nydailynews.com,Female,21.121.36.171
80,Lionello,Conan,lconan27@ox.ac.uk,Polygender,77.161.0.220
81,Alleyn,Matterface,amatterface28@bizjournals.com,Male,19.212.114.31
82,Shaun,Bachellier,sbachellier29@livejournal.com,Male,46.21.133.144
83,Waly,Sirmond,wsirmond2a@posterous.com,Female,52.238.80.39
84,Gertrudis,Madine,gmadine2b@about.me,Female,114.238.176.149
85,Chico,Mardall,cmardall2c@globo.com,Male,190.196.139.229
86,Thurstan,Mc Carroll,tmccarroll2d@dell.com,Male,88.165.254.141
87,Shadow,Sleney,ssleney2e@npr.org,Male,45.28.11.120
88,Timmie,Baulcombe,tbaulcombe2f@dedecms.com,Male,25.239.163.57
89,Elyn,Shyram,eshyram2g@ow.ly,Female,5.22.192.223
90,Geraldine,Rosel,grosel2h@opensource.org,Female,177.152.154.97
91,Jarrid,O' Mullan,jomullan2i@ted.com,Male,104.99.180.194
92,Donnie,Mathiasen,dmathiasen2j@ucoz.ru,Female,217.252.164.56
93,Mile,Antal,mantal2k@ca.gov,Male,115.248.195.224
94,Meredithe,Elsmore,melsmore2l@mediafire.com,Female,235.118.178.220
95,Flor,Lawfull,flawfull2m@blogspot.com,Female,139.173.161.109
96,Bethina,Springthorp,bspringthorp2n@wikispaces.com,Female,118.24.247.23
97,Agnes,Farlam,afarlam2o@opensource.org,Female,12.17.75.27
98,Mirna,Steet,msteet2p@elpais.com,Female,92.205.41.120
99,Haslett,Cardow,hcardow2q@wordpress.org,Male,102.147.235.55
100,Shelbi,Kunze,skunze2r@nasa.gov,Genderfluid,0.1.154.10
101,Jard,Spray,jspray2s@merriam-webster.com,Male,111.119.159.155
102,Portia,Plain,pplain2t@netlog.com,Female,245.248.158.43
103,Mindy,Akram,makram2u@digg.com,Agender,139.120.74.149
104,Halley,Cleveley,hcleveley2v@cnet.com,Female,237.232.217.41
105,Lewes,Avis,lavis2w@yale.edu,Male,112.186.220.212
106,Andrei,Linggood,alinggood2x@dyndns.org,Female,187.91.106.58
107,Liuka,Gunstone,lgunstone2y@blogtalkradio.com,Female,192.18.201.177
108,Stavros,Joyson,sjoyson2z@kickstarter.com,Male,161.102.156.36
109,Ty,Brampton,tbrampton30@weebly.com,Male,93.51.125.245
110,Doretta,Eburne,deburne31@biblegateway.com,Female,251.16.166.209
111,Gearard,McGinty,gmcginty32@dropbox.com,Male,171.78.186.76
112,Algernon,Hasser,ahasser33@pagesperso-orange.fr,Agender,160.72.242.248
113,Johna,Sullly,jsullly34@unesco.org,Female,163.154.188.97
114,Beauregard,Burniston,bburniston35@icq.com,Male,33.34.60.225
115,Denys,Cresar,dcresar36@comcast.net,Female,95.34.25.64
116,Alfy,Worrall,aworrall37@independent.co.uk,Female,216.250.98.169
117,Luke,Moxham,lmoxham38@studiopress.com,Male,176.232.101.242
118,Nikolas,Tidcomb,ntidcomb39@cafepress.com,Male,174.3.143.162
119,Chico,Westoff,cwestoff3a@exblog.jp,Male,222.63.54.158
120,Dorotea,Wadeson,dwadeson3b@xinhuanet.com,Female,164.202.130.56
121,Jenine,Taree,jtaree3c@friendfeed.com,Agender,14.163.94.104
122,Vassily,Benitti,vbenitti3d@4shared.com,Male,228.111.8.242
123,Brenden,Bertomier,bbertomier3e@wufoo.com,Male,245.94.24.9
124,Nisse,McQuirter,nmcquirter3f@shinystat.com,Female,15.101.66.232
125,Herbie,Debill,hdebill3g@stanford.edu,Agender,139.74.136.97
126,Alison,Ivashechkin,aivashechkin3h@netscape.com,Female,72.63.240.62
127,Diego,Fer,dfer3i@tripod.com,Male,12.215.19.78
128,Jaymee,Thurston,jthurston3j@booking.com,Female,24.222.225.59
129,Kanya,Janacek,kjanacek3k@umn.edu,Female,188.6.224.171
130,Lurette,Whooley,lwhooley3l@yandex.ru,Female,113.80.79.3
131,Emilia,Lamyman,elamyman3m@moonfruit.com,Female,158.165.134.46
132,Cece,Hymor,chymor3n@google.ru,Male,99.155.23.88
133,Geoff,Bisacre,gbisacre3o@quantcast.com,Male,201.3.57.55
134,Avis,Cholwell,acholwell3p@sciencedaily.com,Genderqueer,30.101.38.154
135,Noah,Milson,nmilson3q@census.gov,Male,7.247.204.189
136,Ophelie,Kennon,okennon3r@about.com,Female,147.106.94.16
137,Cornie,Akeherst,cakeherst3s@newyorker.com,Male,192.1.60.121
138,Carree,Skittle,cskittle3t@jigsy.com,Female,248.16.229.114
139,Pren,Chaucer,pchaucer3u@newyorker.com,Male,244.63.179.59
140,Theadora,Alcock,talcock3v@51.la,Female,204.217.248.49
141,Nero,McComb,nmccomb3w@patch.com,Male,151.82.16.15
142,Shanda,Brittian,sbrittian3x@amazon.co.jp,Female,138.86.216.84
143,Casi,Keen,ckeen3y@altervista.org,Female,210.146.134.109
144,Annabell,Cottis,acottis3z@t.co,Female,172.164.29.27
145,Fey,Shovel,fshovel40@geocities.com,Female,220.160.119.179
146,Gardener,Dominichelli,gdominichelli41@moonfruit.com,Male,210.244.59.135
147,Geri,Madill,gmadill42@github.io,Female,192.61.243.93
148,Bettye,Pudsey,bpudsey43@vimeo.com,Female,100.154.89.175
149,Durand,Lindfors,dlindfors44@imageshack.us,Male,222.12.244.241
150,Carlyle,Darthe,cdarthe45@is.gd,Male,60.21.99.61
151,Jyoti,Brugden,jbrugden46@si.edu,Female,134.211.191.23
152,Willetta,Kinglake,wkinglake47@jigsy.com,Female,111.214.158.33
153,Mureil,Fripps,mfripps48@tinypic.com,Female,253.31.226.67
154,Ennis,Domenichini,edomenichini49@livejournal.com,Male,58.101.146.150
155,Daria,Fernehough,dfernehough4a@goo.ne.jp,Genderqueer,81.8.131.35
156,Rivalee,Repp,rrepp4b@pinterest.com,Female,120.184.108.68
157,Barclay,Lishmund,blishmund4c@wikimedia.org,Male,133.90.237.101
158,Adrien,Merveille,amerveille4d@auda.org.au,Male,152.142.163.108
159,Maureene,Flecknoe,mflecknoe4e@altervista.org,Female,168.250.58.231
160,Keir,Shorrock,kshorrock4f@google.co.uk,Male,223.243.61.13
161,Casey,Keers,ckeers4g@symantec.com,Male,130.191.145.32
162,Traver,Flores,tflores4h@360.cn,Male,57.100.112.187
163,Worthy,Mitroshinov,wmitroshinov4i@feedburner.com,Male,164.46.60.82
164,Catriona,Daunay,cdaunay4j@github.io,Female,108.107.54.220
165,Joellen,Pinshon,jpinshon4k@paginegialle.it,Female,109.185.221.81
166,Juanita,Hodgin,jhodgin4l@bbc.co.uk,Agender,119.98.203.185
167,Loren,Kinastan,lkinastan4m@loc.gov,Male,91.209.224.9
168,Wittie,Gepp,wgepp4n@un.org,Male,191.127.246.188
169,Emmit,Hoyer,ehoyer4o@trellian.com,Male,180.242.162.110
170,Guthrey,Perulli,gperulli4p@census.gov,Male,238.153.88.107
171,Tess,Lie,tlie4q@gmpg.org,Female,247.99.149.79
172,Tremain,Lambole,tlambole4r@exblog.jp,Male,199.229.187.207
173,Dorelia,Corre,dcorre4s@netlog.com,Female,103.124.83.201
174,Jeanette,Salerg,jsalerg4t@reference.com,Female,143.195.109.170
175,Braden,Pigram,bpigram4u@vk.com,Male,4.81.41.232
176,Shadow,Lazer,slazer4v@themeforest.net,Male,15.58.83.226
177,Aubrey,Klazenga,aklazenga4w@indiegogo.com,Non-binary,133.124.67.148
178,Aurthur,Ivetts,aivetts4x@infoseek.co.jp,Male,63.220.236.23
179,Dorthea,Morat,dmorat4y@illinois.edu,Female,64.179.15.71
180,Konstantine,Moscon,kmoscon4z@php.net,Male,13.93.14.77
181,Seamus,Bradman,sbradman50@utexas.edu,Male,40.38.145.195
182,Daryn,Isles,disles51@cnet.com,Female,198.106.248.15
183,Lianne,Delahunty,ldelahunty52@furl.net,Female,200.32.208.23
184,Bernard,Evetts,bevetts53@facebook.com,Male,133.90.246.32
185,Sybyl,Fentem,sfentem54@yellowbook.com,Female,41.130.28.34
186,Gradeigh,Espie,gespie55@mlb.com,Male,83.220.28.122
187,Jan,Casley,jcasley56@barnesandnoble.com,Male,243.13.121.165
188,Jermaine,Iglesia,jiglesia57@adobe.com,Female,191.234.39.51
189,Ingar,Muck,imuck58@irs.gov,Male,203.199.111.251
190,Rubin,Sarge,rsarge59@noaa.gov,Male,158.224.175.209
191,Harlin,Jeppensen,hjeppensen5a@ustream.tv,Male,200.195.96.1
192,Glendon,Dibnah,gdibnah5b@bandcamp.com,Male,248.243.221.255
193,Herschel,McEnery,hmcenery5c@skyrock.com,Male,159.139.96.73
194,Alvina,Casol,acasol5d@yahoo.co.jp,Female,208.231.193.23
195,Tulley,Sharp,tsharp5e@psu.edu,Male,132.199.199.241
196,Emmalyn,Pele,epele5f@unblog.fr,Female,229.73.10.197
197,Ailbert,Garwood,agarwood5g@wunderground.com,Male,247.96.146.244
198,Amandy,Barz,abarz5h@addtoany.com,Female,142.103.97.64
199,Elisha,Beswick,ebeswick5i@nsw.gov.au,Bigender,40.174.241.79
200,Boothe,Mebes,bmebes5j@google.com,Male,178.65.187.104
201,Enrique,Knifton,eknifton5k@deliciousdays.com,Male,0.137.235.217
202,Aldous,Wakeley,awakeley5l@reverbnation.com,Male,216.150.117.158
203,Meyer,BURWIN,mburwin5m@nasa.gov,Male,144.221.172.80
204,Lacy,Gauge,lgauge5n@kickstarter.com,Female,84.50.5.133
205,Sollie,Solway,ssolway5o@tiny.cc,Male,41.101.67.144
206,Katee,Andric,kandric5p@domainmarket.com,Female,226.2.101.54
207,West,Filmer,wfilmer5q@sogou.com,Male,7.190.26.221
208,Tomaso,Beauman,tbeauman5r@answers.com,Male,55.105.184.46
209,Jasen,Brasher,jbrasher5s@flickr.com,Male,42.14.145.232
210,Bogey,Asquith,basquith5t@microsoft.com,Male,125.187.226.107
211,Kenyon,Borrett,kborrett5u@free.fr,Male,245.132.20.18
212,Ringo,Selwyn,rselwyn5v@indiegogo.com,Male,240.231.154.188
213,Ede,Dalmon,edalmon5w@xing.com,Female,149.104.197.29
214,Letti,Caine,lcaine5x@npr.org,Female,47.179.109.95
215,Mona,Stannion,mstannion5y@epa.gov,Female,31.153.128.167
216,Gaspard,Tather,gtather5z@liveinternet.ru,Male,112.89.52.126
217,Amalie,Kmiec,akmiec60@weibo.com,Female,77.20.196.202
218,Tamera,Kings,tkings61@dyndns.org,Female,102.200.15.188
219,Beaufort,McLennan,bmclennan62@goo.ne.jp,Male,23.23.71.209
220,Nevin,Scoines,nscoines63@unicef.org,Male,171.78.251.121
221,Ardath,Stoyell,astoyell64@virginia.edu,Female,0.11.155.237
222,Darsey,Burder,dburder65@parallels.com,Polygender,205.235.171.180
223,Marna,Clynmans,mclynmans66@delicious.com,Female,60.226.41.233
224,Ferguson,Grabiec,fgrabiec67@woothemes.com,Male,182.222.149.218
225,Paulie,Smail,psmail68@smh.com.au,Male,143.189.69.210
226,Darlene,Bronot,dbronot69@sfgate.com,Bigender,211.118.191.61
227,Jaquenetta,Griffitt,jgriffitt6a@topsy.com,Female,243.169.153.104
228,Maxim,Grutchfield,mgrutchfield6b@alibaba.com,Male,108.67.225.176
229,Guenna,Gogerty,ggogerty6c@photobucket.com,Female,125.92.254.70
230,Ambur,Teck,ateck6d@bandcamp.com,Female,182.30.130.68
231,Nicolea,Jeram,njeram6e@twitter.com,Female,124.225.45.153
232,Denney,Bartoli,dbartoli6f@nytimes.com,Male,213.106.21.80
233,Alene,Ison,aison6g@imdb.com,Female,184.127.139.136
234,Rube,Bravery,rbravery6h@wix.com,Male,22.192.239.32
235,Francisco,Dumphrey,fdumphrey6i@prnewswire.com,Male,51.68.104.54
236,Purcell,Kinchley,pkinchley6j@mozilla.org,Male,17.165.163.111
237,Geoffrey,ducarme,gducarme6k@ibm.com,Male,32.48.152.99
238,Kaela,Neles,kneles6l@arstechnica.com,Female,146.193.199.111
239,Janina,Beevens,jbeevens6m@paypal.com,Female,183.86.193.40
240,Lulu,Ubsdall,lubsdall6n@tiny.cc,Polygender,85.18.127.16
241,Si,Van der Brugge,svanderbrugge6o@github.com,Male,125.15.147.232
242,Izzy,Wrintmore,iwrintmore6p@dot.gov,Male,233.105.155.153
243,Danyelle,Goomes,dgoomes6q@drupal.org,Female,50.10.34.109
244,Grantley,Adao,gadao6r@japanpost.jp,Male,224.129.166.50
245,Ernest,Gillie,egillie6s@google.co.jp,Male,60.12.44.182
246,Vannie,Doreward,vdoreward6t@ucla.edu,Female,214.254.168.31
247,Catie,Ausello,causello6u@edublogs.org,Female,131.4.101.118
248,Winnie,Mattiato,wmattiato6v@sphinn.com,Male,246.117.121.183
249,Keene,Davidovics,kdavidovics6w@indiegogo.com,Male,164.202.182.240
250,Drake,Matveiko,dmatveiko6x@gmpg.org,Male,127.6.98.165
251,Jermayne,Danzey,jdanzey6y@squarespace.com,Male,242.179.99.66
252,Armin,Tully,atully6z@noaa.gov,Male,34.180.146.40
253,Caspar,Huller,chuller70@shareasale.com,Male,236.223.214.39
254,Upton,Baike,ubaike71@unicef.org,Male,89.96.108.108
255,Devina,Ovenden,dovenden72@amazonaws.com,Female,84.144.237.118
256,Obadias,Gamet,ogamet73@plala.or.jp,Male,206.233.54.138
257,Melvyn,Meacher,mmeacher74@telegraph.co.uk,Male,208.136.127.90
258,Bev,Greetham,bgreetham75@moonfruit.com,Male,69.237.219.117
259,Brenden,De Winton,bdewinton76@wix.com,Bigender,243.251.176.179
260,Joice,Springtorp,jspringtorp77@kickstarter.com,Female,184.230.39.173
261,Bart,Cowtherd,bcowtherd78@google.de,Male,246.194.124.56
262,Dela,Sone,dsone79@google.com.au,Female,224.150.3.50
263,Forrest,Rawles,frawles7a@indiegogo.com,Male,168.90.185.63
264,Ann-marie,Bowton,abowton7b@illinois.edu,Female,131.93.222.141
265,Modestia,Babonau,mbabonau7c@symantec.com,Polygender,70.32.31.101
266,Oby,Lunbech,olunbech7d@prnewswire.com,Male,205.171.107.72
267,Zorah,Tondeur,ztondeur7e@cbslocal.com,Female,28.169.83.204
268,Boyd,Maffy,bmaffy7f@unblog.fr,Male,198.6.49.44
269,Virgina,Wardall,vwardall7g@oaic.gov.au,Female,179.56.78.212
270,Shirlene,Capitano,scapitano7h@wufoo.com,Female,155.166.92.138
271,Adam,Baudinot,abaudinot7i@jalbum.net,Male,231.209.140.165
272,Gray,Willden,gwillden7j@ameblo.jp,Male,183.85.225.224
273,Carlynn,Pardal,cpardal7k@addthis.com,Female,31.169.22.163
274,Brook,Kilfether,bkilfether7l@indiegogo.com,Non-binary,9.186.44.179
275,Cecil,Kinge,ckinge7m@microsoft.com,Male,201.250.194.251
276,Bailie,Havesides,bhavesides7n@upenn.edu,Male,180.20.66.3
277,Carmita,Adlard,cadlard7o@github.com,Female,179.211.43.234
278,Mickie,Oates,moates7p@storify.com,Female,134.124.156.125
279,Ashton,Londing,alonding7q@sciencedirect.com,Male,41.231.109.111
280,Roxi,Omand,romand7r@sciencedirect.com,Female,225.35.251.70
281,Shell,Redmell,sredmell7s@dropbox.com,Female,181.146.174.147
282,Laurel,Waddie,lwaddie7t@sourceforge.net,Agender,187.53.71.154
283,Maggi,Sweett,msweett7u@abc.net.au,Female,145.63.126.124
284,Sybil,Idale,sidale7v@gnu.org,Female,158.75.190.160
285,Reginald,Gergher,rgergher7w@yahoo.com,Bigender,43.57.121.83
286,Laurel,Truggian,ltruggian7x@bravesites.com,Female,172.122.143.2
287,Gaylord,Peer,gpeer7y@ft.com,Male,246.41.30.83
288,Larine,Mouget,lmouget7z@google.cn,Female,154.62.148.67
289,Gannon,Desquesnes,gdesquesnes80@liveinternet.ru,Genderfluid,184.24.198.60
290,Alys,Gilligan,agilligan81@mediafire.com,Female,156.252.178.49
291,Ev,Kerne,ekerne82@spotify.com,Bigender,206.40.133.44
292,Torry,Gozney,tgozney83@yandex.ru,Male,67.7.239.72
293,Nefen,Oakhill,noakhill84@hugedomains.com,Non-binary,140.33.38.250
294,Torre,Skeffington,tskeffington85@shutterfly.com,Male,158.150.23.234
295,Ursola,Siveter,usiveter86@fema.gov,Polygender,134.97.86.2
296,Barrie,Ralls,bralls87@nationalgeographic.com,Female,191.28.228.187
297,Zacharia,Warrilow,zwarrilow88@apple.com,Male,129.135.2.55
298,Katey,Tickle,ktickle89@msu.edu,Female,59.236.67.169
299,Ozzie,Haking,ohaking8a@newsvine.com,Male,162.89.230.181
300,Ianthe,Semerad,isemerad8b@springer.com,Female,65.62.67.120
301,Tedd,Peasnone,tpeasnone8c@reuters.com,Male,137.88.225.162
302,Willetta,Acome,wacome8d@prnewswire.com,Female,31.5.176.112
303,Jackie,Dredge,jdredge8e@topsy.com,Female,161.161.49.92
304,Hannis,Borit,hborit8f@oaic.gov.au,Genderqueer,124.96.58.205
305,Pattin,Chinnock,pchinnock8g@yahoo.com,Male,183.81.75.72
306,Blondie,Westrip,bwestrip8h@webmd.com,Female,252.103.67.89
307,Bear,Cavee,bcavee8i@arstechnica.com,Male,226.229.204.184
308,Flossie,Duffill,fduffill8j@sakura.ne.jp,Female,137.231.192.30
309,Gardiner,Ride,gride8k@etsy.com,Male,58.237.127.187
310,Ciel,Purshouse,cpurshouse8l@marriott.com,Female,65.86.215.99
311,Barbee,Fairhurst,bfairhurst8m@topsy.com,Female,118.142.134.229
312,Tonnie,Stickland,tstickland8n@yandex.ru,Male,85.126.156.227
313,Adrien,Allbut,aallbut8o@ifeng.com,Male,123.144.35.45
314,Justis,Greir,jgreir8p@un.org,Male,117.254.72.53
315,Andromache,Shickle,ashickle8q@baidu.com,Female,238.170.218.8
316,Elianora,Dangl,edangl8r@tamu.edu,Female,74.98.151.98
317,Sergei,Mandel,smandel8s@squarespace.com,Male,167.174.202.19
318,Rubia,Macura,rmacura8t@ebay.co.uk,Female,251.91.167.35
319,Rayna,Jacobowicz,rjacobowicz8u@hc360.com,Female,237.146.27.81
320,Lindsay,Judron,ljudron8v@java.com,Female,233.44.103.48
321,Ardine,Melloi,amelloi8w@seesaa.net,Female,101.54.82.57
322,Jaimie,Tenby,jtenby8x@cocolog-nifty.com,Female,206.38.185.168
323,Wilhelm,Vernall,wvernall8y@dropbox.com,Male,31.150.194.245
324,Gilbertine,Cleynman,gcleynman8z@techcrunch.com,Female,122.195.191.246
325,Terrance,Swainger,tswainger90@nyu.edu,Male,245.251.132.160
326,Stephanus,Klagges,sklagges91@yolasite.com,Male,170.87.58.128
327,Myrah,Lambart,mlambart92@w3.org,Female,9.206.30.26
328,Ronda,Dory,rdory93@mapquest.com,Female,41.44.236.56
329,Ardyce,Baswall,abaswall94@google.pl,Non-binary,212.126.230.75
330,Haleigh,Brine,hbrine95@wisc.edu,Female,173.249.238.190
331,Terrence,Laughlan,tlaughlan96@eventbrite.com,Male,132.81.246.219
332,Arliene,Sellick,asellick97@cbslocal.com,Female,122.188.200.215
333,Osmund,Rowsel,orowsel98@blogtalkradio.com,Male,232.19.206.243
334,Chick,Ollivierre,collivierre99@ihg.com,Male,54.147.162.96
335,Zea,Mayall,zmayall9a@google.de,Female,251.49.82.196
336,Robbie,Gerckens,rgerckens9b@w3.org,Female,58.246.95.253
337,Dallon,Giovannilli,dgiovannilli9c@discuz.net,Male,183.252.238.202
338,Evelin,Nowlan,enowlan9d@pagesperso-orange.fr,Male,168.45.91.244
339,Lora,Brundale,lbrundale9e@virginia.edu,Female,167.54.206.48
340,Juliet,Hickin,jhickin9f@unicef.org,Genderqueer,175.68.118.181
341,Felike,Iles,files9g@nba.com,Male,40.147.2.245
342,Khalil,Godson,kgodson9h@discovery.com,Male,160.206.127.238
343,Alaster,Haggerstone,ahaggerstone9i@bravesites.com,Male,6.53.52.38
344,Bernardo,Peperell,bpeperell9j@cbc.ca,Male,33.42.6.232
345,Almira,Bliss,abliss9k@census.gov,Genderqueer,121.75.224.166
346,Greer,Tungate,gtungate9l@twitpic.com,Female,34.139.21.250
347,Freemon,Kayser,fkayser9m@usnews.com,Male,33.155.244.47
348,Lurleen,Beldum,lbeldum9n@home.pl,Female,107.239.90.120
349,Levi,Brownsea,lbrownsea9o@si.edu,Genderqueer,158.171.43.72
350,Drona,Few,dfew9p@booking.com,Female,67.31.83.4
351,Harwell,Bartolomeu,hbartolomeu9q@latimes.com,Male,10.126.221.109
352,Albie,Ledwith,aledwith9r@elpais.com,Male,90.76.185.226
353,Delphine,Jellybrand,djellybrand9s@opera.com,Female,199.8.75.31
354,Neal,Mathe,nmathe9t@bbb.org,Male,124.9.244.59
355,Tabina,Giacopelo,tgiacopelo9u@vk.com,Female,75.203.85.141
356,Isabelita,Yvens,iyvens9v@jimdo.com,Female,215.47.182.220
357,Harrietta,Saywell,hsaywell9w@a8.net,Female,238.191.205.133
358,Ronnica,Ottee,rottee9x@edublogs.org,Female,112.197.172.248
359,Padraic,Krug,pkrug9y@arstechnica.com,Bigender,58.185.93.33
360,Erv,Arnaut,earnaut9z@soundcloud.com,Male,115.158.212.211
361,Rora,Tomalin,rtomalina0@bluehost.com,Female,52.217.132.32
362,Rosina,Scroggins,rscrogginsa1@accuweather.com,Female,89.229.60.171
363,Curcio,Reville,crevillea2@unesco.org,Male,254.89.236.50
364,Cullin,Heelis,cheelisa3@ca.gov,Agender,110.9.240.46
365,Emlynne,Steinor,esteinora4@ed.gov,Female,222.147.25.143
366,Ania,Sparway,asparwaya5@hud.gov,Female,90.151.148.104
367,Agathe,Scimone,ascimonea6@house.gov,Female,148.41.120.24
368,Dasie,Cathersides,dcathersidesa7@i2i.jp,Agender,49.239.67.134
369,Averill,Seak,aseaka8@ehow.com,Male,187.124.68.218
370,Ailbert,Dornin,adornina9@sciencedaily.com,Male,113.20.187.33
371,Stewart,Aucott,saucottaa@typepad.com,Male,151.179.209.131
372,Buckie,Gerrett,bgerrettab@amazon.co.jp,Male,89.70.141.225
373,Heida,Seifenmacher,hseifenmacherac@gizmodo.com,Genderqueer,96.46.3.183
374,Asia,Hoffmann,ahoffmannad@ebay.com,Female,49.97.21.122
375,Daisie,Zanetti,dzanettiae@foxnews.com,Female,255.156.213.3
376,Harvey,Cromleholme,hcromleholmeaf@trellian.com,Male,9.37.218.46
377,Marthe,Canby,mcanbyag@ed.gov,Female,148.26.226.118
378,Sherwynd,Camacho,scamachoah@eepurl.com,Male,14.31.54.159
379,Yettie,Russel,yrusselai@twitpic.com,Female,158.165.10.201
380,Tillie,Junifer,tjuniferaj@about.me,Female,27.164.179.36
381,Magda,Cogswell,mcogswellak@cornell.edu,Female,159.151.206.168
382,Bunny,Goullee,bgoulleeal@studiopress.com,Female,218.135.101.126
383,Doro,Dogerty,ddogertyam@cornell.edu,Female,218.95.192.249
384,Britt,Pettigree,bpettigreean@columbia.edu,Female,53.86.192.73
385,Kahaleel,Philbin,kphilbinao@archive.org,Male,100.139.223.162
386,Byron,Petronis,bpetronisap@ebay.co.uk,Male,242.48.19.96
387,Robers,Takis,rtakisaq@wordpress.org,Male,243.75.131.176
388,Rochella,Palatini,rpalatiniar@dell.com,Agender,191.122.25.187
389,Leonidas,Saffrin,lsaffrinas@tuttocitta.it,Male,154.28.212.135
390,Carmelita,O'Shirine,coshirineat@live.com,Female,11.81.103.201
391,Marcy,Clabburn,mclabburnau@theguardian.com,Female,2.39.161.9
392,Ebba,O'Lagene,eolageneav@businessweek.com,Female,118.199.13.251
393,Waylan,Baglan,wbaglanaw@xrea.com,Male,217.18.223.252
394,Rhodia,Banger,rbangerax@mysql.com,Genderfluid,38.225.44.213
395,Pru,Stammirs,pstammirsay@smugmug.com,Female,228.25.47.20
396,Carroll,Grigorescu,cgrigorescuaz@independent.co.uk,Male,28.121.71.247
397,Wendy,Gunda,wgundab0@nbcnews.com,Female,25.90.190.220
398,Biron,Petran,bpetranb1@google.de,Male,7.242.170.147
399,Flemming,Duggon,fduggonb2@seesaa.net,Male,37.18.152.135
400,Marieann,Eton,metonb3@networkadvertising.org,Female,238.185.5.168
401,Etan,Havick,ehavickb4@cpanel.net,Male,140.21.69.186
402,Jobye,Robez,jrobezb5@smh.com.au,Female,146.123.1.127
403,Mureil,Ilyenko,milyenkob6@bloomberg.com,Female,27.45.240.52
404,Annissa,Yedall,ayedallb7@baidu.com,Female,223.190.63.100
405,Nonah,Haynes,nhaynesb8@themeforest.net,Female,168.23.230.253
406,Estel,Kermath,ekermathb9@irs.gov,Female,212.97.112.159
407,Katya,Ochterlonie,kochterlonieba@i2i.jp,Female,81.244.61.236
408,Nalani,Fearnill,nfearnillbb@ustream.tv,Female,122.147.26.145
409,Bronson,Chace,bchacebc@slate.com,Male,232.255.59.232
410,Brigg,Heliet,bhelietbd@ow.ly,Male,184.108.181.151
411,Tanney,Broster,tbrosterbe@tmall.com,Male,217.144.62.141
412,Nevile,Cushworth,ncushworthbf@sphinn.com,Male,254.70.105.97
413,Star,Golightly,sgolightlybg@alexa.com,Female,44.230.152.141
414,Rex,Rochester,rrochesterbh@exblog.jp,Male,37.154.179.90
415,Tamera,Eates,teatesbi@jigsy.com,Female,215.33.121.61
416,Dag,Lochhead,dlochheadbj@chron.com,Male,106.54.18.209
417,Gavan,Collerd,gcollerdbk@house.gov,Male,145.107.152.132
418,Martina,Duprey,mdupreybl@home.pl,Female,127.76.173.95
419,Katie,Jackson,kjacksonbm@google.cn,Female,124.59.62.15
420,Nedi,Bungey,nbungeybn@desdev.cn,Female,127.147.234.13
421,Gradeigh,Mayler,gmaylerbo@prlog.org,Male,70.211.136.103
422,Lloyd,Olerenshaw,lolerenshawbp@vimeo.com,Polygender,36.162.6.100
423,Gearard,Wattingham,gwattinghambq@ovh.net,Male,62.18.117.120
424,Cristobal,Medgewick,cmedgewickbr@blogger.com,Male,171.73.9.65
425,Lynda,Wards,lwardsbs@sitemeter.com,Female,46.181.174.123
426,Wang,Cayser,wcayserbt@go.com,Male,200.184.16.239
427,Chan,Winsley,cwinsleybu@va.gov,Male,117.218.75.20
428,Janine,Paniman,jpanimanbv@mozilla.com,Female,99.17.185.74
429,Gar,Leggis,gleggisbw@quantcast.com,Male,80.26.247.247
430,Nancy,Figgess,nfiggessbx@ustream.tv,Female,4.156.7.232
431,Mada,O'Kennedy,mokennedyby@prweb.com,Female,196.66.177.146
432,Bronny,Kiddye,bkiddyebz@netlog.com,Male,69.14.115.194
433,Niels,Galvan,ngalvanc0@yale.edu,Polygender,48.191.222.239
434,Elsie,Peach,epeachc1@chicagotribune.com,Female,64.96.3.0
435,Arther,Greveson,agrevesonc2@domainmarket.com,Male,123.211.18.230
436,Delphinia,Richford,drichfordc3@yelp.com,Female,187.165.223.143
437,Fidel,Spridgeon,fspridgeonc4@jalbum.net,Male,205.199.170.128
438,Sherie,Youngs,syoungsc5@bizjournals.com,Female,51.231.228.110
439,Hanson,Terris,hterrisc6@state.tx.us,Male,27.39.21.70
440,Angus,Ferrero,aferreroc7@gnu.org,Male,51.185.107.36
441,Witty,Galbraeth,wgalbraethc8@house.gov,Male,188.192.20.77
442,Eilis,Porritt,eporrittc9@tripod.com,Agender,172.212.214.136
443,Hubert,McDuffie,hmcduffieca@skyrock.com,Male,47.195.124.241
444,Wilt,Lambersen,wlambersencb@biglobe.ne.jp,Male,187.4.11.119
445,Ernestus,Yeskov,eyeskovcc@cocolog-nifty.com,Male,51.186.99.80
446,Alyosha,Benedito,abeneditocd@alexa.com,Male,60.42.194.244
447,Ruthy,Krause,rkrausece@xing.com,Female,228.38.235.49
448,Giustino,Devall,gdevallcf@utexas.edu,Male,225.175.81.75
449,Susi,de Zamora,sdezamoracg@smugmug.com,Female,225.79.205.245
450,Ruthe,Boyle,rboylech@sourceforge.net,Female,166.110.52.106
451,Tara,Valens-Smith,tvalenssmithci@newyorker.com,Female,9.158.243.245
452,Al,Mattielli,amattiellicj@addtoany.com,Male,137.163.182.15
453,Timoteo,Chaikovski,tchaikovskick@1688.com,Male,120.95.199.195
454,Price,Coxhell,pcoxhellcl@go.com,Male,35.31.178.89
455,Tess,Mote,tmotecm@merriam-webster.com,Female,189.211.183.181
456,Conant,Rivallant,crivallantcn@123-reg.co.uk,Male,217.199.113.15
457,Nefen,Barti,nbartico@webs.com,Male,240.171.137.102
458,Glenine,Freer,gfreercp@weibo.com,Female,204.19.112.152
459,Holly-anne,Oliveira,holiveiracq@clickbank.net,Female,209.138.226.24
460,Dolly,Furley,dfurleycr@xrea.com,Female,19.163.29.154
461,Floyd,Ginty,fgintycs@mozilla.org,Male,10.136.141.123
462,Gabbie,Franca,gfrancact@cpanel.net,Male,250.189.79.40
463,Micheal,Stirton,mstirtoncu@pen.io,Male,13.106.74.70
464,Andres,Walshaw,awalshawcv@friendfeed.com,Male,29.1.63.232
465,Tirrell,Ewence,tewencecw@linkedin.com,Male,40.89.75.157
466,Dana,Thaxton,dthaxtoncx@foxnews.com,Female,25.215.12.219
467,Stefanie,Brisset,sbrissetcy@lycos.com,Female,243.176.84.24
468,Bram,Frood,bfroodcz@yelp.com,Male,139.1.179.245
469,Lynn,Casero,lcaserod0@statcounter.com,Female,205.194.189.212
470,Raffarty,Brydone,rbrydoned1@flickr.com,Male,158.166.205.205
471,Gunar,Crumpe,gcrumped2@theatlantic.com,Male,221.197.72.201
472,Ketti,Spollen,kspollend3@people.com.cn,Female,122.79.212.228
473,Kimberlee,Belham,kbelhamd4@slate.com,Female,98.28.113.185
474,Delainey,Trillo,dtrillod5@accuweather.com,Polygender,189.189.190.18
475,Charlotta,Ciccarello,cciccarellod6@netscape.com,Female,145.50.162.126
476,Godard,Tredinnick,gtredinnickd7@fda.gov,Male,128.141.25.110
477,Iris,Maskall,imaskalld8@oakley.com,Female,80.115.111.106
478,Tedman,Connal,tconnald9@reference.com,Male,20.180.236.249
479,Dniren,Birkbeck,dbirkbeckda@bbb.org,Female,214.165.50.237
480,Agnola,Deneve,adenevedb@tmall.com,Female,100.182.176.60
481,Winfred,Elbourne,welbournedc@umn.edu,Male,59.193.65.223
482,Mickie,Fackrell,mfackrelldd@so-net.ne.jp,Female,65.228.105.236
483,Bernita,Mewton,bmewtonde@baidu.com,Female,103.248.185.6
484,Gayelord,Lamminam,glamminamdf@msu.edu,Male,28.140.230.86
485,Maxy,Stedman,mstedmandg@kickstarter.com,Male,119.185.192.179
486,Cyndia,Lingner,clingnerdh@cdc.gov,Female,97.44.251.212
487,Alejoa,Lerhinan,alerhinandi@barnesandnoble.com,Male,48.8.85.8
488,Stacee,Raatz,sraatzdj@businesswire.com,Female,73.109.230.251
489,Rex,de Lloyd,rdelloyddk@elpais.com,Polygender,223.110.204.44
490,Pen,Bithany,pbithanydl@jugem.jp,Male,33.235.31.218
491,Martica,McOrkil,mmcorkildm@webmd.com,Female,180.131.26.123
492,Bobinette,Eglese,beglesedn@flavors.me,Female,69.234.184.154
493,Iolande,Baldacco,ibaldaccodo@state.gov,Female,242.101.78.142
494,Jackson,Baythrop,jbaythropdp@networksolutions.com,Male,111.40.19.217
495,Drucie,Greatham,dgreathamdq@sourceforge.net,Female,23.160.208.110
496,Izabel,Caldwall,icaldwalldr@bigcartel.com,Female,217.231.127.0
497,Robers,Daldry,rdaldryds@europa.eu,Male,24.170.20.112
498,Alasdair,Brownhill,abrownhilldt@soundcloud.com,Male,203.140.10.114
499,Daffie,Calan,dcalandu@bizjournals.com,Female,181.171.208.171
500,Lana,Mearns,lmearnsdv@plala.or.jp,Female,111.222.6.188
501,Fernande,Livesley,flivesleydw@bluehost.com,Bigender,146.37.233.50
502,Eveleen,Trousdale,etrousdaledx@msn.com,Female,69.184.248.15
503,Lanny,Ravenhills,lravenhillsdy@archive.org,Female,94.68.141.10
504,Donalt,Rate,dratedz@independent.co.uk,Male,255.221.47.234
505,Norbert,Gubbin,ngubbine0@earthlink.net,Polygender,37.181.83.177
506,Norrie,Mathwen,nmathwene1@usgs.gov,Female,95.190.199.43
507,Bobbie,Standfield,bstandfielde2@cocolog-nifty.com,Female,149.187.139.101
508,Auria,Wickardt,awickardte3@usnews.com,Female,80.219.40.190
509,Kaylee,Turnell,kturnelle4@tamu.edu,Female,183.235.254.129
510,Raddy,Moralas,rmoralase5@reverbnation.com,Bigender,222.28.127.101
511,Korella,Gabbotts,kgabbottse6@globo.com,Female,222.189.57.25
512,Marlyn,Coneybeare,mconeybearee7@prnewswire.com,Female,255.193.165.226
513,Brandice,Rolingson,brolingsone8@ftc.gov,Female,8.190.149.130
514,Tucky,Menlow,tmenlowe9@xrea.com,Male,123.209.17.60
515,Gladys,Benediktovich,gbenediktovichea@chicagotribune.com,Genderqueer,167.200.158.245
516,Udall,Clough,uclougheb@patch.com,Male,44.94.244.4
517,Marcelle,Solley,msolleyec@independent.co.uk,Female,58.39.73.37
518,Tannie,Hinkes,thinkesed@canalblog.com,Male,163.74.94.251
519,Brantley,Tal,btalee@miibeian.gov.cn,Male,222.31.122.38
520,Melisenda,Hegg,mheggef@about.com,Female,160.182.205.60
521,Loralyn,Redhead,lredheadeg@dion.ne.jp,Female,92.116.186.31
522,Anabelle,Short,ashorteh@usda.gov,Female,165.77.249.14
523,Aylmar,McIlwain,amcilwainei@columbia.edu,Male,13.43.75.255
524,Tiena,Seath,tseathej@ebay.co.uk,Agender,116.254.74.229
525,Bobbi,Provost,bprovostek@netvibes.com,Non-binary,130.14.46.95
526,Cornie,Walthall,cwalthallel@unicef.org,Male,196.30.220.79
527,Tasha,Drinkel,tdrinkelem@toplist.cz,Female,37.242.102.25
528,Vito,Giorgetti,vgiorgettien@nyu.edu,Male,194.179.125.130
529,Blakeley,Raysdale,braysdaleeo@histats.com,Female,231.35.22.254
530,Rochell,Burfoot,rburfootep@yellowpages.com,Female,5.29.206.221
531,Rebekkah,Danton,rdantoneq@gravatar.com,Female,132.244.174.73
532,Marcel,Mainds,mmaindser@fastcompany.com,Male,175.164.230.206
533,Christin,MacGiffin,cmacgiffines@cnet.com,Non-binary,97.8.242.137
534,Jackie,Hounson,jhounsonet@edublogs.org,Female,75.216.65.109
535,Alvy,Gors,agorseu@meetup.com,Male,29.230.235.228
536,Addison,McEvilly,amcevillyev@woothemes.com,Male,211.145.255.179
537,Shanon,Waszczyk,swaszczykew@unc.edu,Female,236.63.240.64
538,Colene,Conahy,cconahyex@reddit.com,Female,134.31.66.244
539,Katee,Nicklinson,knicklinsoney@weather.com,Female,34.57.133.101
540,Shannen,Peter,speterez@gmpg.org,Female,111.90.15.151
541,Fancy,Kenelin,fkenelinf0@pagesperso-orange.fr,Female,141.218.100.71
542,Carmela,Hanshawe,chanshawef1@bizjournals.com,Female,150.59.157.156
543,Cecilla,Kedie,ckedief2@mashable.com,Female,57.136.175.205
544,Alla,Davidovicz,adavidoviczf3@blogtalkradio.com,Female,89.201.137.68
545,Jeniffer,Risson,jrissonf4@360.cn,Female,37.175.0.246
546,Gene,Gravatt,ggravattf5@edublogs.org,Male,43.166.124.235
547,Corby,Leyban,cleybanf6@ezinearticles.com,Male,94.131.129.97
548,Walton,Bratton,wbrattonf7@amazonaws.com,Male,4.85.20.22
549,Berkly,Bugbird,bbugbirdf8@youtube.com,Male,251.48.132.235
550,Laney,Sommerlin,lsommerlinf9@typepad.com,Male,230.235.217.76
551,Averell,Braemer,abraemerfa@shop-pro.jp,Male,149.60.71.161
552,Fonzie,Tizzard,ftizzardfb@yolasite.com,Male,80.20.195.84
553,Nikolaos,McLaren,nmclarenfc@artisteer.com,Male,123.124.237.10
554,Dorthea,Tethcote,dtethcotefd@is.gd,Female,170.37.197.138
555,Virgil,Blomfield,vblomfieldfe@ox.ac.uk,Male,24.7.130.116
556,Micheal,Rendbaek,mrendbaekff@cbslocal.com,Male,169.57.81.221
557,Guillermo,Stancliffe,gstancliffefg@weather.com,Male,43.199.80.133
558,Neall,Huccaby,nhuccabyfh@webeden.co.uk,Male,51.70.70.14
559,Rudy,Reinisch,rreinischfi@godaddy.com,Non-binary,143.134.175.185
560,Sophronia,Cranch,scranchfj@wiley.com,Female,122.101.171.194
561,Gus,Bernth,gbernthfk@hp.com,Male,63.108.14.87
562,Wakefield,Eakin,weakinfl@mapquest.com,Male,55.250.147.118
563,Denys,De Bischop,ddebischopfm@pinterest.com,Male,102.158.129.127
564,Jenda,Goldstone,jgoldstonefn@tiny.cc,Female,143.195.135.95
565,Reginauld,Aronstam,raronstamfo@seesaa.net,Male,152.189.233.25
566,Ellynn,Bediss,ebedissfp@pen.io,Female,228.184.205.135
567,Honor,Dmtrovic,hdmtrovicfq@who.int,Female,154.29.111.1
568,Maire,Sitlinton,msitlintonfr@ucsd.edu,Female,245.242.148.10
569,Riley,Martensen,rmartensenfs@youku.com,Male,118.220.110.185
570,Jordon,Rickets,jricketsft@nationalgeographic.com,Male,39.112.107.81
571,Erica,Leydon,eleydonfu@icio.us,Non-binary,195.230.248.235
572,Serge,Kleimt,skleimtfv@free.fr,Male,101.240.130.190
573,Justina,Clemitt,jclemittfw@yellowbook.com,Female,50.133.211.19
574,Sherry,Antonietti,santoniettifx@google.co.uk,Female,35.33.144.172
575,Cathee,Evison,cevisonfy@goo.ne.jp,Female,168.180.32.147
576,Steffane,Biffin,sbiffinfz@shop-pro.jp,Female,23.36.29.7
577,Glenna,Bignal,gbignalg0@webnode.com,Female,51.253.74.66
578,Ezri,Cammack,ecammackg1@soundcloud.com,Male,164.93.73.140
579,Eveline,Wonfar,ewonfarg2@rambler.ru,Female,193.151.226.234
580,Marena,de Villier,mdevillierg3@nps.gov,Female,174.145.18.66
581,Fredrick,Woofinden,fwoofindeng4@umich.edu,Male,3.9.190.9
582,Wang,Maplestone,wmaplestoneg5@adobe.com,Male,86.165.106.234
583,Gerri,Keymer,gkeymerg6@squarespace.com,Male,86.168.131.233
584,Bernita,Darbon,bdarbong7@tmall.com,Female,23.18.237.71
585,Harman,Melbourn,hmelbourng8@networksolutions.com,Male,231.236.57.204
586,Morgan,Keaves,mkeavesg9@google.com.au,Male,165.200.5.121
587,Maxie,Yockley,myockleyga@tuttocitta.it,Male,54.172.201.182
588,Liana,McGaffey,lmcgaffeygb@ovh.net,Female,65.222.208.254
589,Cindie,Farries,cfarriesgc@plala.or.jp,Female,57.182.71.64
590,Nev,Pfeuffer,npfeuffergd@msu.edu,Male,15.50.253.113
591,Gregoor,Lars,glarsge@microsoft.com,Male,136.178.1.16
592,Eveline,Clemes,eclemesgf@state.gov,Female,253.183.140.140
593,Huntlee,Gosnell,hgosnellgg@japanpost.jp,Male,182.61.124.34
594,Carmela,Ladley,cladleygh@google.pl,Female,195.8.225.49
595,Fremont,Cawdron,fcawdrongi@ning.com,Male,127.65.104.69
596,Shoshana,Hyder,shydergj@blogs.com,Female,174.27.169.72
597,Adriena,Diego,adiegogk@friendfeed.com,Female,235.128.121.36
598,Danya,Spieght,dspieghtgl@sogou.com,Male,28.197.47.114
599,Tandi,Dufore,tduforegm@hexun.com,Female,131.82.100.197
600,Prentiss,Edmead,pedmeadgn@stanford.edu,Male,9.215.70.227
601,Paddy,Penn,ppenngo@weibo.com,Male,244.173.132.99
602,Ikey,Hallett,ihallettgp@google.pl,Male,16.178.211.72
603,Pembroke,Bellison,pbellisongq@tamu.edu,Male,239.233.91.213
604,Moishe,Wickwarth,mwickwarthgr@google.cn,Male,95.185.96.10
605,Dimitry,Mains,dmainsgs@live.com,Male,86.127.81.124
606,Lucais,Kennan,lkennangt@istockphoto.com,Male,124.39.47.47
607,Matilda,Cliff,mcliffgu@ovh.net,Polygender,94.64.36.138
608,Cliff,MacGinley,cmacginleygv@pen.io,Male,200.136.47.58
609,Darline,Leander,dleandergw@nymag.com,Female,175.118.176.14
610,Dorey,Spurden,dspurdengx@diigo.com,Female,40.64.84.45
611,Emmalynne,Freshwater,efreshwatergy@phoca.cz,Female,140.1.22.127
612,Brittney,Allam,ballamgz@globo.com,Female,232.166.112.57
613,Winfield,Nuemann,wnuemannh0@github.com,Male,251.196.235.225
614,Winn,Davsley,wdavsleyh1@yelp.com,Male,161.48.129.124
615,Reed,Salzberger,rsalzbergerh2@barnesandnoble.com,Genderqueer,96.48.181.251
616,Frasco,Blundin,fblundinh3@friendfeed.com,Male,40.4.187.34
617,Archer,Stimson,astimsonh4@weibo.com,Genderfluid,43.64.213.56
618,Cale,Groucutt,cgroucutth5@oakley.com,Male,89.169.61.74
619,Tonia,Knatt,tknatth6@sakura.ne.jp,Female,200.147.18.90
620,Malory,Ferraretto,mferrarettoh7@wix.com,Female,20.222.218.74
621,Reeta,Cruess,rcruessh8@hp.com,Agender,126.144.154.65
622,Stacee,Thoms,sthomsh9@studiopress.com,Agender,218.238.246.108
623,Rriocard,Beseke,rbesekeha@a8.net,Male,91.60.108.113
624,Garv,Vail,gvailhb@flavors.me,Male,78.100.28.21
625,Alejandro,Praill,apraillhc@geocities.com,Male,109.222.83.16
626,Nolie,Delafoy,ndelafoyhd@topsy.com,Female,31.30.215.121
627,Saunder,Salvidge,ssalvidgehe@lulu.com,Male,249.125.157.221
628,Laetitia,Taunton,ltauntonhf@ted.com,Female,134.208.243.136
629,Carlee,Willgress,cwillgresshg@addtoany.com,Female,55.162.241.142
630,Bruno,Berkery,bberkeryhh@huffingtonpost.com,Non-binary,168.217.77.100
631,Dian,Howsego,dhowsegohi@netscape.com,Female,148.166.219.84
632,Adel,Braikenridge,abraikenridgehj@a8.net,Female,161.134.177.155
633,Durante,Cosgreave,dcosgreavehk@lulu.com,Male,241.101.209.241
634,Adda,Whaites,awhaiteshl@php.net,Female,178.173.127.5
635,Biron,Blazek,bblazekhm@storify.com,Male,17.137.171.127
636,Vere,Baish,vbaishhn@last.fm,Female,191.180.210.246
637,Jaclyn,Reily,jreilyho@networkadvertising.org,Female,35.36.19.100
638,Artemis,Stigell,astigellhp@goo.gl,Male,88.80.246.249
639,Ingaberg,Cleghorn,icleghornhq@storify.com,Female,151.254.62.103
640,Tate,Smitten,tsmittenhr@barnesandnoble.com,Male,117.162.121.139
641,Abbye,Seven,asevenhs@dailymail.co.uk,Female,197.47.159.169
642,Skye,Chadwell,schadwellht@engadget.com,Male,194.32.2.215
643,Reggie,Behnke,rbehnkehu@addthis.com,Male,179.41.96.151
644,Farrah,Kermath,fkermathhv@mashable.com,Female,205.77.226.103
645,Orlan,Rotherham,orotherhamhw@eepurl.com,Male,219.172.4.210
646,Hastie,Espine,hespinehx@e-recht24.de,Male,168.219.15.79
647,Randi,Fourmy,rfourmyhy@who.int,Male,76.82.86.104
648,Felicity,Gors,fgorshz@ibm.com,Female,128.195.174.48
649,Jorgan,Harome,jharomei0@oakley.com,Male,182.224.206.123
650,Maxy,Joynt,mjoynti1@list-manage.com,Male,252.147.73.30
651,Alessandro,Cicchinelli,acicchinellii2@github.com,Male,121.169.110.16
652,Mordecai,Shoemark,mshoemarki3@networkadvertising.org,Male,59.170.199.157
653,Angel,Bichard,abichardi4@edublogs.org,Agender,154.42.73.27
654,Florida,Glencrosche,fglencroschei5@ucoz.ru,Female,247.190.198.249
655,Nixie,Yantsurev,nyantsurevi6@nhs.uk,Female,26.184.2.53
656,Cassy,Dobie,cdobiei7@trellian.com,Female,249.47.29.157
657,Harcourt,Mennithorp,hmennithorpi8@miibeian.gov.cn,Male,196.18.24.16
658,Neilla,Gosforth,ngosforthi9@liveinternet.ru,Female,222.112.244.151
659,Staford,Geer,sgeeria@merriam-webster.com,Male,47.188.131.39
660,Forster,Tidbold,ftidboldib@google.com,Male,62.185.180.19
661,Dwight,Drewry,ddrewryic@barnesandnoble.com,Male,74.253.117.150
662,Rich,Pourveer,rpourveerid@spiegel.de,Male,54.232.61.128
663,Martie,Guisler,mguislerie@timesonline.co.uk,Male,164.233.234.0
664,Laraine,Worssam,lworssamif@google.cn,Female,175.245.158.193
665,Shauna,Spinola,sspinolaig@yellowpages.com,Genderfluid,36.1.54.7
666,Fran,Eaton,featonih@webeden.co.uk,Female,215.56.137.65
667,Trevar,Mottershead,tmottersheadii@parallels.com,Male,54.118.245.232
668,Colet,Nickols,cnickolsij@scribd.com,Male,151.145.8.23
669,Em,MacCurlye,emaccurlyeik@squidoo.com,Male,231.129.144.88
670,Stacy,Busk,sbuskil@facebook.com,Male,56.232.18.137
671,Georas,Midford,gmidfordim@usnews.com,Male,97.140.131.233
672,Harriott,Bissatt,hbissattin@abc.net.au,Polygender,24.191.209.8
673,Annabela,Ferriby,aferribyio@techcrunch.com,Female,159.79.138.151
674,Olia,Pollicote,opollicoteip@bandcamp.com,Female,61.94.191.73
675,Izak,Spinage,ispinageiq@google.co.uk,Male,241.241.230.150
676,Drucill,Bellfield,dbellfieldir@slashdot.org,Female,98.130.229.19
677,Bryce,Pawsey,bpawseyis@miibeian.gov.cn,Genderqueer,120.50.56.239
678,Bartram,Wrenn,bwrennit@php.net,Male,106.205.133.153
679,Mycah,Dines,mdinesiu@wikispaces.com,Male,248.219.142.16
680,Dunc,Kaas,dkaasiv@tmall.com,Male,120.120.132.15
681,Uta,Trudgion,utrudgioniw@npr.org,Female,142.218.88.134
682,Sheilah,Kovnot,skovnotix@timesonline.co.uk,Female,38.104.195.61
683,Marion,Collington,mcollingtoniy@diigo.com,Bigender,59.104.119.212
684,Elia,Gaynesford,egaynesfordiz@plala.or.jp,Male,235.217.177.221
685,Glynda,Boon,gboonj0@howstuffworks.com,Female,47.13.220.203
686,Alessandro,Allin,aallinj1@yahoo.co.jp,Male,219.0.139.91
687,Mina,Yashaev,myashaevj2@alexa.com,Female,178.180.159.49
688,Carlin,Pozzo,cpozzoj3@who.int,Female,5.244.10.52
689,Rodge,Barlie,rbarliej4@independent.co.uk,Male,76.132.224.170
690,Rhona,Mousdall,rmousdallj5@phpbb.com,Female,70.216.181.40
691,Morlee,Alway,malwayj6@go.com,Male,2.158.221.4
692,Lindy,Finan,lfinanj7@vimeo.com,Male,193.70.67.89
693,Molli,Otto,mottoj8@digg.com,Female,239.22.111.72
694,Zebadiah,Brodway,zbrodwayj9@mit.edu,Male,138.191.108.223
695,Morris,McReedy,mmcreedyja@admin.ch,Male,115.56.57.89
696,Ginger,Bellchamber,gbellchamberjb@stanford.edu,Agender,105.100.60.45
697,Mischa,Shalliker,mshallikerjc@jigsy.com,Male,133.7.197.203
698,Beitris,Tardiff,btardiffjd@posterous.com,Female,67.185.191.215
699,Candis,McCormick,cmccormickje@hao123.com,Female,182.213.93.172
700,Betteanne,Beamont,bbeamontjf@hostgator.com,Female,17.49.97.121
701,Tania,Middler,tmiddlerjg@paginegialle.it,Female,133.232.251.12
702,Augustina,Bendan,abendanjh@domainmarket.com,Female,203.59.66.38
703,Ervin,Carter,ecarterji@barnesandnoble.com,Male,110.127.64.42
704,Joshuah,Schaben,jschabenjj@washingtonpost.com,Male,233.58.239.9
705,Crystal,Comiam,ccomiamjk@tamu.edu,Female,238.50.100.111
706,Reuven,Olliver,rolliverjl@mysql.com,Male,186.232.209.25
707,Carolan,Bendan,cbendanjm@alibaba.com,Agender,89.82.224.138
708,Byron,Fennessy,bfennessyjn@umich.edu,Bigender,118.70.227.75
709,Jordain,Pinkstone,jpinkstonejo@cnn.com,Female,179.171.73.170
710,Florina,Cluse,fclusejp@edublogs.org,Female,173.127.219.255
711,Wilhelmina,Labusquiere,wlabusquierejq@weibo.com,Female,178.57.70.80
712,Brendis,Gibb,bgibbjr@sfgate.com,Male,15.131.254.50
713,Ami,Hovenden,ahovendenjs@ameblo.jp,Agender,101.245.119.247
714,Darrell,Giuron,dgiuronjt@google.com.br,Male,10.199.68.208
715,Henriette,Freeth,hfreethju@cmu.edu,Genderqueer,71.9.86.102
716,Madison,Egle of Germany,megleofgermanyjv@creativecommons.org,Male,76.110.88.14
717,Bellina,Spelwood,bspelwoodjw@vk.com,Female,63.45.75.195
718,Joshuah,Pestridge,jpestridgejx@bandcamp.com,Male,209.123.54.199
719,Rodolphe,Eickhoff,reickhoffjy@ucla.edu,Genderqueer,21.97.65.137
720,Odessa,Mattiazzi,omattiazzijz@eventbrite.com,Female,7.138.48.236
721,Midge,Barnes,mbarnesk0@google.fr,Female,242.38.214.223
722,Yoshi,Camilli,ycamillik1@eepurl.com,Female,182.8.24.16
723,Rockie,Noel,rnoelk2@patch.com,Male,247.4.17.15
724,Walker,Scourgie,wscourgiek3@ehow.com,Male,27.86.47.216
725,Birk,Whitta,bwhittak4@timesonline.co.uk,Male,147.155.80.48
726,Sarette,Doumerc,sdoumerck5@berkeley.edu,Female,9.112.132.237
727,Ailina,Tallboy,atallboyk6@sbwire.com,Female,10.172.83.151
728,Johnna,Orpyne,jorpynek7@mtv.com,Female,147.29.54.133
729,Darb,Howitt,dhowittk8@wiley.com,Male,196.181.160.146
730,Noreen,Keitley,nkeitleyk9@hhs.gov,Female,231.226.53.1
731,Christine,Philippart,cphilippartka@boston.com,Female,242.253.180.195
732,Moore,Tremathack,mtremathackkb@mysql.com,Male,189.113.210.112
733,Emerson,Loxly,eloxlykc@histats.com,Male,247.79.118.93
734,Niles,Vaughan,nvaughankd@addtoany.com,Male,34.226.241.218
735,Barrett,Goldson,bgoldsonke@hibu.com,Male,190.202.34.157
736,Gill,Cousin,gcousinkf@biglobe.ne.jp,Male,83.130.252.11
737,Rees,Woltman,rwoltmankg@purevolume.com,Male,141.217.130.33
738,Avictor,Feare,afearekh@earthlink.net,Male,27.179.138.115
739,Bride,Speerman,bspeermanki@com.com,Female,197.47.156.21
740,Tamiko,Sailor,tsailorkj@alexa.com,Female,63.119.135.206
741,Mandel,Cosgry,mcosgrykk@skyrock.com,Male,222.233.101.215
742,Ker,Browne,kbrownekl@dell.com,Male,33.147.68.78
743,Rozella,Arstingall,rarstingallkm@mac.com,Female,73.79.146.146
744,Athena,Sidsaff,asidsaffkn@hc360.com,Female,242.250.166.122
745,Maia,Renouf,mrenoufko@behance.net,Female,80.73.17.97
746,Linea,Todarello,ltodarellokp@delicious.com,Female,103.215.141.253
747,Mireille,Adamski,madamskikq@feedburner.com,Female,101.210.65.86
748,Viva,Littrik,vlittrikkr@amazon.com,Female,241.27.139.99
749,Marlyn,Batcheldor,mbatcheldorks@chron.com,Female,100.123.125.12
750,Natalee,Scholer,nscholerkt@ning.com,Female,196.81.54.108
751,Zandra,Borres,zborresku@cloudflare.com,Female,203.69.139.101
752,Godfrey,Garred,ggarredkv@microsoft.com,Male,83.219.89.250
753,Peria,Simonnet,psimonnetkw@rambler.ru,Female,205.209.159.222
754,Shae,Duckwith,sduckwithkx@cbslocal.com,Genderqueer,152.30.96.133
755,Ondrea,Bolderson,oboldersonky@addthis.com,Female,35.214.184.38
756,Cirilo,Chatenier,cchatenierkz@123-reg.co.uk,Male,254.202.134.135
757,Hertha,Satch,hsatchl0@umich.edu,Female,167.74.65.20
758,Casar,MacKellar,cmackellarl1@wikia.com,Male,68.255.66.144
759,Shaylynn,Todman,stodmanl2@google.pl,Female,236.90.156.242
760,Helli,McElwee,hmcelweel3@netvibes.com,Female,64.80.227.70
761,Christiane,Vials,cvialsl4@dropbox.com,Genderfluid,128.224.155.198
762,Baillie,Banting,bbantingl5@sakura.ne.jp,Male,130.141.124.2
763,Peyton,Kunes,pkunesl6@instagram.com,Male,115.191.243.19
764,Cheryl,Tromans,ctromansl7@engadget.com,Female,119.75.195.157
765,Carter,Marcroft,cmarcroftl8@ibm.com,Male,130.221.213.35
766,Jock,Hatherleigh,jhatherleighl9@google.nl,Male,60.177.76.189
767,Torry,Bushel,tbushella@army.mil,Male,156.100.190.31
768,Gibby,MacCracken,gmaccrackenlb@shareasale.com,Male,21.170.178.0
769,Parnell,Backler,pbacklerlc@freewebs.com,Male,59.38.64.130
770,Shandee,Ridout,sridoutld@xinhuanet.com,Female,114.121.224.45
771,Sergio,Filimore,sfilimorele@g.co,Male,218.227.10.131
772,Jeth,Vanner,jvannerlf@shinystat.com,Male,35.35.215.11
773,Rani,Aronsohn,raronsohnlg@angelfire.com,Non-binary,120.123.84.147
774,Cecil,Charrisson,ccharrissonlh@wikia.com,Polygender,179.79.136.76
775,Tybie,Katt,tkattli@google.es,Female,207.116.73.184
776,Pauli,Swetenham,pswetenhamlj@intel.com,Female,80.114.244.85
777,Simonne,Rylstone,srylstonelk@odnoklassniki.ru,Female,231.185.67.253
778,June,Izhak,jizhakll@youtube.com,Female,92.176.140.50
779,Carroll,Tripcony,ctripconylm@1und1.de,Female,115.113.71.153
780,Violetta,Southerns,vsouthernsln@virginia.edu,Female,167.179.183.240
781,Everard,Markus,emarkuslo@ezinearticles.com,Male,252.192.167.57
782,Roley,McEwan,rmcewanlp@ed.gov,Male,209.235.134.51
783,Shaylyn,Foxley,sfoxleylq@chronoengine.com,Female,24.224.106.16
784,Minerva,Canty,mcantylr@bizjournals.com,Female,159.158.208.28
785,Karoline,Picknett,kpicknettls@lulu.com,Female,213.185.220.236
786,Bradney,Lunt,bluntlt@google.es,Male,210.154.207.1
787,Gerianne,Ogborn,gogbornlu@amazonaws.com,Female,225.57.243.23
788,Breanne,Berns,bbernslv@auda.org.au,Female,239.32.70.109
789,Zea,Hulmes,zhulmeslw@mozilla.com,Female,253.52.130.240
790,Pattin,Pelzer,ppelzerlx@addtoany.com,Male,32.225.6.42
791,Frayda,O'Grada,fogradaly@smh.com.au,Female,101.121.175.247
792,Beauregard,Camerello,bcamerellolz@blinklist.com,Male,21.205.50.120
793,Charlot,Seamons,cseamonsm0@sciencedaily.com,Bigender,171.208.242.165
794,Gayler,Ponceford,gponcefordm1@bbc.co.uk,Agender,69.187.203.77
795,Colette,Greatreax,cgreatreaxm2@amazon.de,Female,150.172.191.255
796,Orsola,Gagin,ogaginm3@ucla.edu,Female,149.41.1.43
797,Annelise,Krout,akroutm4@sitemeter.com,Female,83.126.237.129
798,Wilow,Titford,wtitfordm5@people.com.cn,Female,208.35.252.211
799,Man,Kobera,mkoberam6@fda.gov,Male,251.173.225.46
800,Jacobo,Cinnamond,jcinnamondm7@yolasite.com,Polygender,143.193.125.187
801,Ariana,Bossingham,abossinghamm8@ask.com,Female,214.94.150.158
802,Abagail,Rief,ariefm9@house.gov,Female,45.0.244.47
803,Nicol,Mollett,nmollettma@pbs.org,Female,79.115.20.185
804,Anna-maria,Haton,ahatonmb@dot.gov,Female,116.255.202.194
805,Hedi,Parkhouse,hparkhousemc@twitpic.com,Female,133.88.20.140
806,Em,Penney,epenneymd@geocities.jp,Male,72.14.180.165
807,Ogden,Jost,ojostme@mayoclinic.com,Genderqueer,94.71.55.4
808,Agata,Clohissy,aclohissymf@nationalgeographic.com,Female,26.31.219.67
809,Antony,Landa,alandamg@typepad.com,Male,229.54.10.159
810,Ev,Yurasov,eyurasovmh@unicef.org,Male,219.157.23.183
811,Eda,Whitnell,ewhitnellmi@tinypic.com,Female,84.75.161.128
812,Cal,Aleksandrov,caleksandrovmj@amazon.co.jp,Male,151.82.235.140
813,Cass,Grishankov,cgrishankovmk@house.gov,Female,81.149.61.180
814,Nappy,Morstatt,nmorstattml@ca.gov,Male,117.121.188.85
815,Mariska,Dibbin,mdibbinmm@ibm.com,Female,202.87.27.170
816,Julia,Clark,jclarkmn@cocolog-nifty.com,Female,231.124.29.37
817,Bev,Jeckell,bjeckellmo@census.gov,Male,237.104.166.48
818,Dick,Bifield,dbifieldmp@disqus.com,Male,92.114.205.130
819,Frasier,Wipper,fwippermq@techcrunch.com,Male,168.169.190.17
820,Raymund,Batch,rbatchmr@example.com,Polygender,233.0.44.216
821,Heath,Pennacci,hpennaccims@liveinternet.ru,Female,81.100.94.182
822,Chaim,Slyme,cslymemt@google.com.hk,Male,69.5.23.214
823,Loralyn,Bamlet,lbamletmu@hexun.com,Female,36.172.139.6
824,Duky,Colson,dcolsonmv@bloglovin.com,Agender,249.189.94.221
825,Martguerita,McKinstry,mmckinstrymw@engadget.com,Bigender,221.200.87.69
826,Vanda,Kruse,vkrusemx@netlog.com,Female,217.0.160.81
827,Sherri,Palser,spalsermy@plala.or.jp,Female,63.7.224.44
828,Fidel,Joontjes,fjoontjesmz@disqus.com,Male,68.100.19.90
829,Ennis,Dmytryk,edmytrykn0@webnode.com,Male,78.122.53.117
830,Byram,Sabey,bsabeyn1@naver.com,Male,40.35.223.23
831,Lezlie,Cron,lcronn2@hatena.ne.jp,Female,251.125.242.251
832,Cathyleen,Gorhardt,cgorhardtn3@wiley.com,Female,103.41.180.124
833,Mae,Firbank,mfirbankn4@globo.com,Female,144.62.179.136
834,Teddi,Novello,tnovellon5@mail.ru,Non-binary,184.166.24.3
835,Web,Leahair,wleahairn6@tiny.cc,Male,217.98.174.43
836,Marie-jeanne,Meneghi,mmeneghin7@nasa.gov,Female,15.29.68.161
837,Leonora,Pleager,lpleagern8@princeton.edu,Female,10.30.162.88
838,Willow,Robiot,wrobiotn9@wisc.edu,Agender,245.83.214.180
839,Hyacinthe,O' Donohue,hodonohuena@zimbio.com,Female,101.39.251.112
840,Bealle,Ketteringham,bketteringhamnb@wordpress.org,Genderqueer,217.188.59.247
841,Joyann,Spenton,jspentonnc@mayoclinic.com,Female,239.67.128.251
842,Kendal,Gordon-Giles,kgordongilesnd@bluehost.com,Male,77.136.19.214
843,Betti,O'Canavan,bocanavanne@howstuffworks.com,Genderfluid,83.2.127.215
844,Hedwig,Marconi,hmarconinf@icio.us,Female,113.99.63.176
845,Pollyanna,Springham,pspringhamng@reverbnation.com,Female,183.127.207.180
846,Antone,Gasken,agaskennh@google.it,Male,108.14.143.33
847,Caritta,Curnucke,ccurnuckeni@whitehouse.gov,Bigender,87.185.148.241
848,Joachim,Telling,jtellingnj@archive.org,Male,205.193.125.202
849,Chrystel,Franken,cfrankennk@imdb.com,Female,201.203.238.252
850,Brandice,Waggitt,bwaggittnl@soundcloud.com,Female,28.68.189.196
851,Jolene,Basketfield,jbasketfieldnm@hubpages.com,Female,163.216.54.212
852,Barnie,Van Hesteren,bvanhesterennn@vk.com,Male,84.79.119.31
853,Esther,Duding,edudingno@rakuten.co.jp,Female,100.112.241.89
854,Othella,Waghorn,owaghornnp@oaic.gov.au,Female,179.49.79.128
855,Ronda,Sawtell,rsawtellnq@princeton.edu,Female,150.174.161.201
856,Claudetta,Spinige,cspinigenr@vinaora.com,Female,108.23.49.96
857,Morty,Stampfer,mstampferns@forbes.com,Male,182.198.167.133
858,Tracie,Gilchrist,tgilchristnt@1688.com,Bigender,199.90.54.90
859,Robinet,Opdenort,ropdenortnu@exblog.jp,Male,212.90.149.135
860,Christoper,Akram,cakramnv@acquirethisname.com,Male,176.176.149.68
861,Jerrie,Johnsson,jjohnssonnw@prweb.com,Male,166.50.46.208
862,Osborne,Smorfit,osmorfitnx@independent.co.uk,Male,227.3.130.80
863,Ronnie,Pisculli,rpisculliny@wisc.edu,Male,247.207.224.6
864,Goddart,Sutlieff,gsutlieffnz@mail.ru,Male,15.147.211.129
865,Rorke,Kingswood,rkingswoodo0@nytimes.com,Polygender,39.44.178.131
866,Sharona,Tulloch,stullocho1@unicef.org,Female,113.199.165.93
867,Benjamin,Ryder,brydero2@paginegialle.it,Genderfluid,242.208.70.127
868,Lefty,Pitkaithly,lpitkaithlyo3@arstechnica.com,Male,89.130.54.211
869,Nickolas,Archbould,narchbouldo4@tamu.edu,Male,114.5.200.94
870,Coriss,Argontt,cargontto5@pbs.org,Female,162.203.167.191
871,Joaquin,Boston,jbostono6@studiopress.com,Male,194.46.252.167
872,Alexandro,Macilhench,amacilhencho7@desdev.cn,Male,187.17.120.199
873,Renate,Steptoe,rsteptoeo8@examiner.com,Female,249.207.143.69
874,Kennett,Suter,ksutero9@abc.net.au,Male,1.161.115.220
875,Arlyn,Ibbeson,aibbesonoa@webmd.com,Female,14.88.165.153
876,Livy,Kubatsch,lkubatschob@behance.net,Female,32.200.210.134
877,Donnie,O'Hare,dohareoc@macromedia.com,Male,35.206.22.122
878,Jamey,Smiths,jsmithsod@discuz.net,Male,79.198.94.135
879,Perle,Buttner,pbuttneroe@ustream.tv,Female,108.0.223.40
880,Donny,Gilder,dgilderof@fotki.com,Genderqueer,35.49.248.230
881,Irena,Linklet,ilinkletog@ucoz.com,Female,206.154.119.124
882,Danielle,Murrhardt,dmurrhardtoh@dell.com,Female,27.139.191.41
883,Pamelina,Sugg,psuggoi@jugem.jp,Female,125.177.153.168
884,Rockey,Pendell,rpendelloj@mayoclinic.com,Male,57.213.36.41
885,Donal,Golling,dgollingok@patch.com,Male,53.231.212.248
886,Muffin,McCaster,mmccasterol@flickr.com,Male,153.90.77.164
887,Torry,Belshaw,tbelshawom@ocn.ne.jp,Bigender,5.148.247.117
888,Clarice,Longden,clongdenon@shutterfly.com,Female,44.54.72.147
889,Peg,McMichan,pmcmichanoo@google.com.br,Female,156.245.89.119
890,Haydon,Jurasek,hjurasekop@livejournal.com,Male,75.250.31.178
891,Grove,Trainer,gtraineroq@sogou.com,Male,158.197.44.66
892,Dalila,Lunney,dlunneyor@studiopress.com,Female,225.78.188.160
893,Sandor,Waggett,swaggettos@time.com,Male,180.71.108.108
894,Rana,Borleace,rborleaceot@mashable.com,Female,243.81.10.90
895,Janna,Withull,jwithullou@nydailynews.com,Female,221.138.133.92
896,Oby,Ferrero,oferreroov@washingtonpost.com,Male,234.204.12.109
897,Granny,Sinderson,gsindersonow@reverbnation.com,Male,213.201.141.15
898,Annaliese,Corington,acoringtonox@google.pl,Female,246.86.27.154
899,Dur,Negus,dnegusoy@meetup.com,Male,147.145.222.155
900,Sayre,Olcot,solcotoz@myspace.com,Male,179.7.228.1
901,Theobald,Teml,ttemlp0@oracle.com,Male,217.241.219.23
902,Garald,Jozefowicz,gjozefowiczp1@kickstarter.com,Male,55.11.108.138
903,Cary,Shambroke,cshambrokep2@istockphoto.com,Female,225.231.130.251
904,Hattie,Wybron,hwybronp3@addthis.com,Female,79.35.40.153
905,Mario,Slewcock,mslewcockp4@drupal.org,Male,237.128.146.252
906,Fowler,Clendinning,fclendinningp5@reference.com,Male,30.89.29.6
907,Ardelis,Krolik,akrolikp6@mac.com,Female,81.17.178.93
908,Trudi,Braikenridge,tbraikenridgep7@hostgator.com,Agender,36.101.60.127
909,Christean,Merfin,cmerfinp8@dot.gov,Female,64.228.57.43
910,Alma,MacCrosson,amaccrossonp9@mayoclinic.com,Female,49.67.113.187
911,Candace,Youhill,cyouhillpa@ezinearticles.com,Female,248.227.34.209
912,Vance,Kenewel,vkenewelpb@oracle.com,Male,199.254.55.53
913,Regan,Roderighi,rroderighipc@sun.com,Female,36.225.129.18
914,Temple,Borges,tborgespd@lycos.com,Male,101.251.65.70
915,Barby,Harp,bharppe@miitbeian.gov.cn,Female,205.174.3.107
916,Ransell,Winch,rwinchpf@arstechnica.com,Male,189.223.22.152
917,Birgitta,MacGinley,bmacginleypg@census.gov,Female,144.241.55.38
918,Brandise,Comolli,bcomolliph@amazon.co.jp,Female,169.206.195.119
919,Jeffie,Baseley,jbaseleypi@yellowbook.com,Polygender,231.25.57.238
920,Christel,Bearcroft,cbearcroftpj@zimbio.com,Genderfluid,112.118.48.110
921,Sukey,Zorzetti,szorzettipk@cornell.edu,Female,194.186.167.26
922,Regine,Marquis,rmarquispl@who.int,Female,26.108.31.252
923,Nancey,Sharer,nsharerpm@w3.org,Female,178.27.24.93
924,Tobye,Topliss,ttoplisspn@msu.edu,Female,231.186.180.194
925,Itch,Tussaine,itussainepo@latimes.com,Male,226.141.34.97
926,Kata,Kenwell,kkenwellpp@nhs.uk,Female,46.141.228.239
927,Peadar,Mannakee,pmannakeepq@ning.com,Male,101.60.66.212
928,Ardine,Itzhaki,aitzhakipr@umn.edu,Female,1.230.45.141
929,Ashbey,Huggard,ahuggardps@aol.com,Male,46.204.85.94
930,Otis,McGeneay,omcgeneaypt@privacy.gov.au,Male,16.166.21.101
931,Blayne,Swanston,bswanstonpu@fema.gov,Polygender,150.12.177.160
932,Jim,Kinchin,jkinchinpv@state.gov,Male,116.220.208.213
933,Mikey,Jinda,mjindapw@shutterfly.com,Male,71.83.204.66
934,Harald,Eddleston,heddlestonpx@wordpress.org,Non-binary,70.183.190.105
935,Dennison,Malkinson,dmalkinsonpy@walmart.com,Male,35.223.146.10
936,Caressa,Hammerich,chammerichpz@apache.org,Female,242.61.86.226
937,Alanson,Stoffler,astofflerq0@yolasite.com,Genderqueer,204.13.102.174
938,Ambros,Organer,aorganerq1@kickstarter.com,Male,116.185.15.56
939,Frederica,Bremner,fbremnerq2@drupal.org,Female,171.14.148.100
940,Marci,Jenman,mjenmanq3@loc.gov,Genderfluid,238.100.144.223
941,Cybill,Foxley,cfoxleyq4@answers.com,Female,23.123.8.234
942,Celine,Walling,cwallingq5@google.com.au,Female,253.89.54.207
943,Annalise,Frichley,africhleyq6@seattletimes.com,Female,216.135.153.139
944,Stefan,Colbridge,scolbridgeq7@techcrunch.com,Male,34.230.170.201
945,Marrissa,Sheircliffe,msheircliffeq8@wikipedia.org,Female,237.38.193.180
946,Coralyn,Raoux,craouxq9@drupal.org,Female,8.42.194.16
947,Halley,Stephens,hstephensqa@stumbleupon.com,Female,126.73.24.172
948,Jessee,Maginot,jmaginotqb@google.pl,Male,33.115.213.83
949,Natka,Lindstrom,nlindstromqc@cloudflare.com,Female,104.152.232.223
950,Wernher,Pirkis,wpirkisqd@booking.com,Male,148.241.114.54
951,Ennis,Turpie,eturpieqe@ebay.co.uk,Male,242.66.134.37
952,Augusto,MacAlees,amacaleesqf@apache.org,Polygender,98.11.7.32
953,Harriott,Dobell,hdobellqg@delicious.com,Female,190.124.41.25
954,Marjy,Toone,mtooneqh@geocities.jp,Polygender,237.57.254.220
955,Isac,Simpkin,isimpkinqi@cyberchimps.com,Male,74.182.35.4
956,Olympe,Tysall,otysallqj@cdc.gov,Female,219.200.231.206
957,Doralynn,Martinuzzi,dmartinuzziqk@aboutads.info,Female,93.188.229.8
958,Wynny,Patifield,wpatifieldql@dmoz.org,Female,113.35.167.120
959,Cornie,Wildbore,cwildboreqm@imdb.com,Female,183.248.207.16
960,Adamo,MacGillavery,amacgillaveryqn@issuu.com,Male,86.201.63.145
961,Faydra,Pelos,fpelosqo@tinyurl.com,Female,40.149.191.66
962,Beverlee,Spellessy,bspellessyqp@ustream.tv,Female,42.89.191.254
963,Cristabel,Lamborne,clamborneqq@telegraph.co.uk,Genderqueer,218.135.65.157
964,Sigismundo,Iwanicki,siwanickiqr@hubpages.com,Male,203.177.63.96
965,Leticia,Baalham,lbaalhamqs@ameblo.jp,Female,22.5.139.243
966,Trixie,Schutte,tschutteqt@wikispaces.com,Genderqueer,162.96.182.180
967,Abbott,Grisewood,agrisewoodqu@epa.gov,Male,192.105.164.231
968,Kerry,Duggen,kduggenqv@google.co.jp,Polygender,19.135.60.42
969,Hadleigh,Digg,hdiggqw@ocn.ne.jp,Genderfluid,156.96.146.5
970,Nichols,Skittrall,nskittrallqx@dailymail.co.uk,Non-binary,124.42.189.35
971,Renee,Tesdale,rtesdaleqy@cornell.edu,Female,75.86.83.67
972,Nicola,Lyndon,nlyndonqz@marriott.com,Female,105.133.87.196
973,Ruy,Goreway,rgorewayr0@archive.org,Male,159.61.228.96
974,Pete,Agirre,pagirrer1@seattletimes.com,Male,204.51.153.217
975,Hunfredo,Le febre,hlefebrer2@adobe.com,Polygender,255.229.35.235
976,Tabina,Lynch,tlynchr3@cisco.com,Female,9.245.34.80
977,Dorelia,Houlson,dhoulsonr4@sina.com.cn,Female,41.80.67.37
978,Calley,Rannells,crannellsr5@so-net.ne.jp,Female,108.254.128.184
979,Chilton,Lanfare,clanfarer6@cbc.ca,Male,227.116.192.148
980,Violetta,Mattin,vmattinr7@cyberchimps.com,Female,248.158.82.159
981,Had,Trueman,htruemanr8@kickstarter.com,Male,132.195.180.107
982,Calli,Jojic,cjojicr9@slate.com,Female,190.75.204.229
983,Kaitlyn,Bloore,kbloorera@sitemeter.com,Female,185.133.35.27
984,Berny,Prisk,bpriskrb@wunderground.com,Female,25.138.97.40
985,Alyss,Atherley,aatherleyrc@washington.edu,Female,107.138.39.70
986,Willa,Corbie,wcorbierd@domainmarket.com,Female,63.24.22.142
987,Eachelle,Unworth,eunworthre@goo.gl,Female,216.43.139.38
988,Avis,Darter,adarterrf@state.tx.us,Female,59.214.220.30
989,Northrup,Klus,nklusrg@mozilla.org,Male,20.167.37.252
990,Gloria,Pepis,gpepisrh@lycos.com,Female,10.84.155.38
991,Clemente,Jilkes,cjilkesri@usda.gov,Male,68.34.126.103
992,Maryjane,Parr,mparrrj@goodreads.com,Female,101.82.19.27
993,Randene,Pasby,rpasbyrk@tamu.edu,Female,151.143.86.154
994,Ferne,Timberlake,ftimberlakerl@ifeng.com,Genderfluid,201.178.163.82
995,Hillyer,Deener,hdeenerrm@gravatar.com,Male,162.188.161.76
996,Martelle,Parnham,mparnhamrn@vkontakte.ru,Female,62.25.247.53
997,Celestyna,Geldeford,cgeldefordro@youtube.com,Female,179.136.45.21
998,Leyla,Mulmuray,lmulmurayrp@hao123.com,Female,244.124.173.152
999,Lorelle,Bartrum,lbartrumrq@1und1.de,Female,93.73.1.0
1000,Alie,Scyner,ascynerrr@discuz.net,Female,211.78.103.215
