id,first_name,last_name,email,gender,ip_address
1,Gerianna,Lacky,glacky0@pagesperso-orange.fr,Female,94.28.181.34
2,Papageno,Glading,pglading1@seesaa.net,Agender,67.86.206.211
3,Guinevere,Drynan,gdrynan2@mashable.com,Female,146.142.222.106
4,Blythe,Vanichkov,bvanichkov3@bbb.org,Female,102.130.211.180
5,Janeva,Ortell,jortell4@trellian.com,Female,184.230.14.61
6,Tamarra,Maric,tmaric5@skype.com,Female,17.159.86.96
7,Shannah,Shilliday,sshilliday6@ifeng.com,Genderqueer,17.115.199.102
8,Theo,Kleynen,tkleynen7@bbc.co.uk,Bigender,149.204.78.225
9,Torr,Bernli,tbernli8@instagram.com,Male,241.59.210.66
10,Jan,Berringer,jberringer9@columbia.edu,Male,96.205.14.165
11,Roth,Wilshin,rwilshina@huffingtonpost.com,Male,110.93.68.18
12,Corissa,Weerdenburg,cweerdenburgb@nasa.gov,Female,201.159.230.194
13,Zackariah,Lowndsbrough,zlowndsbroughc@goodreads.com,Genderfluid,248.194.85.228
14,Sara,Waleworke,swaleworked@edublogs.org,Female,31.65.145.71
15,Griselda,Battye,gbattyee@youku.com,Female,1.10.233.100
16,Tore,Bryenton,tbryentonf@prweb.com,Male,119.238.210.146
17,Flemming,Dingsdale,fdingsdaleg@addtoany.com,Male,26.14.205.226
18,Birdie,Tamplin,btamplinh@deviantart.com,Female,79.67.191.30
19,Stephie,Wyldbore,swyldborei@live.com,Non-binary,129.251.64.19
20,Zitella,Poulston,zpoulstonj@toplist.cz,Female,147.238.200.148
21,Maxine,MacCumiskey,mmaccumiskeyk@wsj.com,Female,139.237.93.185
22,Augustus,Boden,abodenl@tuttocitta.it,Male,106.251.103.190
23,Abagael,Myatt,amyattm@qq.com,Non-binary,186.124.118.164
24,Isabella,Measham,imeashamn@zimbio.com,Non-binary,222.119.12.160
25,Lilyan,Colnett,lcolnetto@unicef.org,Female,74.107.141.176
26,Costanza,McCalister,cmccalisterp@patch.com,Female,245.148.116.186
27,Matthus,Floodgate,mfloodgateq@cnn.com,Male,12.241.201.155
28,Rudiger,Puttergill,rputtergillr@webeden.co.uk,Male,13.197.22.194
29,Fairlie,Wells,fwellss@examiner.com,Male,75.172.247.4
30,Andria,Firmager,afirmagert@livejournal.com,Female,129.111.30.94
31,Clement,Peat,cpeatu@youtu.be,Male,141.88.246.63
32,Benedict,Widdop,bwiddopv@sohu.com,Male,70.52.101.1
33,Bianca,Lakenton,blakentonw@elpais.com,Female,145.247.37.163
34,Katie,Meiningen,kmeiningenx@printfriendly.com,Female,181.90.139.198
35,Katusha,Jovicevic,kjovicevicy@netlog.com,Genderfluid,100.26.34.195
36,Stephanus,Longmire,slongmirez@nps.gov,Male,136.188.225.29
37,Egon,Feakins,efeakins10@i2i.jp,Male,130.40.78.56
38,Zollie,Jenkin,zjenkin11@issuu.com,Male,64.35.144.211
39,Jacquenetta,Chamberlen,jchamberlen12@xinhuanet.com,Female,2.255.90.134
40,Delmer,Nairn,dnairn13@odnoklassniki.ru,Male,178.34.47.229
41,Evy,Topley,etopley14@vistaprint.com,Female,92.99.175.162
42,Camila,Fruser,cfruser15@sina.com.cn,Bigender,114.72.12.234
43,Piggy,Vasechkin,pvasechkin16@arizona.edu,Male,232.108.203.156
44,Lilah,Fryer,lfryer17@google.cn,Female,99.237.81.179
45,Kareem,Clemenceau,kclemenceau18@infoseek.co.jp,Male,114.162.237.80
46,Berty,Paroni,bparoni19@rediff.com,Male,98.108.145.176
47,Burke,Huster,bhuster1a@ebay.co.uk,Male,59.51.195.244
48,Anetta,Stovine,astovine1b@fastcompany.com,Female,121.35.14.118
49,Saree,Scarman,sscarman1c@mit.edu,Genderfluid,89.46.235.229
50,Patricio,Phillcox,pphillcox1d@narod.ru,Male,182.89.19.123
51,Adrien,Okey,aokey1e@google.es,Male,148.54.153.68
52,Briana,Holdall,bholdall1f@pen.io,Female,76.145.21.217
53,Minerva,Lambertazzi,mlambertazzi1g@reuters.com,Polygender,73.8.82.130
54,Winifred,Powers,wpowers1h@cafepress.com,Female,180.129.3.81
55,Tresa,Abbison,tabbison1i@jiathis.com,Female,123.86.120.59
56,Palmer,Bims,pbims1j@constantcontact.com,Male,72.255.15.188
57,Adriane,Donnelly,adonnelly1k@is.gd,Female,129.182.77.50
58,Dari,Giuron,dgiuron1l@surveymonkey.com,Female,241.19.254.133
59,Maye,Lamplugh,mlamplugh1m@webeden.co.uk,Female,155.88.245.188
60,Tull,Forton,tforton1n@paypal.com,Male,116.19.219.154
61,Alic,Broadey,abroadey1o@spiegel.de,Male,49.148.224.26
62,Osbourne,Dyott,odyott1p@tamu.edu,Male,17.103.0.220
63,Alejoa,Vittery,avittery1q@theglobeandmail.com,Male,158.180.142.240
64,Martica,Astman,mastman1r@gmpg.org,Female,218.71.170.1
65,Janenna,Comazzo,jcomazzo1s@linkedin.com,Female,208.70.97.161
66,Hannah,Gaunt,hgaunt1t@statcounter.com,Female,70.85.218.187
67,Birk,McGarahan,bmcgarahan1u@gravatar.com,Male,240.19.212.203
68,Bennie,Strathearn,bstrathearn1v@etsy.com,Female,221.92.168.223
69,Orlando,Blight,oblight1w@blog.com,Male,54.112.182.13
70,Lanae,Sprowle,lsprowle1x@privacy.gov.au,Female,155.2.218.6
71,Torre,Bartul,tbartul1y@bizjournals.com,Male,224.131.115.236
72,Clotilda,Gude,cgude1z@php.net,Female,222.210.21.220
73,Malinde,Swayte,mswayte20@adobe.com,Female,75.168.77.0
74,Charla,Franklin,cfranklin21@mysql.com,Female,9.104.200.154
75,Cissiee,Simmell,csimmell22@indiegogo.com,Female,191.140.12.229
76,Pauletta,Vercruysse,pvercruysse23@tiny.cc,Non-binary,243.116.230.118
77,Brodie,Carles,bcarles24@ebay.com,Non-binary,255.203.104.2
78,Federico,Cunrado,fcunrado25@ovh.net,Male,75.36.1.230
79,Meade,Elston,melston26@mit.edu,Female,152.23.245.125
80,Donaugh,Bris,dbris27@meetup.com,Male,241.106.86.0
81,Lewie,McCloud,lmccloud28@vkontakte.ru,Male,4.9.157.125
82,Donella,Eager,deager29@creativecommons.org,Non-binary,14.146.219.216
83,Claretta,Tommis,ctommis2a@hubpages.com,Female,130.94.19.44
84,Lois,Haigh,lhaigh2b@craigslist.org,Female,201.46.216.214
85,Marigold,Woofendell,mwoofendell2c@elpais.com,Female,225.156.42.150
86,Griswold,Errington,gerrington2d@reverbnation.com,Male,169.0.196.52
87,Kaitlin,Clubb,kclubb2e@bloomberg.com,Female,34.235.189.96
88,Tymothy,Boriston,tboriston2f@mac.com,Male,13.99.84.145
89,Rurik,Lehrmann,rlehrmann2g@bravesites.com,Male,65.84.170.31
90,Cherice,Keitley,ckeitley2h@omniture.com,Female,225.251.75.12
91,Eunice,Mabson,emabson2i@yellowbook.com,Female,169.64.113.39
92,Whitby,Lodewick,wlodewick2j@nydailynews.com,Male,120.124.44.191
93,Teddy,Schreurs,tschreurs2k@t-online.de,Bigender,49.223.201.216
94,Dedra,Borg-Bartolo,dborgbartolo2l@economist.com,Female,245.149.156.133
95,Baird,Bowle,bbowle2m@odnoklassniki.ru,Male,222.252.175.147
96,Pepillo,Dessant,pdessant2n@usa.gov,Male,250.223.83.228
97,Olenolin,Duchatel,oduchatel2o@vimeo.com,Male,134.35.104.9
98,Paulita,Chadbourne,pchadbourne2p@netlog.com,Female,42.24.225.186
99,Cindra,Spridgeon,cspridgeon2q@disqus.com,Female,195.94.119.144
100,Grantham,Exall,gexall2r@tiny.cc,Male,45.206.20.230
101,Miranda,Noell,mnoell2s@fastcompany.com,Female,18.7.177.44
102,Mart,Snadden,msnadden2t@amazonaws.com,Male,139.203.31.86
103,Ami,Murname,amurname2u@nhs.uk,Female,196.75.132.36
104,Chuck,Hunnicot,chunnicot2v@shinystat.com,Male,128.78.8.15
105,Jobye,Kenchington,jkenchington2w@issuu.com,Female,164.120.205.186
106,Giustino,Iacobucci,giacobucci2x@vinaora.com,Male,65.201.48.88
107,Abner,Barok,abarok2y@go.com,Non-binary,251.203.168.17
108,Derby,Tesimon,dtesimon2z@latimes.com,Male,225.166.1.190
109,Yoko,Burkett,yburkett30@g.co,Female,122.56.68.251
110,Sharleen,Gabbot,sgabbot31@smugmug.com,Female,25.21.83.180
111,Mari,Andreasen,mandreasen32@weibo.com,Female,205.199.171.252
112,Micky,Wildbore,mwildbore33@nba.com,Male,229.52.180.65
113,Way,Russ,wruss34@geocities.jp,Male,84.102.161.120
114,Louisa,Vizor,lvizor35@discuz.net,Female,216.228.178.37
115,Selena,Haney,shaney36@wisc.edu,Female,30.107.228.148
116,Magdalena,Shaylor,mshaylor37@homestead.com,Female,248.147.12.90
117,Nelly,Garrood,ngarrood38@cdbaby.com,Genderfluid,228.94.87.240
118,Artur,Christophersen,achristophersen39@cnn.com,Male,152.246.203.210
119,Artemis,Message,amessage3a@ebay.co.uk,Male,31.21.153.205
120,Sloane,Tuxwell,stuxwell3b@artisteer.com,Male,253.152.242.35
121,James,Neads,jneads3c@edublogs.org,Male,53.38.171.0
122,King,Sparkes,ksparkes3d@berkeley.edu,Male,60.144.251.86
123,Holt,Meneur,hmeneur3e@walmart.com,Male,96.190.36.139
124,Desi,Penhallurick,dpenhallurick3f@gov.uk,Male,110.78.95.37
125,Gabriel,Yoell,gyoell3g@rediff.com,Female,52.152.119.179
126,Garrek,Rolley,grolley3h@google.com,Male,112.31.146.215
127,Burtie,Sturt,bsturt3i@bravesites.com,Male,90.23.199.23
128,Flynn,Doudney,fdoudney3j@homestead.com,Genderqueer,173.114.182.214
129,Eliza,Worrall,eworrall3k@sourceforge.net,Female,136.49.1.175
130,Claudie,Frankel,cfrankel3l@berkeley.edu,Female,142.154.53.39
131,Elvina,Coventry,ecoventry3m@blogspot.com,Female,50.91.41.188
132,Kass,Soame,ksoame3n@cloudflare.com,Female,22.219.93.246
133,Carlin,Cunradi,ccunradi3o@desdev.cn,Male,112.4.28.211
134,Jerrylee,Rantoul,jrantoul3p@live.com,Female,12.176.124.48
135,Michaella,Whorlow,mwhorlow3q@kickstarter.com,Female,73.23.4.195
136,Karlis,McDonand,kmcdonand3r@mayoclinic.com,Male,198.191.228.85
137,Alessandro,Soitoux,asoitoux3s@japanpost.jp,Agender,189.161.134.3
138,Eliza,Courtman,ecourtman3t@163.com,Female,203.25.97.127
139,Kit,Nannetti,knannetti3u@php.net,Male,253.214.105.228
140,Kariotta,Cutriss,kcutriss3v@guardian.co.uk,Female,160.143.188.91
141,Meryl,Leel,mleel3w@sciencedaily.com,Male,198.34.201.164
142,Viv,Redwood,vredwood3x@163.com,Bigender,162.17.11.67
143,Chadwick,Johnsey,cjohnsey3y@stumbleupon.com,Male,119.234.41.66
144,Kerwinn,Feldmesser,kfeldmesser3z@unblog.fr,Male,69.174.77.168
145,Lemmy,Roggeman,lroggeman40@sakura.ne.jp,Male,185.3.183.144
146,Dalt,Gresly,dgresly41@unesco.org,Male,16.97.28.39
147,Cello,Crangle,ccrangle42@hubpages.com,Male,2.103.28.229
148,Jessa,Estick,jestick43@uol.com.br,Female,183.221.189.209
149,Sylvan,Denkin,sdenkin44@discuz.net,Male,54.125.75.22
150,Cindelyn,Wiersma,cwiersma45@privacy.gov.au,Female,252.97.126.152
151,Alysa,Damp,adamp46@bloglovin.com,Female,164.77.38.216
152,Misty,Ghelardi,mghelardi47@merriam-webster.com,Polygender,206.197.28.226
153,Cher,Mulford,cmulford48@yandex.ru,Genderqueer,34.248.9.61
154,Garnette,Caton,gcaton49@bizjournals.com,Female,248.70.50.101
155,Kip,Maddison,kmaddison4a@barnesandnoble.com,Male,223.244.125.35
156,Corliss,Long,clong4b@weebly.com,Female,182.85.110.177
157,Adorne,Esh,aesh4c@fda.gov,Female,24.164.57.1
158,Heloise,Fagan,hfagan4d@51.la,Female,60.191.63.29
159,Karna,Mattiuzzi,kmattiuzzi4e@google.com.hk,Female,247.198.18.58
160,Lexi,Grenshiels,lgrenshiels4f@nymag.com,Female,250.165.177.246
161,Ludvig,Glason,lglason4g@ycombinator.com,Male,176.196.132.180
162,Vaclav,Berthelmot,vberthelmot4h@bigcartel.com,Male,144.77.89.20
163,Farley,Seymark,fseymark4i@phpbb.com,Male,95.184.108.117
164,Lizbeth,Moffett,lmoffett4j@imageshack.us,Female,142.247.115.235
165,Nikolai,Azemar,nazemar4k@redcross.org,Male,211.224.133.224
166,Christye,Worwood,cworwood4l@apple.com,Female,218.173.221.252
167,Janie,Marquese,jmarquese4m@upenn.edu,Female,75.221.241.53
168,Kelcie,Kilpin,kkilpin4n@vimeo.com,Female,49.100.126.69
169,Linus,Halle,lhalle4o@illinois.edu,Male,64.201.212.56
170,Garrott,Sugar,gsugar4p@ask.com,Genderqueer,188.67.228.39
171,Billie,Tassel,btassel4q@ibm.com,Female,220.200.25.130
172,Noak,Mars,nmars4r@tmall.com,Male,71.112.225.200
173,Ermin,Scare,escare4s@people.com.cn,Genderfluid,11.71.2.112
174,Onfroi,Phillip,ophillip4t@cocolog-nifty.com,Male,226.124.7.221
175,Eimile,Tribe,etribe4u@networkadvertising.org,Female,130.48.82.162
176,Parnell,Wittier,pwittier4v@typepad.com,Agender,122.88.75.255
177,Liliane,Clew,lclew4w@bbb.org,Female,213.172.101.135
178,Lenee,Bettenay,lbettenay4x@cocolog-nifty.com,Female,134.45.101.154
179,Kelly,Harpham,kharpham4y@multiply.com,Male,151.122.185.213
180,Moselle,Fennick,mfennick4z@ucoz.ru,Female,141.131.203.196
181,Wendi,Fontin,wfontin50@ovh.net,Female,195.142.238.94
182,Jobina,Skirven,jskirven51@infoseek.co.jp,Female,46.216.109.21
183,Liz,Stallard,lstallard52@ebay.com,Female,194.45.144.68
184,Leontine,Nouch,lnouch53@dmoz.org,Genderfluid,190.120.41.20
185,Any,Airy,aairy54@latimes.com,Male,105.159.89.36
186,Mariska,Houston,mhouston55@friendfeed.com,Female,208.142.33.106
187,Thacher,Brito,tbrito56@trellian.com,Male,153.10.188.8
188,Gilemette,Snaith,gsnaith57@123-reg.co.uk,Female,177.246.160.49
189,Nickolaus,Alderton,nalderton58@mit.edu,Male,182.255.126.184
190,Pollyanna,Antonelli,pantonelli59@craigslist.org,Female,163.13.182.146
191,Wilburt,Gudde,wgudde5a@reference.com,Agender,49.96.123.220
192,Christine,Duddle,cduddle5b@privacy.gov.au,Female,121.79.248.172
193,Bertina,Skeldon,bskeldon5c@amazon.co.uk,Female,134.51.183.142
194,Kyle,Belle,kbelle5d@cam.ac.uk,Female,65.72.29.227
195,Hillard,Radbourne,hradbourne5e@squidoo.com,Male,220.116.45.179
196,Gualterio,Manie,gmanie5f@360.cn,Male,51.146.119.63
197,Pail,Giblett,pgiblett5g@yellowbook.com,Male,163.234.236.15
198,Rickie,Czaple,rczaple5h@ask.com,Female,87.31.249.12
199,Murielle,Mundall,mmundall5i@wired.com,Female,94.108.7.85
200,Mannie,Adney,madney5j@google.pl,Male,27.196.73.207
201,Filide,Kob,fkob5k@dailymail.co.uk,Female,67.4.38.74
202,Ailis,Lampbrecht,alampbrecht5l@techcrunch.com,Female,156.254.202.39
203,Kingston,Gierardi,kgierardi5m@washingtonpost.com,Male,76.234.200.220
204,Cristy,Hebborne,chebborne5n@marriott.com,Female,57.149.211.154
205,Kerianne,Coope,kcoope5o@live.com,Female,174.108.53.41
206,Griffith,Sawers,gsawers5p@nymag.com,Male,102.146.158.11
207,Edward,Malinowski,emalinowski5q@1und1.de,Male,196.187.51.85
208,Ranique,Claypool,rclaypool5r@delicious.com,Female,197.121.128.39
209,Johnath,Leathers,jleathers5s@tumblr.com,Female,10.201.60.18
210,Blinny,Ribey,bribey5t@google.com.au,Female,6.89.134.21
211,Arleta,Isacoff,aisacoff5u@accuweather.com,Female,136.129.81.54
212,Pyotr,Jaskiewicz,pjaskiewicz5v@usatoday.com,Male,167.227.14.221
213,Normand,Capozzi,ncapozzi5w@unc.edu,Male,82.40.139.191
214,Wrennie,Viegas,wviegas5x@myspace.com,Female,129.119.54.81
215,Baudoin,Fawdrie,bfawdrie5y@ed.gov,Male,226.184.150.180
216,Aggy,Fenkel,afenkel5z@washington.edu,Female,31.139.41.58
217,Huntley,Adolphine,hadolphine60@netlog.com,Male,132.37.126.15
218,Noam,Burmaster,nburmaster61@latimes.com,Male,207.197.218.188
219,Orton,Reinert,oreinert62@prnewswire.com,Male,80.80.43.20
220,Ina,McQuirter,imcquirter63@barnesandnoble.com,Female,116.150.158.201
221,Casey,Marshall,cmarshall64@dailymotion.com,Male,30.146.83.20
222,Georgeta,Judkin,gjudkin65@springer.com,Female,149.129.49.24
223,Blane,Longmuir,blongmuir66@jigsy.com,Male,16.120.30.29
224,Shawn,Warrener,swarrener67@printfriendly.com,Male,82.52.145.215
225,Hardy,Schrader,hschrader68@slideshare.net,Male,36.126.157.197
226,Anthiathia,Gilliatt,agilliatt69@latimes.com,Female,99.103.208.198
227,Marilin,Prise,mprise6a@storify.com,Female,87.23.241.55
228,Trefor,Chesney,tchesney6b@gmpg.org,Male,22.235.24.198
229,Cindee,Deighan,cdeighan6c@google.com.au,Bigender,239.221.153.28
230,Chaddy,Fealy,cfealy6d@nydailynews.com,Male,173.22.39.193
231,Christoffer,Bruneau,cbruneau6e@cdbaby.com,Male,50.116.123.177
232,Halette,Kneal,hkneal6f@facebook.com,Female,121.24.70.111
233,Tracy,Warrell,twarrell6g@163.com,Female,79.134.139.211
234,Caren,Flather,cflather6h@last.fm,Bigender,31.53.98.131
235,Hammad,Wolseley,hwolseley6i@cisco.com,Male,199.160.132.127
236,Tarah,Mowles,tmowles6j@disqus.com,Genderqueer,214.175.159.46
237,Alvinia,Linklater,alinklater6k@csmonitor.com,Female,0.170.3.114
238,Noemi,Collister,ncollister6l@cbslocal.com,Female,18.16.192.185
239,Lianna,Oldfield,loldfield6m@constantcontact.com,Female,34.51.120.122
240,Fleurette,Murrhardt,fmurrhardt6n@scribd.com,Female,141.160.9.41
241,Pip,Lording,plording6o@godaddy.com,Male,31.179.254.48
242,Sibyl,Sandal,ssandal6p@microsoft.com,Female,77.68.95.20
243,Artair,Ffrench,affrench6q@europa.eu,Male,193.224.118.252
244,Laney,Abrahamovitz,labrahamovitz6r@smh.com.au,Female,60.17.204.37
245,Leonie,Flood,lflood6s@xrea.com,Female,174.31.167.194
246,Almire,Sheere,asheere6t@discovery.com,Female,191.174.180.227
247,Germaine,Dyter,gdyter6u@webmd.com,Male,170.252.101.168
248,Delaney,Adkins,dadkins6v@symantec.com,Male,120.11.24.207
249,Brnaby,Simonetti,bsimonetti6w@google.nl,Male,218.183.205.93
250,Jackqueline,Pattingson,jpattingson6x@shareasale.com,Female,195.235.63.195
251,Ingaberg,Thomas,ithomas6y@drupal.org,Female,124.16.194.8
252,Claudell,Bostock,cbostock6z@icq.com,Male,60.0.246.26
253,Tarah,Palatini,tpalatini70@dion.ne.jp,Female,160.71.184.129
254,Forest,de Lloyd,fdelloyd71@smh.com.au,Male,90.77.240.16
255,Rubetta,Cashmore,rcashmore72@ning.com,Female,122.223.207.157
256,Fulton,Dearlove,fdearlove73@jimdo.com,Male,26.57.123.47
257,Olimpia,Witten,owitten74@cocolog-nifty.com,Polygender,152.62.108.147
258,Maggee,Pledge,mpledge75@intel.com,Female,45.145.10.89
259,Spence,Lorkin,slorkin76@drupal.org,Male,170.164.27.168
260,Agretha,Feast,afeast77@va.gov,Genderfluid,203.126.90.200
261,Catlaina,Esposita,cesposita78@naver.com,Female,104.66.34.182
262,Tillie,Turvey,tturvey79@google.es,Female,177.209.1.146
263,Davida,Zavattieri,dzavattieri7a@state.tx.us,Female,215.139.17.168
264,Electra,Clayson,eclayson7b@abc.net.au,Female,72.175.161.219
265,Rayshell,Frichley,rfrichley7c@stumbleupon.com,Female,31.98.170.212
266,Goldie,Denisevich,gdenisevich7d@addtoany.com,Genderfluid,152.51.46.55
267,Marika,Scrigmour,mscrigmour7e@japanpost.jp,Female,112.137.91.25
268,Christy,Theunissen,ctheunissen7f@desdev.cn,Male,245.176.130.4
269,Katuscha,Trudgion,ktrudgion7g@fastcompany.com,Female,237.16.122.102
270,Rebekkah,Mathwen,rmathwen7h@themeforest.net,Female,94.6.157.149
271,Merwin,Dowman,mdowman7i@apache.org,Male,21.223.155.199
272,Jedediah,McElroy,jmcelroy7j@indiatimes.com,Male,118.221.64.26
273,Elsa,Pieche,epieche7k@sciencedaily.com,Female,42.188.200.147
274,Jessica,Tonry,jtonry7l@nyu.edu,Female,125.252.251.128
275,Roselin,Dewhirst,rdewhirst7m@is.gd,Female,5.86.176.202
276,Mil,Rontsch,mrontsch7n@smugmug.com,Female,108.95.136.226
277,Basilius,Petrelluzzi,bpetrelluzzi7o@weather.com,Male,18.215.197.208
278,Alexei,Peaseman,apeaseman7p@accuweather.com,Male,188.186.20.155
279,Herbert,Calderhead,hcalderhead7q@seesaa.net,Male,233.198.22.235
280,Pembroke,Owers,powers7r@biglobe.ne.jp,Male,123.28.230.88
281,Andrey,Shynn,ashynn7s@ihg.com,Male,221.44.246.228
282,Perl,Lenihan,plenihan7t@jimdo.com,Female,114.207.36.12
283,Kin,McElwee,kmcelwee7u@weibo.com,Male,107.133.183.79
284,Heall,Horsted,hhorsted7v@dropbox.com,Genderqueer,91.198.43.105
285,Rea,Faro,rfaro7w@nps.gov,Female,88.5.25.88
286,Ilsa,Driscoll,idriscoll7x@addthis.com,Female,62.40.76.15
287,Thane,Knevit,tknevit7y@de.vu,Male,17.60.40.165
288,Deerdre,Fairs,dfairs7z@businesswire.com,Female,192.146.48.104
289,Gawen,Kassman,gkassman80@nyu.edu,Male,168.65.182.255
290,Rubina,Hodges,rhodges81@prlog.org,Female,92.190.252.42
291,Prent,De Ruggero,pderuggero82@histats.com,Male,232.159.112.77
292,Melisenda,Garretts,mgarretts83@jiathis.com,Female,54.213.160.243
293,Bari,McEneny,bmceneny84@naver.com,Female,78.7.228.199
294,Rubi,Peegrem,rpeegrem85@tiny.cc,Female,77.17.49.204
295,Bevon,Ivanishchev,bivanishchev86@walmart.com,Male,175.8.29.37
296,Luella,Joynt,ljoynt87@columbia.edu,Female,121.75.253.133
297,Brit,Denyakin,bdenyakin88@gov.uk,Female,171.248.155.129
298,Garvy,Thomasson,gthomasson89@yellowbook.com,Male,89.184.196.254
299,Toma,Allchorne,tallchorne8a@geocities.com,Female,202.47.50.234
300,Jojo,Diack,jdiack8b@tmall.com,Female,26.230.134.253
301,Burr,Oiseau,boiseau8c@merriam-webster.com,Male,132.73.111.16
302,Carmelita,Deam,cdeam8d@google.com.au,Female,27.74.249.184
303,Raddie,Grammer,rgrammer8e@auda.org.au,Male,166.77.80.242
304,Christalle,Attridge,cattridge8f@loc.gov,Female,253.82.68.47
305,Arne,Charlick,acharlick8g@opensource.org,Male,51.145.111.7
306,Bax,Northcott,bnorthcott8h@techcrunch.com,Male,8.164.246.163
307,Darrelle,Popelay,dpopelay8i@tmall.com,Female,11.89.12.42
308,Elke,Bhatia,ebhatia8j@opera.com,Female,136.103.83.34
309,Edyth,Petric,epetric8k@liveinternet.ru,Female,11.239.203.83
310,Trula,Fayne,tfayne8l@yelp.com,Female,62.161.212.137
311,Alica,Arney,aarney8m@intel.com,Female,93.246.141.221
312,Rockie,Fulger,rfulger8n@reuters.com,Male,85.95.136.73
313,Stacie,Cisec,scisec8o@arstechnica.com,Female,131.187.212.61
314,Timoteo,Raggles,traggles8p@mtv.com,Male,84.164.99.63
315,Shannen,Dederick,sdederick8q@nbcnews.com,Female,193.30.101.51
316,Drew,Renfield,drenfield8r@flavors.me,Male,202.225.230.44
317,Cassandre,Drinkel,cdrinkel8s@skyrock.com,Female,242.192.174.157
318,Eduard,Rounce,erounce8t@gnu.org,Male,114.125.94.112
319,Rebeka,Winship,rwinship8u@tmall.com,Female,11.39.42.28
320,Dalenna,Whawell,dwhawell8v@yelp.com,Female,172.69.252.225
321,Pier,Thalmann,pthalmann8w@cafepress.com,Female,239.105.26.18
322,Herc,Challis,hchallis8x@wikimedia.org,Male,207.185.114.201
323,Christye,Downgate,cdowngate8y@businesswire.com,Female,34.97.98.66
324,Bernhard,Bamforth,bbamforth8z@tripadvisor.com,Polygender,176.43.238.64
325,Abdel,Applegarth,aapplegarth90@smugmug.com,Male,157.190.205.238
326,Nicolai,Pretley,npretley91@moonfruit.com,Male,18.240.150.251
327,Dagmar,Goodoune,dgoodoune92@typepad.com,Female,189.18.59.237
328,Heriberto,Syfax,hsyfax93@devhub.com,Male,127.206.18.96
329,Elfie,Kynett,ekynett94@salon.com,Female,255.72.155.112
330,Padriac,Gres,pgres95@surveymonkey.com,Male,199.108.208.66
331,Jeff,Gounet,jgounet96@scientificamerican.com,Male,71.164.200.196
332,Ade,Keating,akeating97@independent.co.uk,Male,71.220.30.217
333,Shadow,Goathrop,sgoathrop98@unesco.org,Male,5.60.54.238
334,Adrienne,Harker,aharker99@blinklist.com,Female,255.23.247.226
335,Caye,Ochiltree,cochiltree9a@usa.gov,Female,171.169.83.22
336,Cly,Bayston,cbayston9b@nytimes.com,Male,86.37.227.247
337,Vale,Taggett,vtaggett9c@desdev.cn,Male,136.61.156.69
338,Jedidiah,McPhelimey,jmcphelimey9d@t-online.de,Male,73.48.239.100
339,Joaquin,Schumacher,jschumacher9e@kickstarter.com,Male,65.128.87.180
340,Christan,Barenskie,cbarenskie9f@github.io,Female,3.129.191.77
341,Tamra,Ramme,tramme9g@newyorker.com,Female,55.238.210.167
342,Butch,Greaves,bgreaves9h@ehow.com,Male,30.206.4.11
343,Orbadiah,Furlow,ofurlow9i@unc.edu,Male,56.108.194.213
344,Lionel,Gindghill,lgindghill9j@who.int,Male,208.248.133.141
345,Mile,Fenney,mfenney9k@google.co.uk,Male,6.4.147.165
346,Anica,Dayly,adayly9l@amazon.de,Female,49.2.87.248
347,Sergio,Sommerville,ssommerville9m@instagram.com,Male,152.7.220.108
348,Melvyn,Dechelle,mdechelle9n@elegantthemes.com,Male,239.169.61.201
349,Elisa,Fidele,efidele9o@sourceforge.net,Female,34.198.226.177
350,Sylvester,Blankenship,sblankenship9p@topsy.com,Male,39.77.31.26
351,Zebadiah,Berney,zberney9q@feedburner.com,Male,28.36.97.146
352,Winfred,Plews,wplews9r@cmu.edu,Male,184.93.86.165
353,Clovis,Klyn,cklyn9s@discuz.net,Polygender,221.12.32.168
354,Daisie,Agastina,dagastina9t@adobe.com,Genderqueer,192.8.224.35
355,Robbyn,Hill,rhill9u@yale.edu,Female,103.253.75.243
356,Freddy,McCarrick,fmccarrick9v@studiopress.com,Bigender,141.250.171.108
357,Ursala,Galero,ugalero9w@princeton.edu,Female,97.4.165.35
358,Marigold,Girone,mgirone9x@craigslist.org,Female,88.206.247.202
359,Tann,Fishlock,tfishlock9y@cbslocal.com,Non-binary,70.215.156.9
360,Borg,Bromage,bbromage9z@51.la,Male,143.236.51.181
361,Hugibert,Castagneto,hcastagnetoa0@ftc.gov,Male,217.133.98.175
362,Nap,O' Ronan,noronana1@paginegialle.it,Male,241.227.26.13
363,Darn,Jakobssen,djakobssena2@parallels.com,Male,247.34.233.111
364,Selia,Mussen,smussena3@google.de,Female,174.188.196.215
365,Dannie,Walenta,dwalentaa4@usa.gov,Female,183.224.37.108
366,Lem,Binns,lbinnsa5@ibm.com,Male,23.33.165.37
367,Gayleen,Domico,gdomicoa6@sciencedirect.com,Agender,90.209.146.7
368,Quent,Treagus,qtreagusa7@ezinearticles.com,Male,203.91.5.105
369,Minerva,Skipton,mskiptona8@vistaprint.com,Female,122.117.52.133
370,Brigida,Tenniswood,btenniswooda9@google.ca,Female,244.221.25.13
371,Michel,Paske,mpaskeaa@goo.gl,Female,166.19.97.90
372,Cory,Ruddlesden,cruddlesdenab@usgs.gov,Male,74.24.203.146
373,Ellery,Dane,edaneac@blog.com,Male,184.4.168.245
374,Eva,Hickisson,ehickissonad@over-blog.com,Genderqueer,206.217.9.176
375,Amata,Furlong,afurlongae@omniture.com,Non-binary,51.171.120.142
376,Garvy,Prynne,gprynneaf@wikispaces.com,Male,243.97.35.135
377,Xymenes,Myner,xmynerag@tmall.com,Male,136.202.149.230
378,Christoforo,Chanter,cchanterah@freewebs.com,Male,255.114.249.187
379,Katee,Wynne,kwynneai@mtv.com,Female,182.167.207.133
380,Lisa,Caswall,lcaswallaj@mysql.com,Female,64.59.241.184
381,Craig,Saller,csallerak@psu.edu,Male,66.173.234.43
382,Dominique,Grogan,dgroganal@loc.gov,Female,58.74.77.174
383,Jesus,Boeter,jboeteram@jimdo.com,Male,253.187.147.245
384,Salem,Anfossi,sanfossian@google.co.jp,Male,88.101.189.187
385,Regen,Crosier,rcrosierao@symantec.com,Male,90.36.221.90
386,Ava,Pierucci,apierucciap@cmu.edu,Agender,170.57.18.139
387,Peder,Raggles,pragglesaq@usatoday.com,Male,62.62.122.66
388,Alf,Fratson,afratsonar@mit.edu,Male,61.140.123.175
389,Constanta,Leaning,cleaningas@ehow.com,Female,24.116.205.230
390,Aurea,Proudler,aproudlerat@usda.gov,Female,196.10.134.139
391,Nikki,Fellon,nfellonau@netvibes.com,Female,107.182.134.112
392,Emmalynne,Scholey,escholeyav@addthis.com,Female,152.125.87.251
393,Demetri,Lippard,dlippardaw@istockphoto.com,Male,198.3.144.19
394,Stu,Weiss,sweissax@cbc.ca,Male,175.153.185.148
395,Culley,Rollett,crollettay@uiuc.edu,Male,214.150.157.133
396,Hilary,Gill,hgillaz@hugedomains.com,Male,206.102.79.133
397,Brooks,Keeton,bkeetonb0@pagesperso-orange.fr,Male,41.82.176.215
398,Willette,Janssen,wjanssenb1@w3.org,Female,226.128.21.2
399,Cesar,Hulmes,chulmesb2@skyrock.com,Male,241.207.59.101
400,Lanie,Wintour,lwintourb3@friendfeed.com,Female,166.98.207.147
401,Keely,Bains,kbainsb4@harvard.edu,Female,92.45.21.166
402,Jule,Blissitt,jblissittb5@xing.com,Male,62.69.92.208
403,Angele,Sewart,asewartb6@army.mil,Female,125.203.58.82
404,Dane,Cranston,dcranstonb7@weibo.com,Male,20.52.25.37
405,Albert,Anthiftle,aanthiftleb8@google.es,Male,97.120.166.161
406,Casper,Fossett,cfossettb9@mlb.com,Male,212.168.57.57
407,Roderigo,Alloisi,ralloisiba@berkeley.edu,Male,90.186.38.25
408,Kay,Haspineall,khaspineallbb@netvibes.com,Female,129.10.222.253
409,Glynis,Beardon,gbeardonbc@latimes.com,Female,8.140.144.210
410,Tudor,Souley,tsouleybd@edublogs.org,Male,58.185.5.149
411,Imojean,Pallesen,ipallesenbe@printfriendly.com,Polygender,84.163.3.1
412,Dud,Ceresa,dceresabf@prlog.org,Male,203.79.18.249
413,Jonah,Allderidge,jallderidgebg@yellowpages.com,Male,231.138.1.24
414,Tracie,Preble,tpreblebh@tmall.com,Male,82.54.69.103
415,Alia,Morican,amoricanbi@wikia.com,Female,44.118.229.59
416,Lexy,Jezzard,ljezzardbj@blogs.com,Female,7.188.47.103
417,Benedetto,Kenton,bkentonbk@freewebs.com,Male,247.134.246.190
418,Sayer,Brierly,sbrierlybl@twitpic.com,Male,11.11.0.63
419,Bobbee,Floyed,bfloyedbm@reuters.com,Female,91.23.159.100
420,Trey,Kohtler,tkohtlerbn@desdev.cn,Male,23.180.236.46
421,Talia,Thackeray,tthackeraybo@symantec.com,Female,9.121.28.164
422,Darbee,Gligori,dgligoribp@google.de,Male,247.76.164.181
423,Harriott,Jolly,hjollybq@sogou.com,Female,201.186.60.247
424,Herby,Kauscher,hkauscherbr@dailymail.co.uk,Male,184.9.160.54
425,Megen,Jeal,mjealbs@blogspot.com,Non-binary,65.23.19.39
426,Ninnette,Stonhewer,nstonhewerbt@wordpress.com,Female,41.192.7.195
427,Ronna,Littley,rlittleybu@pbs.org,Female,189.47.3.166
428,Jeramey,Flinders,jflindersbv@columbia.edu,Genderfluid,250.107.5.44
429,Benoit,De Beauchemp,bdebeauchempbw@ucsd.edu,Male,5.214.10.134
430,Rock,Kembley,rkembleybx@dailymail.co.uk,Male,3.116.184.122
431,Lottie,Muffen,lmuffenby@foxnews.com,Female,95.231.53.199
432,Fitz,Fussey,ffusseybz@imgur.com,Male,203.75.176.67
433,Elbert,Saunton,esauntonc0@sakura.ne.jp,Male,131.63.182.86
434,Rab,De la Feld,rdelafeldc1@wikispaces.com,Male,119.239.177.123
435,Stuart,Garrettson,sgarrettsonc2@cyberchimps.com,Male,252.138.104.243
436,Cirstoforo,Cornock,ccornockc3@prnewswire.com,Non-binary,215.192.205.186
437,Marinna,Szymonowicz,mszymonowiczc4@intel.com,Female,117.141.120.67
438,Brandy,Thornbarrow,bthornbarrowc5@nih.gov,Male,94.135.133.2
439,Christalle,Bolderoe,cbolderoec6@privacy.gov.au,Female,104.181.54.87
440,Peri,Nani,pnanic7@yolasite.com,Female,167.126.105.59
441,Cortie,O'Heffernan,coheffernanc8@wired.com,Male,189.21.5.89
442,Lauretta,McKillop,lmckillopc9@issuu.com,Polygender,234.36.209.6
443,Bern,MacKibbon,bmackibbonca@newyorker.com,Male,34.215.147.33
444,Vilma,Joret,vjoretcb@ucoz.ru,Female,40.200.76.209
445,Clifford,Stanlick,cstanlickcc@amazon.de,Male,32.65.158.102
446,Terri,Bolitho,tbolithocd@delicious.com,Female,148.28.176.3
447,Lorine,Farrimond,lfarrimondce@last.fm,Female,122.9.22.225
448,Arther,Beaufoy,abeaufoycf@nps.gov,Male,43.47.243.1
449,Wilfrid,Showen,wshowencg@webs.com,Male,43.224.76.42
450,Valma,O'Shevlin,voshevlinch@globo.com,Female,50.102.47.64
451,Winifred,Reedman,wreedmanci@state.tx.us,Female,213.118.17.253
452,Yvon,Cotterel,ycotterelcj@globo.com,Male,156.245.87.115
453,Vanessa,Bastock,vbastockck@dmoz.org,Female,209.94.165.219
454,Antonietta,Hutchcraft,ahutchcraftcl@twitpic.com,Female,231.181.75.53
455,Janeta,Midson,jmidsoncm@mediafire.com,Female,26.130.213.56
456,Mathew,MacKellen,mmackellencn@washingtonpost.com,Male,132.241.105.51
457,Nerissa,Gomme,ngommeco@unblog.fr,Female,74.87.61.183
458,Vince,Ceeley,vceeleycp@multiply.com,Male,229.142.180.119
459,Janelle,Wankel,jwankelcq@chronoengine.com,Female,176.183.201.214
460,Merline,Sponer,msponercr@netlog.com,Female,78.148.118.30
461,Noach,Halpin,nhalpincs@gizmodo.com,Male,238.171.97.240
462,Emmalynne,Godart,egodartct@oracle.com,Female,249.107.147.109
463,Ketti,Tremblett,ktremblettcu@engadget.com,Female,247.111.255.36
464,Malanie,Weben,mwebencv@kickstarter.com,Female,126.216.55.177
465,Therine,Lemmens,tlemmenscw@lycos.com,Female,217.92.78.210
466,Allis,Kemer,akemercx@soup.io,Female,108.121.101.222
467,Emelia,Aldcorne,ealdcornecy@huffingtonpost.com,Female,229.223.101.229
468,Baillie,Broz,bbrozcz@reference.com,Male,92.72.172.58
469,Rickie,Argue,rargued0@skyrock.com,Female,20.154.233.252
470,Hilliard,Ritchman,hritchmand1@admin.ch,Male,179.77.74.58
471,Pauly,Flory,pfloryd2@last.fm,Female,161.18.191.26
472,Elfrieda,Walaron,ewalarond3@google.nl,Female,165.145.52.8
473,Susann,Bradbeer,sbradbeerd4@skyrock.com,Female,22.182.130.179
474,Gifford,Bransden,gbransdend5@latimes.com,Male,107.6.68.111
475,Jojo,Fanthome,jfanthomed6@com.com,Female,83.132.166.94
476,Nickolaus,Brownsea,nbrownsead7@ehow.com,Male,8.61.55.115
477,Gabi,Kingswood,gkingswoodd8@slate.com,Male,50.226.97.123
478,Ashton,Feake,afeaked9@dailymail.co.uk,Male,200.122.144.200
479,Kit,Klima,kklimada@reverbnation.com,Male,101.39.198.228
480,Parry,Dorant,pdorantdb@goodreads.com,Male,24.248.218.252
481,Dominica,Thoma,dthomadc@merriam-webster.com,Female,8.222.205.119
482,Osborn,Ewbanks,oewbanksdd@drupal.org,Male,58.48.100.238
483,Benny,Brandle,bbrandlede@arizona.edu,Male,108.25.58.28
484,Jamie,Thexton,jthextondf@wikispaces.com,Female,34.75.162.230
485,Katharina,Bonome,kbonomedg@purevolume.com,Female,186.122.241.112
486,Malinda,de Werk,mdewerkdh@nih.gov,Female,121.65.142.178
487,Auguste,Elsey,aelseydi@epa.gov,Female,157.56.70.126
488,Jacky,Furnell,jfurnelldj@opera.com,Male,99.98.143.240
489,Darrell,Abrahamovitz,dabrahamovitzdk@ask.com,Male,43.87.36.102
490,Eimile,Gilbane,egilbanedl@homestead.com,Female,102.4.98.160
491,Muhammad,Djakovic,mdjakovicdm@google.co.uk,Male,76.29.57.117
492,Rubie,Tuite,rtuitedn@npr.org,Genderqueer,32.79.145.250
493,Clevey,Deakes,cdeakesdo@e-recht24.de,Male,46.102.49.36
494,Lucais,Restill,lrestilldp@ihg.com,Male,215.245.204.77
495,Ives,Goundsy,igoundsydq@unicef.org,Male,56.190.237.28
496,Moore,Askham,maskhamdr@weebly.com,Male,247.49.176.159
497,Art,Kohrs,akohrsds@wix.com,Male,228.77.34.172
498,Ranice,Crosham,rcroshamdt@cocolog-nifty.com,Female,188.199.117.209
499,Henrie,Potebury,hpoteburydu@virginia.edu,Female,145.253.200.179
500,Pepito,Bowdler,pbowdlerdv@cdc.gov,Bigender,162.186.230.202
501,Sal,Burdus,sburdusdw@webnode.com,Male,26.185.100.62
502,Annabela,Chappelle,achappelledx@nyu.edu,Agender,128.4.215.0
503,Tom,Dybald,tdybalddy@mac.com,Male,43.214.10.21
504,Malvin,Bortolini,mbortolinidz@xinhuanet.com,Male,84.8.159.103
505,Linn,Swalteridge,lswalteridgee0@pen.io,Male,114.26.48.161
506,Vasilis,Stones,vstonese1@seesaa.net,Male,174.216.192.101
507,Selig,Rudge,srudgee2@nytimes.com,Male,50.203.206.144
508,Betteanne,Fellibrand,bfellibrande3@example.com,Female,141.85.66.95
509,Dexter,Buzza,dbuzzae4@archive.org,Male,22.58.148.52
510,Dasi,Folley,dfolleye5@washingtonpost.com,Female,36.49.228.163
511,Lodovico,Rodda,lroddae6@g.co,Male,49.131.152.185
512,Boris,Parmenter,bparmentere7@drupal.org,Male,11.7.71.159
513,Giles,Paulsson,gpaulssone8@china.com.cn,Male,96.229.234.233
514,Jackie,D'Almeida,jdalmeidae9@archive.org,Female,214.143.74.197
515,Vere,Frenchum,vfrenchumea@symantec.com,Female,85.254.73.229
516,Alexandro,Ogilvy,aogilvyeb@virginia.edu,Male,158.13.105.148
517,Emelita,Jiggens,ejiggensec@fda.gov,Female,248.8.181.79
518,Bendick,Isted,bisteded@yolasite.com,Male,13.224.71.79
519,Berkeley,Shitliff,bshitliffee@opensource.org,Male,2.35.76.141
520,Noell,Tessyman,ntessymanef@opera.com,Female,7.86.49.49
521,Corinna,Platts,cplattseg@si.edu,Female,95.96.202.77
522,Carlie,Davoren,cdavoreneh@wix.com,Female,5.106.32.59
523,Law,Oxborrow,loxborrowei@chron.com,Polygender,181.178.55.163
524,Tiffi,Astell,tastellej@washingtonpost.com,Genderqueer,99.219.233.159
525,Agna,Bozier,abozierek@google.co.uk,Female,192.217.168.36
526,Maribelle,Fussie,mfussieel@slate.com,Female,17.215.195.134
527,Tommi,Tisun,ttisunem@ebay.com,Female,191.125.210.9
528,Hewet,Sweeten,hsweetenen@xing.com,Male,29.98.14.204
529,Maribelle,Thurlow,mthurloweo@imgur.com,Female,89.252.236.19
530,Emera,Kilmartin,ekilmartinep@sakura.ne.jp,Female,71.2.151.92
531,Mirilla,Girardin,mgirardineq@state.gov,Agender,172.155.198.173
532,Errol,Sandell,esandeller@flickr.com,Male,97.172.203.175
533,Hesther,Willimott,hwillimottes@shop-pro.jp,Female,157.93.151.215
534,Dayna,Monckman,dmonckmanet@un.org,Female,215.18.231.234
535,Ashbey,Lillistone,alillistoneeu@drupal.org,Male,198.49.80.178
536,Edward,Dysert,edysertev@csmonitor.com,Male,129.108.54.203
537,Morris,McKinie,mmckinieew@vimeo.com,Male,154.192.33.70
538,Hillary,Carrier,hcarrierex@yelp.com,Female,124.166.252.211
539,Stephanus,Dellenbach,sdellenbachey@sourceforge.net,Male,74.200.248.198
540,Joyan,Getch,jgetchez@chron.com,Non-binary,20.38.131.104
541,Kirby,Shipley,kshipleyf0@phpbb.com,Male,186.42.249.142
542,Orrin,Danilenko,odanilenkof1@soup.io,Bigender,16.196.6.13
543,Sheffie,Kevis,skevisf2@slideshare.net,Male,44.115.68.158
544,Lucille,Guerola,lguerolaf3@about.me,Female,238.231.55.230
545,Jase,Obell,jobellf4@sfgate.com,Male,120.133.114.31
546,Gherardo,Parsall,gparsallf5@examiner.com,Male,73.226.39.150
547,Templeton,Ilieve,tilievef6@google.es,Male,150.147.206.237
548,Davin,Clowney,dclowneyf7@ucoz.com,Male,204.68.122.222
549,Emeline,Choules,echoulesf8@oracle.com,Female,140.245.93.190
550,Jeannie,Kingswoode,jkingswoodef9@hubpages.com,Female,66.28.117.101
551,Corabella,Macartney,cmacartneyfa@sciencedaily.com,Female,177.38.227.177
552,Les,Gimbart,lgimbartfb@so-net.ne.jp,Male,21.93.138.53
553,Iona,Coulthard,icoulthardfc@hhs.gov,Female,102.28.178.186
554,Emile,Piddlehinton,epiddlehintonfd@ning.com,Male,241.244.9.32
555,Francklyn,Coen,fcoenfe@paginegialle.it,Male,152.176.108.153
556,Theda,Sheilds,tsheildsff@istockphoto.com,Female,251.42.107.61
557,Roxy,Dowdell,rdowdellfg@sbwire.com,Female,129.113.152.229
558,Jocelyne,Gniewosz,jgniewoszfh@answers.com,Female,158.63.187.233
559,Harwilll,Barstow,hbarstowfi@baidu.com,Male,234.210.220.12
560,Theo,Avramov,tavramovfj@prnewswire.com,Male,105.156.230.220
561,Lyndsey,Haugeh,lhaugehfk@gizmodo.com,Female,95.177.84.43
562,Kurt,Shilstone,kshilstonefl@aboutads.info,Male,185.194.47.169
563,Noak,Hairon,nhaironfm@rakuten.co.jp,Male,0.197.12.227
564,Lawton,Morena,lmorenafn@w3.org,Male,233.40.125.95
565,Emmalee,Felderer,efeldererfo@gmpg.org,Female,118.93.248.66
566,Andrus,Hazeley,ahazeleyfp@godaddy.com,Non-binary,7.219.31.141
567,Kyle,Millican,kmillicanfq@reverbnation.com,Female,152.150.232.63
568,Odell,Balderstone,obalderstonefr@washingtonpost.com,Male,78.165.192.26
569,Shurwood,Hellyer,shellyerfs@feedburner.com,Male,63.161.68.212
570,Rory,Cunniff,rcunniffft@indiatimes.com,Female,226.151.95.55
571,Andrew,Stango,astangofu@cocolog-nifty.com,Genderqueer,161.215.96.17
572,Gerrie,Adcocks,gadcocksfv@mtv.com,Female,102.28.233.109
573,Bessy,Ritelli,britellifw@unblog.fr,Female,215.246.57.4
574,Kennith,Chesnay,kchesnayfx@hexun.com,Male,198.104.124.69
575,Karola,Bangle,kbanglefy@huffingtonpost.com,Female,164.249.245.86
576,Lora,Gadie,lgadiefz@ucoz.com,Female,52.99.92.151
577,Germain,Shinfield,gshinfieldg0@purevolume.com,Male,60.159.226.104
578,Manfred,Knightley,mknightleyg1@mayoclinic.com,Male,137.95.144.24
579,Dalt,Bambrugh,dbambrughg2@google.com.br,Male,170.49.8.53
580,Giordano,Tidgewell,gtidgewellg3@bbb.org,Male,86.234.134.16
581,Nikki,Droghan,ndroghang4@usa.gov,Female,76.170.59.179
582,Fern,Seneschal,fseneschalg5@ibm.com,Female,213.58.24.162
583,Merle,Wilkerson,mwilkersong6@marriott.com,Male,120.142.140.246
584,Baxter,Rumin,bruming7@ocn.ne.jp,Male,110.85.1.159
585,Bear,Nicklin,bnickling8@ibm.com,Male,231.95.51.99
586,Allegra,Adie,aadieg9@mysql.com,Female,113.70.203.61
587,Corabelle,Trundler,ctrundlerga@fda.gov,Female,251.79.12.167
588,Cheslie,Mallion,cmalliongb@illinois.edu,Female,125.0.255.84
589,Hephzibah,Jewks,hjewksgc@last.fm,Female,163.81.129.244
590,Basilius,Pinkerton,bpinkertongd@storify.com,Male,239.69.238.158
591,Curtis,Arpur,carpurge@woothemes.com,Male,76.95.9.21
592,Alane,Carus,acarusgf@si.edu,Female,110.77.201.60
593,Yulma,Bolduc,ybolducgg@ustream.tv,Male,152.132.248.95
594,Joell,Shower,jshowergh@bravesites.com,Female,242.251.148.58
595,Zoe,Stodart,zstodartgi@dailymail.co.uk,Female,157.199.14.199
596,Fidelia,Quodling,fquodlinggj@irs.gov,Female,9.197.111.211
597,Libby,Dohmann,ldohmanngk@flavors.me,Female,178.254.170.2
598,Marylou,Coolson,mcoolsongl@google.es,Female,173.11.179.57
599,Maegan,Langston,mlangstongm@adobe.com,Female,252.223.229.124
600,Frants,Wrightson,fwrightsongn@hao123.com,Male,170.66.199.49
601,Hollyanne,Woliter,hwolitergo@deviantart.com,Agender,181.70.235.24
602,Ari,Brian,abriangp@pinterest.com,Male,139.152.185.173
603,Adelheid,Whild,awhildgq@friendfeed.com,Female,23.167.196.155
604,Torin,Temby,ttembygr@dion.ne.jp,Agender,177.155.128.81
605,Quinlan,Ost,qostgs@amazon.com,Male,206.90.91.235
606,Salmon,Boolsen,sboolsengt@imgur.com,Male,36.187.14.247
607,Edie,Benedyktowicz,ebenedyktowiczgu@ibm.com,Female,110.210.118.15
608,Savina,McNevin,smcnevingv@indiatimes.com,Female,127.155.208.3
609,Kandace,Cobson,kcobsongw@photobucket.com,Female,75.153.132.245
610,Antonius,Elsegood,aelsegoodgx@ed.gov,Male,111.28.16.236
611,Emelita,Kimmitt,ekimmittgy@ox.ac.uk,Female,216.221.143.65
612,Averell,McLice,amclicegz@oakley.com,Male,79.220.232.101
613,Vincenty,Esberger,vesbergerh0@bizjournals.com,Male,229.35.133.43
614,Tracee,Terzza,tterzzah1@opera.com,Female,138.169.217.105
615,Haskell,Stamps,hstampsh2@dmoz.org,Male,93.172.223.227
616,Felisha,Alpin,falpinh3@spiegel.de,Female,30.76.189.145
617,Nicola,Town,ntownh4@prnewswire.com,Female,198.206.173.250
618,Sollie,Shepherdson,sshepherdsonh5@csmonitor.com,Male,93.144.71.146
619,Edee,Ciubutaro,eciubutaroh6@nps.gov,Female,238.215.231.148
620,Marney,Borgars,mborgarsh7@kickstarter.com,Female,150.176.166.38
621,Wiatt,Mixworthy,wmixworthyh8@skyrock.com,Polygender,12.183.175.60
622,Tobye,Ledrun,tledrunh9@is.gd,Female,122.77.58.168
623,Sheilah,Coulthard,scoulthardha@examiner.com,Female,10.179.30.199
624,Kenny,Mishow,kmishowhb@dmoz.org,Male,12.153.113.181
625,Davin,Mangham,dmanghamhc@psu.edu,Male,254.205.179.161
626,Georgie,Standish-Brooks,gstandishbrookshd@rakuten.co.jp,Male,2.38.55.52
627,Malinde,Collier,mcollierhe@nhs.uk,Female,92.206.208.247
628,Jennilee,Perel,jperelhf@blogs.com,Genderfluid,225.252.185.164
629,Hope,Kyd,hkydhg@ning.com,Female,169.71.145.18
630,Angelita,Shawell,ashawellhh@studiopress.com,Female,130.160.249.174
631,Sophey,Dedrick,sdedrickhi@twitpic.com,Female,19.58.153.200
632,Adora,Duran,aduranhj@shareasale.com,Female,252.18.198.108
633,Geoffrey,Venny,gvennyhk@google.com.br,Male,78.24.1.246
634,Elissa,Hugli,ehuglihl@instagram.com,Genderfluid,212.188.206.171
635,Arnuad,Schneidar,aschneidarhm@ebay.com,Male,31.101.47.24
636,Dorrie,Gossington,dgossingtonhn@pen.io,Female,178.243.60.111
637,Kile,Stourton,kstourtonho@ovh.net,Genderqueer,168.232.193.246
638,Ludovico,Goullee,lgoulleehp@nature.com,Male,110.141.66.218
639,Phylis,Jessop,pjessophq@printfriendly.com,Female,189.102.104.244
640,Juliane,Greedy,jgreedyhr@ucoz.com,Female,38.93.115.42
641,Rollo,Dodson,rdodsonhs@webeden.co.uk,Male,124.192.50.3
642,Myrwyn,Kennard,mkennardht@wisc.edu,Male,72.254.211.210
643,Chastity,Camili,ccamilihu@timesonline.co.uk,Female,206.146.174.148
644,Ariana,Cianni,aciannihv@slashdot.org,Female,138.153.198.251
645,Rex,Iacovielli,riacoviellihw@harvard.edu,Male,129.90.139.161
646,Ranna,Canfer,rcanferhx@sohu.com,Female,88.105.254.253
647,Will,Bennitt,wbennitthy@twitter.com,Male,148.181.63.120
648,Cross,Lindenstrauss,clindenstrausshz@rakuten.co.jp,Male,44.208.76.202
649,Tisha,Camosso,tcamossoi0@hugedomains.com,Female,0.18.53.84
650,Marybelle,Bartosch,mbartoschi1@g.co,Female,123.103.157.47
651,Vania,Findley,vfindleyi2@e-recht24.de,Female,247.156.222.101
652,Michale,Zanre,mzanrei3@chicagotribune.com,Male,70.229.243.67
653,Lenna,Staddon,lstaddoni4@github.io,Female,247.137.166.233
654,Garald,Maggiori,gmaggiorii5@drupal.org,Male,57.65.107.163
655,Morse,Matasov,mmatasovi6@gmpg.org,Male,185.99.182.190
656,Kalila,Vasilyevski,kvasilyevskii7@t-online.de,Female,37.215.38.37
657,Wilie,Woodsford,wwoodsfordi8@xinhuanet.com,Female,115.25.176.219
658,Giustina,McIlwraith,gmcilwraithi9@slate.com,Female,236.37.110.37
659,Hilliard,Ravenhills,hravenhillsia@nsw.gov.au,Male,188.225.210.230
660,Annmaria,Dominelli,adominelliib@woothemes.com,Female,64.182.241.65
661,Antonietta,Darington,adaringtonic@wordpress.org,Female,199.77.84.78
662,Prudy,Errowe,perroweid@marketwatch.com,Female,149.105.72.125
663,Free,Stonebanks,fstonebanksie@cargocollective.com,Male,109.200.32.34
664,Aleksandr,Sangar,asangarif@twitpic.com,Male,144.194.56.230
665,Fritz,Klampt,fklamptig@usatoday.com,Male,83.104.146.254
666,Ozzie,Disbury,odisburyih@hugedomains.com,Male,172.4.204.29
667,Dane,Bellerby,dbellerbyii@engadget.com,Male,224.62.32.70
668,Viva,Egger,veggerij@walmart.com,Female,77.174.193.229
669,Marcille,Hegg,mheggik@netlog.com,Female,128.143.8.169
670,Lonee,Aronson,laronsonil@nifty.com,Female,203.61.19.147
671,Essy,Yateman,eyatemanim@wikimedia.org,Female,1.42.157.163
672,Fifi,Americi,famericiin@examiner.com,Female,197.119.245.207
673,Butch,Summersby,bsummersbyio@gizmodo.com,Male,162.34.249.248
674,Izaak,Picheford,ipichefordip@gov.uk,Male,74.249.125.23
675,Pebrook,Bartolic,pbartoliciq@java.com,Male,147.151.182.23
676,Cory,Dearsley,cdearsleyir@smh.com.au,Female,205.120.163.7
677,Raynell,Congram,rcongramis@prnewswire.com,Female,202.250.7.118
678,Judon,Hassent,jhassentit@abc.net.au,Male,99.247.247.104
679,Hanny,Hilldrup,hhilldrupiu@mapquest.com,Female,225.196.0.162
680,Beverlee,Hadingham,bhadinghamiv@google.nl,Female,43.47.218.105
681,Jillana,Kevis,jkevisiw@blinklist.com,Female,228.220.124.252
682,Ferguson,Shephard,fshephardix@xrea.com,Male,129.167.139.86
683,Wilhelmine,Rowsel,wrowseliy@scribd.com,Female,107.168.67.243
684,Pearline,McKevany,pmckevanyiz@opensource.org,Non-binary,157.44.81.16
685,Tuck,Jirasek,tjirasekj0@dyndns.org,Male,20.235.117.58
686,Lottie,Lean,lleanj1@last.fm,Female,65.53.76.109
687,Andria,Perrie,aperriej2@twitpic.com,Female,201.48.206.179
688,Panchito,Vallentin,pvallentinj3@state.gov,Male,252.56.220.255
689,Fredia,Langstone,flangstonej4@dell.com,Female,11.108.66.2
690,Ruddie,Halling,rhallingj5@edublogs.org,Male,240.199.64.214
691,Lamar,Lillico,llillicoj6@columbia.edu,Male,249.235.27.62
692,Major,Cuddehay,mcuddehayj7@alexa.com,Male,239.173.37.241
693,Cammi,Jammet,cjammetj8@google.pl,Female,59.167.24.22
694,Sherwood,Rominov,srominovj9@abc.net.au,Male,42.69.93.1
695,Joana,Peepall,jpeepallja@theguardian.com,Agender,211.60.194.72
696,Lowrance,Breen,lbreenjb@addtoany.com,Male,94.104.224.228
697,Merle,Iddons,middonsjc@shinystat.com,Female,244.16.27.251
698,Stafford,Khrishtafovich,skhrishtafovichjd@bloomberg.com,Male,17.71.215.177
699,Jammal,Shailer,jshailerje@liveinternet.ru,Male,208.212.52.183
700,Erminia,Faux,efauxjf@google.de,Female,66.236.59.120
701,Greg,Swainsbury,gswainsburyjg@chicagotribune.com,Male,221.128.144.165
702,Humfrey,Calbaithe,hcalbaithejh@artisteer.com,Male,126.142.201.179
703,Adam,Carcas,acarcasji@usda.gov,Male,237.140.50.6
704,Flynn,Grebert,fgrebertjj@is.gd,Male,247.201.167.210
705,Gordan,Thrustle,gthrustlejk@friendfeed.com,Genderqueer,102.29.159.232
706,Elwood,Feaveer,efeaveerjl@naver.com,Male,80.80.60.39
707,Lay,Aisbett,laisbettjm@baidu.com,Male,72.65.215.150
708,Brew,Union,bunionjn@sakura.ne.jp,Male,129.240.197.73
709,Dianne,Johnys,djohnysjo@usgs.gov,Female,219.17.187.45
710,Jan,Lovewell,jlovewelljp@army.mil,Female,33.138.112.130
711,Prudi,Blackston,pblackstonjq@friendfeed.com,Genderqueer,170.90.199.249
712,Cecily,Barrar,cbarrarjr@census.gov,Female,63.163.206.21
713,Roderich,Gibbett,rgibbettjs@squarespace.com,Genderqueer,137.63.212.6
714,Leonore,Flooks,lflooksjt@chronoengine.com,Female,222.246.231.12
715,Theodoric,Boase,tboaseju@reuters.com,Male,27.230.115.186
716,Rachele,Arsmith,rarsmithjv@constantcontact.com,Female,180.178.148.37
717,Betteann,Littledike,blittledikejw@economist.com,Female,56.244.186.8
718,Nigel,Edgell,nedgelljx@dailymail.co.uk,Male,97.30.32.104
719,Hobey,Thurlby,hthurlbyjy@sakura.ne.jp,Male,179.228.139.222
720,Kerry,Leirmonth,kleirmonthjz@1und1.de,Female,210.215.113.146
721,Lu,Stiegars,lstiegarsk0@theguardian.com,Female,139.242.68.147
722,Filippa,Filipczak,ffilipczakk1@so-net.ne.jp,Female,161.197.40.1
723,Etienne,Dobrovsky,edobrovskyk2@arstechnica.com,Male,110.98.57.249
724,Ariel,Yosifov,ayosifovk3@shinystat.com,Female,186.246.159.115
725,Melisandra,Berzins,mberzinsk4@freewebs.com,Female,64.198.247.13
726,Waverly,Berthon,wberthonk5@webeden.co.uk,Male,133.185.242.166
727,Javier,Bysshe,jbysshek6@examiner.com,Genderfluid,101.63.173.111
728,Ursola,Longhorne,ulonghornek7@yellowpages.com,Female,65.121.148.178
729,Angel,Benito,abenitok8@go.com,Female,86.53.178.126
730,Erma,Bloxsome,ebloxsomek9@elegantthemes.com,Female,164.32.139.211
731,Ki,Basnall,kbasnallka@google.de,Female,66.216.231.160
732,Lammond,Hawkeswood,lhawkeswoodkb@dagondesign.com,Male,189.77.173.84
733,Perl,Gouge,pgougekc@shop-pro.jp,Female,7.15.242.157
734,Den,Proske,dproskekd@marketwatch.com,Male,41.232.94.5
735,Eba,Joncic,ejoncicke@over-blog.com,Female,200.196.1.184
736,Dorella,Reichartz,dreichartzkf@symantec.com,Female,187.208.133.40
737,Chris,Rosendall,crosendallkg@discuz.net,Female,85.232.49.109
738,Mufi,Perryn,mperrynkh@imdb.com,Female,246.243.150.168
739,Pansie,McSparran,pmcsparranki@facebook.com,Female,134.217.84.218
740,Willy,Cowdery,wcowderykj@yellowpages.com,Female,197.159.5.142
741,Kylie,Izachik,kizachikkk@opensource.org,Male,177.147.108.40
742,Seymour,Dreakin,sdreakinkl@skyrock.com,Male,59.207.25.153
743,Arnold,Allsep,aallsepkm@narod.ru,Bigender,217.159.136.140
744,Bunnie,Vitet,bvitetkn@tuttocitta.it,Female,233.8.211.38
745,Grannie,Audibert,gaudibertko@reverbnation.com,Male,78.41.185.116
746,Buffy,Inkpin,binkpinkp@flavors.me,Female,78.91.247.133
747,Donaugh,Wilsher,dwilsherkq@wikipedia.org,Male,156.101.61.221
748,Neila,Whitford,nwhitfordkr@wordpress.com,Female,113.29.216.228
749,Emanuele,Wellstood,ewellstoodks@statcounter.com,Male,198.43.222.151
750,Gabi,Michurin,gmichurinkt@istockphoto.com,Bigender,194.42.29.241
751,Rocky,Quiddinton,rquiddintonku@purevolume.com,Male,243.141.206.145
752,Cynthia,Boulder,cboulderkv@theguardian.com,Female,158.23.129.138
753,Ollie,Macey,omaceykw@mapquest.com,Male,179.105.70.47
754,Cleveland,Calender,ccalenderkx@ftc.gov,Male,221.104.238.27
755,Renata,Fealy,rfealyky@google.de,Female,66.243.93.252
756,Aland,Braybrookes,abraybrookeskz@google.co.jp,Male,228.245.45.234
757,Ginny,Scurr,gscurrl0@washington.edu,Polygender,171.40.247.12
758,Dannel,Bissiker,dbissikerl1@vkontakte.ru,Non-binary,17.85.209.208
759,Brion,Larrosa,blarrosal2@4shared.com,Male,72.79.48.72
760,Ranna,Sorel,rsorell3@dailymail.co.uk,Female,181.202.20.194
761,Terry,Delea,tdeleal4@ft.com,Male,197.60.99.210
762,Pris,Nurcombe,pnurcombel5@businessinsider.com,Female,38.175.118.243
763,Vikki,Hedgeman,vhedgemanl6@youtube.com,Female,16.142.248.121
764,Arly,Howel,ahowell7@macromedia.com,Female,255.136.184.112
765,Lindy,Runge,lrungel8@live.com,Male,78.134.7.2
766,Chariot,Gilbank,cgilbankl9@wix.com,Male,213.34.149.206
767,Stafford,Lulham,slulhamla@un.org,Male,127.232.83.193
768,Larry,Rising,lrisinglb@webnode.com,Male,247.153.161.87
769,Daphna,Floodgate,dfloodgatelc@sina.com.cn,Female,176.40.91.159
770,Creight,Balffye,cbalffyeld@jalbum.net,Male,179.89.47.246
771,Denys,Chessun,dchessunle@shinystat.com,Male,139.136.101.82
772,Anders,Reddy,areddylf@1und1.de,Male,10.31.77.224
773,Tab,Smurfitt,tsmurfittlg@marriott.com,Male,183.18.85.144
774,Jakie,Messent,jmessentlh@4shared.com,Male,70.8.147.24
775,Gael,Schimon,gschimonli@vimeo.com,Male,171.48.100.4
776,Jamal,Turfes,jturfeslj@amazon.co.uk,Male,34.73.245.212
777,Brewer,Heymann,bheymannlk@spotify.com,Male,26.58.233.31
778,Roderick,Chessman,rchessmanll@about.me,Male,189.143.197.43
779,Sam,O'Corren,socorrenlm@issuu.com,Male,71.118.146.10
780,Johan,Berthod,jberthodln@dot.gov,Male,60.25.206.123
781,Marcellina,Estable,mestablelo@webnode.com,Female,150.165.30.158
782,Izzy,Geaveny,igeavenylp@upenn.edu,Male,202.150.47.91
783,Gonzales,Kinnin,gkinninlq@desdev.cn,Male,156.232.219.247
784,Jermaine,Cohane,jcohanelr@earthlink.net,Bigender,133.75.206.205
785,Elsbeth,Trever,etreverls@rambler.ru,Female,217.210.11.162
786,Ashlen,Crossdale,acrossdalelt@ovh.net,Bigender,250.222.211.232
787,Brad,Schwanden,bschwandenlu@shinystat.com,Non-binary,94.215.133.196
788,Dorena,Ladlow,dladlowlv@slideshare.net,Female,116.162.254.221
789,Bucky,Cratere,bcraterelw@naver.com,Male,132.204.36.238
790,Myca,McLoney,mmcloneylx@ycombinator.com,Male,144.25.7.240
791,Eduardo,Balloch,eballochly@ox.ac.uk,Non-binary,83.234.168.43
792,Oberon,Jessett,ojessettlz@feedburner.com,Male,40.181.169.239
793,Billy,Atherley,batherleym0@cdbaby.com,Agender,166.15.197.119
794,Bessie,Lilburn,blilburnm1@creativecommons.org,Female,187.81.251.98
795,Lilias,Tuma,ltumam2@nifty.com,Female,69.94.48.112
796,Georas,Sigfrid,gsigfridm3@google.co.jp,Male,19.225.112.140
797,Madelon,Blaise,mblaisem4@indiatimes.com,Polygender,36.44.184.28
798,Arlyn,Strongitharm,astrongitharmm5@sciencedaily.com,Female,173.23.118.1
799,Ricca,Bothe,rbothem6@goo.ne.jp,Female,12.101.205.192
800,Saunderson,Joannet,sjoannetm7@usda.gov,Male,235.144.231.209
801,Berri,Croal,bcroalm8@virginia.edu,Female,61.236.42.251
802,Granny,Bramhall,gbramhallm9@wikia.com,Male,235.33.192.240
803,Arabelle,Guinnane,aguinnanema@techcrunch.com,Female,235.121.7.59
804,Faulkner,Hush,fhushmb@oakley.com,Male,103.218.128.115
805,Jaymee,Stockford,jstockfordmc@ted.com,Polygender,152.18.228.156
806,Adaline,James,ajamesmd@stanford.edu,Female,3.100.145.74
807,Lulita,Gudeman,lgudemanme@edublogs.org,Female,169.100.62.194
808,Hiram,Berkely,hberkelymf@angelfire.com,Male,97.155.46.35
809,Sloane,Riste,sristemg@sina.com.cn,Male,141.213.220.150
810,Velma,Monnelly,vmonnellymh@cdbaby.com,Female,115.78.176.18
811,Pancho,Grishunin,pgrishuninmi@google.com.au,Male,201.36.14.98
812,Hilde,Brose,hbrosemj@addthis.com,Female,198.22.26.112
813,Melany,Wetherburn,mwetherburnmk@usnews.com,Female,92.232.157.142
814,Christye,Stack,cstackml@bbc.co.uk,Female,223.234.130.0
815,Malissa,Kellaway,mkellawaymm@dot.gov,Female,121.129.113.253
816,Rana,Cameli,rcamelimn@thetimes.co.uk,Female,157.147.61.115
817,Gerhard,Ciciari,gciciarimo@amazon.co.uk,Male,59.36.201.183
818,Darnall,D'Antonio,ddantoniomp@google.de,Male,198.193.47.229
819,Meta,Jeanes,mjeanesmq@cbsnews.com,Female,65.166.233.208
820,Ramona,Akister,rakistermr@blogtalkradio.com,Female,62.174.68.6
821,Madonna,Ruddock,mruddockms@ucsd.edu,Polygender,147.247.252.201
822,Aili,Deeson,adeesonmt@china.com.cn,Female,187.211.169.104
823,Marissa,Gyorffy,mgyorffymu@adobe.com,Female,201.212.24.23
824,Job,Baylay,jbaylaymv@auda.org.au,Male,147.165.21.213
825,Charin,Cardwell,ccardwellmw@4shared.com,Female,80.203.16.190
826,Sheffy,Yedall,syedallmx@disqus.com,Male,213.177.71.43
827,Saunders,Cambridge,scambridgemy@weibo.com,Male,111.13.75.163
828,Ferrell,Rowcliffe,frowcliffemz@engadget.com,Male,197.116.47.88
829,Goober,Haller,ghallern0@dyndns.org,Male,170.185.137.200
830,Baxter,Jobbing,bjobbingn1@eepurl.com,Male,184.106.169.0
831,Algernon,Argontt,aargonttn2@flickr.com,Genderqueer,71.15.249.18
832,Corrine,Heinecke,cheinecken3@answers.com,Genderqueer,58.96.224.156
833,Pryce,Prawle,pprawlen4@opensource.org,Male,104.6.60.119
834,Dun,Warhurst,dwarhurstn5@si.edu,Male,201.44.157.98
835,Zachery,Gerren,zgerrenn6@fastcompany.com,Male,77.48.201.172
836,Dur,Clackers,dclackersn7@privacy.gov.au,Male,23.127.39.127
837,Ezechiel,Savege,esavegen8@sun.com,Male,60.11.142.205
838,Melessa,Thunderchief,mthunderchiefn9@howstuffworks.com,Female,74.157.102.152
839,Iseabal,Duinkerk,iduinkerkna@hostgator.com,Female,189.221.243.123
840,Annadiana,Yeo,ayeonb@dailymail.co.uk,Female,11.14.37.245
841,Trudie,Woodroof,twoodroofnc@multiply.com,Female,1.206.229.234
842,Germaine,Imason,gimasonnd@pcworld.com,Male,142.49.111.215
843,Joanna,Fairfoot,jfairfootne@vistaprint.com,Female,56.8.214.229
844,Barbabas,Klosa,bklosanf@cafepress.com,Male,223.20.25.225
845,Harmonie,Burchnall,hburchnallng@altervista.org,Female,149.99.229.236
846,Sela,Smye,ssmyenh@boston.com,Female,49.173.64.239
847,Felipe,Rubie,frubieni@scientificamerican.com,Male,10.74.199.151
848,Lidia,Dearnley,ldearnleynj@1688.com,Female,146.25.156.238
849,Nathalia,Todeo,ntodeonk@walmart.com,Female,102.134.203.248
850,Kevina,Larkworthy,klarkworthynl@live.com,Female,139.132.194.73
851,Alexandre,Bachshell,abachshellnm@google.co.jp,Genderfluid,151.81.148.208
852,Franklyn,Vynoll,fvynollnn@webs.com,Male,29.177.106.241
853,Claire,Glendining,cglendiningno@cisco.com,Male,112.208.187.158
854,Kitti,Hilland,khillandnp@twitter.com,Female,72.239.39.195
855,Terrence,McCaskill,tmccaskillnq@51.la,Non-binary,82.96.55.21
856,Britte,Heselwood,bheselwoodnr@diigo.com,Female,94.172.178.47
857,Rosemonde,Dimitrie,rdimitriens@loc.gov,Female,196.79.135.224
858,Wendy,McGiven,wmcgivennt@printfriendly.com,Genderqueer,205.205.61.151
859,Winny,De Goey,wdegoeynu@reverbnation.com,Female,190.31.212.210
860,Corilla,Carthew,ccarthewnv@dmoz.org,Female,171.26.201.162
861,Artemas,Idell,aidellnw@uiuc.edu,Genderfluid,202.198.248.210
862,Nikki,Ondrich,nondrichnx@oracle.com,Female,26.221.182.86
863,Clayborn,Fyrth,cfyrthny@cpanel.net,Male,196.140.220.177
864,Alexis,Jeffels,ajeffelsnz@chronoengine.com,Male,37.166.54.223
865,Veronika,Morey,vmoreyo0@upenn.edu,Female,162.130.135.208
866,Jackson,Morteo,jmorteoo1@github.com,Male,220.149.235.248
867,Chrissy,Motto,cmottoo2@yahoo.com,Non-binary,233.238.43.46
868,Christiana,Boyse,cboyseo3@boston.com,Female,105.174.106.144
869,Radcliffe,Brunotti,rbrunottio4@imgur.com,Male,187.210.207.122
870,Karel,Riding,kridingo5@hhs.gov,Female,239.142.146.63
871,Kassie,Lasham,klashamo6@apache.org,Female,78.157.36.154
872,Carrissa,Dyet,cdyeto7@odnoklassniki.ru,Female,13.117.27.195
873,Rahel,Feechan,rfeechano8@over-blog.com,Female,107.188.167.220
874,Pincas,Alenikov,palenikovo9@cnbc.com,Male,195.45.47.90
875,Bernardine,Frankum,bfrankumoa@jigsy.com,Female,17.120.158.107
876,Ches,Jaggard,cjaggardob@wired.com,Male,81.144.45.1
877,Melody,Croker,mcrokeroc@instagram.com,Female,144.42.200.223
878,Bessy,Supple,bsuppleod@cpanel.net,Female,139.97.147.29
879,Collin,Bowness,cbownessoe@abc.net.au,Male,181.19.10.74
880,Georgiana,Spillard,gspillardof@sun.com,Female,226.21.105.218
881,Kristofor,Kremer,kkremerog@dropbox.com,Male,132.34.65.228
882,Lucien,Kliement,lkliementoh@wunderground.com,Agender,134.48.160.52
883,Holly,Avraham,havrahamoi@constantcontact.com,Male,12.160.18.77
884,Karita,Yesinin,kyesininoj@nationalgeographic.com,Female,84.210.1.191
885,Krysta,Klaaassen,kklaaassenok@homestead.com,Female,199.38.45.214
886,Vikky,Hamprecht,vhamprechtol@google.com,Female,121.132.163.167
887,Guthrie,Flory,gfloryom@sphinn.com,Male,28.68.201.254
888,Dane,Haldin,dhaldinon@xrea.com,Male,169.112.13.108
889,Marcos,Herity,mherityoo@imdb.com,Male,145.166.111.37
890,Wake,Coon,wcoonop@berkeley.edu,Male,125.151.75.80
891,Harlin,Mushart,hmushartoq@boston.com,Male,1.44.155.210
892,Jeromy,Cullimore,jcullimoreor@nymag.com,Male,58.64.67.143
893,Willy,Werndley,wwerndleyos@dell.com,Bigender,153.230.249.239
894,Cammy,Jelf,cjelfot@deliciousdays.com,Female,197.223.24.164
895,Doralia,Mason,dmasonou@ucla.edu,Female,139.65.112.224
896,Lanny,Lemmertz,llemmertzov@springer.com,Female,89.0.42.114
897,Derick,Giddy,dgiddyow@google.cn,Male,30.7.182.77
898,Mollie,Primo,mprimoox@rakuten.co.jp,Female,137.222.125.55
899,Johnny,Di Franceshci,jdifranceshcioy@eepurl.com,Male,102.65.120.217
900,Lem,Olyonov,lolyonovoz@cloudflare.com,Male,165.45.153.55
901,Laurie,Hearons,lhearonsp0@desdev.cn,Female,39.208.25.219
902,Chiarra,Sayles,csaylesp1@ted.com,Female,38.13.114.26
903,Meagan,Dumbrill,mdumbrillp2@cocolog-nifty.com,Female,61.229.228.125
904,Idalina,Caldow,icaldowp3@storify.com,Female,155.222.37.59
905,Martie,Lamden,mlamdenp4@blogger.com,Bigender,76.27.246.207
906,Lyon,Oldred,loldredp5@reddit.com,Male,250.191.108.132
907,Amerigo,Garthland,agarthlandp6@storify.com,Male,79.137.86.209
908,Clarette,Emmerson,cemmersonp7@mtv.com,Female,150.15.167.182
909,Dodi,Lohden,dlohdenp8@simplemachines.org,Bigender,85.89.188.133
910,Sonni,Benford,sbenfordp9@myspace.com,Female,90.174.189.247
911,Julina,Luipold,jluipoldpa@alibaba.com,Female,133.42.77.116
912,Elissa,Lyne,elynepb@princeton.edu,Polygender,241.102.31.96
913,Ev,Apted,eaptedpc@feedburner.com,Male,242.19.97.219
914,Harrietta,Mecco,hmeccopd@cdbaby.com,Female,166.150.250.253
915,Tonie,Minifie,tminifiepe@wikimedia.org,Female,230.130.43.65
916,Madella,Aiskrigg,maiskriggpf@geocities.com,Female,72.197.56.93
917,Terrel,Beathem,tbeathempg@ycombinator.com,Male,45.42.22.165
918,Torrance,Passby,tpassbyph@squidoo.com,Male,80.132.124.86
919,Sylas,Jopling,sjoplingpi@vimeo.com,Male,227.214.253.60
920,Even,Code,ecodepj@gov.uk,Male,234.88.227.229
921,Lucita,Mardle,lmardlepk@google.com.hk,Female,139.192.37.186
922,Felicio,Zavattero,fzavatteropl@mtv.com,Male,19.194.200.135
923,Kippar,Boord,kboordpm@zdnet.com,Male,161.151.86.53
924,Simone,Goldsberry,sgoldsberrypn@dell.com,Male,104.61.69.144
925,Darelle,Cremins,dcreminspo@networksolutions.com,Female,51.189.123.73
926,Deeann,Qusklay,dqusklaypp@bing.com,Female,105.216.120.154
927,Anatole,Lilly,alillypq@csmonitor.com,Male,10.18.102.159
928,Isahella,Perone,iperonepr@utexas.edu,Female,212.73.52.192
929,Jenny,Bowen,jbowenps@flickr.com,Female,84.183.196.155
930,Eliza,Vanini,evaninipt@nyu.edu,Female,169.140.108.96
931,Trumaine,Godbehere,tgodbeherepu@constantcontact.com,Non-binary,214.80.166.79
932,Lilllie,Dymott,ldymottpv@sogou.com,Female,215.48.27.130
933,Terri-jo,Beltzner,tbeltznerpw@theglobeandmail.com,Female,232.5.44.97
934,Raddy,Zecchii,rzecchiipx@aboutads.info,Male,246.255.6.34
935,Koren,Kightly,kkightlypy@hhs.gov,Female,222.179.205.27
936,Paulie,Vondracek,pvondracekpz@ustream.tv,Bigender,2.157.109.32
937,Dyan,Meadus,dmeadusq0@kickstarter.com,Female,205.253.40.206
938,Gerardo,Valsler,gvalslerq1@yahoo.co.jp,Male,36.84.16.31
939,Alvis,Palatino,apalatinoq2@hibu.com,Male,153.57.101.220
940,Lexis,Elsie,lelsieq3@paypal.com,Female,114.130.23.227
941,Myranda,Sidsaff,msidsaffq4@spotify.com,Female,169.220.179.217
942,Hubey,Trowill,htrowillq5@paginegialle.it,Male,186.252.181.9
943,Lee,Graal,lgraalq6@newyorker.com,Male,232.239.139.126
944,Larisa,Joule,ljouleq7@squidoo.com,Female,117.153.43.98
945,Sharona,Vitler,svitlerq8@harvard.edu,Female,3.140.250.229
946,Gerti,Cleere,gcleereq9@jigsy.com,Female,142.114.219.204
947,Norby,Checcucci,ncheccucciqa@last.fm,Male,16.28.81.204
948,Valene,Openshaw,vopenshawqb@ovh.net,Female,148.234.59.30
949,Judah,Hallybone,jhallyboneqc@independent.co.uk,Non-binary,79.206.138.15
950,Gray,Macbeth,gmacbethqd@engadget.com,Female,165.232.202.36
951,Sylvia,Worcester,sworcesterqe@home.pl,Genderqueer,210.78.47.123
952,Maure,Cronk,mcronkqf@devhub.com,Female,213.62.75.97
953,Claudius,Chinnock,cchinnockqg@xinhuanet.com,Male,53.49.133.134
954,Forester,Sleight,fsleightqh@hud.gov,Male,199.36.84.223
955,Winna,Copnell,wcopnellqi@friendfeed.com,Non-binary,210.115.68.157
956,Hortense,Bottby,hbottbyqj@instagram.com,Female,106.155.124.31
957,Dolli,Eckart,deckartqk@buzzfeed.com,Female,69.156.173.3
958,Reilly,Pollard,rpollardql@google.com,Male,69.227.226.170
959,Hasheem,Rizon,hrizonqm@epa.gov,Male,170.214.36.0
960,Greta,Tomasini,gtomasiniqn@fema.gov,Female,77.126.129.208
961,Melodie,Alp,malpqo@networksolutions.com,Female,88.21.177.106
962,Gardner,Enderle,genderleqp@chron.com,Male,128.11.77.218
963,Cece,Duny,cdunyqq@opera.com,Male,41.20.163.159
964,Sydelle,Phear,sphearqr@issuu.com,Female,108.198.175.219
965,Raquela,Corradetti,rcorradettiqs@google.cn,Non-binary,92.43.77.11
966,Gallagher,Robjohns,grobjohnsqt@ftc.gov,Male,67.231.112.83
967,Teriann,Tooze,ttoozequ@ted.com,Female,202.101.108.149
968,Sibley,Hartzog,shartzogqv@jigsy.com,Female,239.217.13.109
969,Callie,Moy,cmoyqw@vimeo.com,Female,29.68.140.4
970,Dolorita,Need,dneedqx@bravesites.com,Female,61.155.232.117
971,Cristy,Walas,cwalasqy@nasa.gov,Female,204.21.54.202
972,Ike,Loughan,iloughanqz@upenn.edu,Male,191.53.28.35
973,Kim,Bambrough,kbambroughr0@ustream.tv,Female,23.4.41.115
974,Kara,Newis,knewisr1@parallels.com,Genderfluid,54.48.247.76
975,Bobinette,Barwise,bbarwiser2@ucoz.ru,Female,44.71.127.0
976,Eveline,Skuse,eskuser3@marketwatch.com,Female,156.95.86.82
977,Tannie,Danby,tdanbyr4@amazon.co.jp,Bigender,191.201.127.28
978,Randa,Giacomelli,rgiacomellir5@rediff.com,Female,126.62.182.194
979,Maxwell,Topham,mtophamr6@flickr.com,Male,142.16.84.187
980,Fee,Milmoe,fmilmoer7@pbs.org,Male,64.86.135.12
981,Freedman,Attwoul,fattwoulr8@howstuffworks.com,Male,62.63.6.79
982,Ariana,Domino,adominor9@w3.org,Female,222.101.1.207
983,Cati,Haskur,chaskurra@netvibes.com,Female,130.244.62.27
984,Kris,Llewelyn,kllewelynrb@epa.gov,Female,113.29.252.74
985,Ches,Maillard,cmaillardrc@rediff.com,Male,180.250.171.55
986,Roslyn,Grigorian,rgrigorianrd@liveinternet.ru,Female,34.9.93.171
987,Standford,Lis,slisre@photobucket.com,Male,47.189.173.121
988,Ilaire,Chopping,ichoppingrf@geocities.com,Male,227.175.53.124
989,Cristi,Gritsaev,cgritsaevrg@statcounter.com,Female,20.28.69.118
990,Cecilius,Gannaway,cgannawayrh@aboutads.info,Male,67.202.157.52
991,Felicdad,Gravell,fgravellri@phpbb.com,Female,64.57.150.44
992,Elmer,Killingbeck,ekillingbeckrj@elpais.com,Male,139.182.39.108
993,Ranique,Barkworth,rbarkworthrk@diigo.com,Female,121.191.138.13
994,Harmonia,Elia,heliarl@bing.com,Female,114.111.200.156
995,Ynes,Potell,ypotellrm@topsy.com,Female,137.183.41.235
996,Titus,Batson,tbatsonrn@imageshack.us,Male,192.61.62.137
997,Fitzgerald,Beames,fbeamesro@phpbb.com,Male,137.4.163.60
998,Major,Willgress,mwillgressrp@ustream.tv,Male,224.24.173.107
999,Neil,Ivanovic,nivanovicrq@blogtalkradio.com,Male,189.213.93.255
1000,Emmy,Joddins,ejoddinsrr@prlog.org,Female,63.222.59.218
