id,first_name,last_name,email,gender,ip_address
1,Derry,Redmell,dredmell0@seattletimes.com,Male,148.76.29.75
2,Garwood,Craigheid,gcraigheid1@npr.org,Male,115.27.204.55
3,Meryl,Hecks,mhecks2@homestead.com,Male,234.87.106.224
4,Fawn,Blackway,fblackway3@booking.com,Female,10.155.146.244
5,Christoffer,Brant,cbrant4@yahoo.com,Male,225.150.95.234
6,Obidiah,Blanning,oblanning5@shutterfly.com,Male,98.205.208.225
7,Corabel,Vakhonin,cvakhonin6@sphinn.com,Female,39.61.175.119
8,Chelsea,Pouton,cpouton7@over-blog.com,Female,64.30.57.99
9,Quinn,Greim,qgreim8@studiopress.com,Male,31.37.247.242
10,Abram,Suddell,asuddell9@themeforest.net,Male,27.194.76.156
11,Devon,Molder,dmoldera@oaic.gov.au,Female,17.87.200.248
12,Maynard,O'Curneen,mocurneenb@reference.com,Male,123.11.26.170
13,Madella,Mickan,mmickanc@jigsy.com,Female,37.175.254.35
14,Burnaby,Papps,bpappsd@bloomberg.com,Male,199.29.164.151
15,Gifford,Jamary,gjamarye@fda.gov,Male,240.140.211.156
16,Andromache,McMillan,amcmillanf@imdb.com,Female,151.249.10.49
17,Jazmin,Ambroisin,jambroising@geocities.jp,Female,168.225.229.226
18,Twyla,Burriss,tburrissh@ihg.com,Female,66.96.209.45
19,Ruy,Tavinor,rtavinori@naver.com,Male,35.106.90.123
20,Levin,MacDonald,lmacdonaldj@gmpg.org,Male,129.185.128.36
21,Paulie,Rixon,prixonk@adobe.com,Male,158.19.239.140
22,Conny,Ullyatt,cullyattl@toplist.cz,Male,177.179.151.13
23,Sylas,Bointon,sbointonm@nba.com,Male,24.147.166.230
24,Marius,Donet,mdonetn@nature.com,Male,55.253.187.165
25,Ema,Zohrer,ezohrero@wikispaces.com,Female,248.232.130.246
26,Billie,Lampet,blampetp@statcounter.com,Male,78.60.17.131
27,Augustine,Beeke,abeekeq@cmu.edu,Male,243.122.77.192
28,Emery,Runcie,eruncier@engadget.com,Non-binary,183.0.133.59
29,Hazel,Bordiss,hbordisss@goo.gl,Female,25.137.81.248
30,Lira,Odeson,lodesont@psu.edu,Female,69.90.185.131
31,Lefty,Hurren,lhurrenu@epa.gov,Male,70.189.9.53
32,Marcellus,Stowte,mstowtev@feedburner.com,Male,29.105.62.54
33,Marlie,Layman,mlaymanw@shinystat.com,Female,163.175.163.222
34,Fransisco,Kesby,fkesbyx@webmd.com,Male,71.121.89.41
35,Valentijn,Frean,vfreany@infoseek.co.jp,Male,169.227.176.82
36,Blinnie,Pollok,bpollokz@sakura.ne.jp,Female,9.50.20.33
37,Jeffrey,Leedal,jleedal10@guardian.co.uk,Male,120.102.225.46
38,Alfred,McIlenna,amcilenna11@tmall.com,Male,27.103.198.103
39,Lombard,Giorgione,lgiorgione12@163.com,Genderfluid,177.170.41.68
40,Abby,Camus,acamus13@geocities.jp,Female,12.198.229.247
41,Vikki,Chsteney,vchsteney14@sbwire.com,Female,32.171.214.158
42,Eleanore,O'Tuohy,eotuohy15@craigslist.org,Female,188.173.185.138
43,Crystal,Stening,cstening16@nymag.com,Female,114.97.173.184
44,Jeniece,Fulton,jfulton17@twitpic.com,Female,39.217.210.61
45,Kata,Digges,kdigges18@hp.com,Female,222.138.87.112
46,Frederica,Thumnel,fthumnel19@jugem.jp,Female,214.217.4.154
47,Nessy,Reader,nreader1a@sohu.com,Female,67.245.220.58
48,Merle,Wanklyn,mwanklyn1b@scribd.com,Female,150.95.84.186
49,Barron,Yurenev,byurenev1c@yahoo.co.jp,Male,233.157.208.197
50,Valentine,Pods,vpods1d@newsvine.com,Male,10.60.255.75
51,Karie,Dilley,kdilley1e@dot.gov,Female,20.207.45.177
52,Birgit,Eilers,beilers1f@geocities.com,Female,29.60.206.11
53,Noah,Pawley,npawley1g@whitehouse.gov,Male,187.167.86.157
54,Emerson,Raveau,eraveau1h@examiner.com,Male,140.171.210.5
55,Wright,Drinkale,wdrinkale1i@creativecommons.org,Male,32.178.83.179
56,Wheeler,Watman,wwatman1j@netvibes.com,Male,69.96.110.135
57,Emile,Moodie,emoodie1k@dailymotion.com,Male,23.219.254.7
58,Lionel,Antrum,lantrum1l@simplemachines.org,Male,6.188.233.220
59,Lurline,Gonzales,lgonzales1m@dell.com,Agender,153.128.121.203
60,Nero,Edsall,nedsall1n@topsy.com,Male,242.208.15.245
61,Beale,Tolomio,btolomio1o@gizmodo.com,Polygender,219.219.204.189
62,Jilleen,Kapiloff,jkapiloff1p@i2i.jp,Female,143.122.20.8
63,Devondra,Hew,dhew1q@adobe.com,Female,3.167.182.233
64,Skipper,Jellyman,sjellyman1r@google.com.hk,Male,91.102.216.45
65,Lance,Garnsworth,lgarnsworth1s@nationalgeographic.com,Male,116.90.5.229
66,Barnard,Shearwood,bshearwood1t@census.gov,Male,222.12.245.133
67,Elladine,Martinson,emartinson1u@microsoft.com,Bigender,137.226.232.162
68,Jamey,Grafton,jgrafton1v@walmart.com,Male,7.193.58.178
69,Clarette,Esson,cesson1w@dailymail.co.uk,Female,187.184.175.68
70,Shelagh,Hinge,shinge1x@squidoo.com,Female,127.66.150.76
71,Pattie,Brawson,pbrawson1y@bigcartel.com,Female,3.238.24.92
72,Berkeley,Ropking,bropking1z@dot.gov,Male,110.132.122.13
73,Aurthur,Dautry,adautry20@narod.ru,Male,31.156.155.67
74,Winston,Guthrum,wguthrum21@theglobeandmail.com,Male,251.72.48.81
75,Ruby,Pulsford,rpulsford22@dell.com,Female,240.164.246.128
76,Elie,Romanelli,eromanelli23@nydailynews.com,Female,105.82.100.28
77,Karl,Narrie,knarrie24@jimdo.com,Male,112.58.72.238
78,Constancy,Hawkings,chawkings25@indiatimes.com,Female,45.183.52.161
79,Renae,Gownge,rgownge26@desdev.cn,Female,248.67.185.124
80,Washington,Cainey,wcainey27@woothemes.com,Male,140.238.133.174
81,Jeramey,Ettridge,jettridge28@china.com.cn,Male,154.113.219.152
82,Weidar,Fass,wfass29@gmpg.org,Male,100.182.31.140
83,Vanessa,Mounsie,vmounsie2a@accuweather.com,Female,59.114.154.25
84,Brana,Seaward,bseaward2b@free.fr,Female,230.112.118.7
85,Zacharie,Gummoe,zgummoe2c@tmall.com,Male,138.47.167.152
86,Mallory,Zorer,mzorer2d@cbc.ca,Female,211.192.22.145
87,Moses,Ingilson,mingilson2e@vimeo.com,Male,196.208.41.235
88,Willey,Clausen,wclausen2f@mail.ru,Male,53.137.63.169
89,Parry,Webb-Bowen,pwebbbowen2g@arstechnica.com,Male,204.179.156.221
90,Alessandro,Foulis,afoulis2h@friendfeed.com,Male,61.27.90.237
91,Jock,Muldownie,jmuldownie2i@blogs.com,Male,115.119.215.59
92,Codie,Challens,cchallens2j@constantcontact.com,Male,119.173.162.36
93,Gaynor,Dooman,gdooman2k@wordpress.org,Female,79.0.65.86
94,Lynea,Raynor,lraynor2l@craigslist.org,Genderqueer,11.240.123.128
95,Jared,Flea,jflea2m@ebay.co.uk,Male,95.0.12.8
96,Delores,Feldbrin,dfeldbrin2n@ibm.com,Female,98.69.247.230
97,Hermon,Chastand,hchastand2o@plala.or.jp,Male,47.80.48.119
98,Rolf,Clutterbuck,rclutterbuck2p@webeden.co.uk,Male,164.185.55.22
99,Ellette,Eldrid,eeldrid2q@ox.ac.uk,Female,6.224.119.116
100,Teodor,Shama,tshama2r@eepurl.com,Male,42.204.32.202
101,Raul,Lackington,rlackington2s@google.nl,Male,250.212.98.187
102,Joshia,Passfield,jpassfield2t@acquirethisname.com,Male,75.248.70.50
103,Wood,Bridgestock,wbridgestock2u@hhs.gov,Male,218.148.154.225
104,Erina,Ladbrook,eladbrook2v@ebay.co.uk,Polygender,129.248.100.190
105,Agna,Bisson,abisson2w@mail.ru,Female,226.4.132.219
106,Wilma,Bebis,wbebis2x@hao123.com,Female,7.196.57.151
107,Camille,Marian,cmarian2y@cornell.edu,Female,85.24.67.119
108,Cherrita,Largent,clargent2z@surveymonkey.com,Female,23.174.225.49
109,Charis,Pellew,cpellew30@drupal.org,Female,175.149.140.230
110,Annalise,Henriksson,ahenriksson31@about.com,Female,53.220.131.125
111,Shanie,Partridge,spartridge32@elpais.com,Female,106.21.69.76
112,Killian,Helliker,khelliker33@europa.eu,Male,160.57.167.240
113,Pammy,Godbert,pgodbert34@bloglovin.com,Female,75.49.222.190
114,Jennee,Tomini,jtomini35@addtoany.com,Female,32.53.181.214
115,Andrej,Oakman,aoakman36@bloglovin.com,Male,133.158.93.199
116,Renaud,Purse,rpurse37@domainmarket.com,Male,63.155.233.210
117,Jacquelynn,Ivanusyev,jivanusyev38@gov.uk,Female,96.242.189.180
118,Ezmeralda,Garrett,egarrett39@springer.com,Female,123.234.148.57
119,Brandtr,Leonida,bleonida3a@addthis.com,Male,67.92.156.90
120,Felizio,Raffan,fraffan3b@storify.com,Male,50.26.157.74
121,Lona,Cottingham,lcottingham3c@deliciousdays.com,Female,176.199.236.72
122,Dennet,Guise,dguise3d@slate.com,Male,52.100.43.51
123,Gearalt,Fretter,gfretter3e@arstechnica.com,Male,78.207.100.27
124,Vaughan,Krebs,vkrebs3f@tuttocitta.it,Male,235.36.218.51
125,Gardner,Dixcee,gdixcee3g@rambler.ru,Male,33.197.240.143
126,Sheree,Tregidgo,stregidgo3h@issuu.com,Female,72.139.85.197
127,Karita,Ostler,kostler3i@feedburner.com,Female,63.100.211.247
128,Louis,Pietzker,lpietzker3j@joomla.org,Male,27.106.187.207
129,Lorenzo,Trobridge,ltrobridge3k@chicagotribune.com,Polygender,136.100.119.7
130,Micky,Baggaley,mbaggaley3l@bravesites.com,Male,200.177.142.187
131,Mikey,Macieiczyk,mmacieiczyk3m@nsw.gov.au,Male,202.215.168.230
132,Giraldo,Sproston,gsproston3n@tinypic.com,Male,47.81.152.221
133,Denise,Crosseland,dcrosseland3o@dot.gov,Female,71.234.234.204
134,Ailbert,Peevor,apeevor3p@reverbnation.com,Male,207.192.34.111
135,Kaitlin,Clemence,kclemence3q@tripadvisor.com,Female,154.56.51.169
136,Nickola,Nisco,nnisco3r@thetimes.co.uk,Male,219.207.210.195
137,Hershel,Darville,hdarville3s@shop-pro.jp,Male,148.98.233.26
138,Rebekah,Gettone,rgettone3t@jigsy.com,Female,45.193.181.39
139,Dion,Warder,dwarder3u@china.com.cn,Female,62.145.56.244
140,Natividad,Jarrard,njarrard3v@istockphoto.com,Female,231.22.93.255
141,Nerissa,Beers,nbeers3w@howstuffworks.com,Female,180.74.65.104
142,Reeba,Spiaggia,rspiaggia3x@addtoany.com,Female,163.152.11.37
143,Florri,Rontsch,frontsch3y@dot.gov,Female,87.3.115.88
144,Othello,Carlson,ocarlson3z@columbia.edu,Male,246.161.241.29
145,Ester,Sharrier,esharrier40@cocolog-nifty.com,Genderqueer,62.38.46.233
146,Roley,Sabberton,rsabberton41@etsy.com,Male,49.19.215.232
147,Quinlan,Largen,qlargen42@google.nl,Male,42.86.67.132
148,Ralph,Truckett,rtruckett43@google.co.jp,Male,127.197.167.100
149,Lisbeth,Deamer,ldeamer44@surveymonkey.com,Female,81.145.25.188
150,Zenia,Bowell,zbowell45@chicagotribune.com,Female,247.196.12.0
151,Valentino,Thorouggood,vthorouggood46@trellian.com,Male,29.221.14.153
152,Melesa,Jelley,mjelley47@dot.gov,Female,95.127.203.22
153,Ahmed,Raccio,araccio48@hud.gov,Male,174.51.149.105
154,Silvain,Wyllis,swyllis49@sfgate.com,Male,244.67.183.169
155,Natale,Chadwick,nchadwick4a@e-recht24.de,Male,148.122.99.15
156,Artemis,Vallis,avallis4b@youku.com,Male,127.111.103.170
157,Alfonse,Bothams,abothams4c@tumblr.com,Male,78.208.102.92
158,Valida,Mewburn,vmewburn4d@google.ru,Female,217.217.24.127
159,Ansell,Czyz,aczyz4e@discuz.net,Male,54.56.240.99
160,Griz,Morley,gmorley4f@themeforest.net,Male,147.196.20.219
161,Perice,Ingleby,pingleby4g@themeforest.net,Male,88.63.22.153
162,Andros,Powlesland,apowlesland4h@independent.co.uk,Male,190.249.159.70
163,Kriste,Grishkov,kgrishkov4i@moonfruit.com,Female,77.196.43.45
164,Samara,Duiged,sduiged4j@archive.org,Female,48.78.157.186
165,Darcy,Towell,dtowell4k@disqus.com,Female,90.107.1.34
166,Belinda,Durston,bdurston4l@1688.com,Female,58.171.247.251
167,Ardelis,Chadbourne,achadbourne4m@ycombinator.com,Genderfluid,234.1.78.243
168,Marcus,Hullah,mhullah4n@1688.com,Male,106.4.186.161
169,Rene,Swynley,rswynley4o@weather.com,Female,175.107.4.30
170,Webster,Duckinfield,wduckinfield4p@si.edu,Male,61.237.100.240
171,Kandy,McCaskill,kmccaskill4q@china.com.cn,Genderfluid,143.9.146.212
172,Janice,Vankeev,jvankeev4r@ocn.ne.jp,Female,6.188.226.184
173,Geoffry,Cassells,gcassells4s@blogtalkradio.com,Male,60.220.71.89
174,Mill,Rutt,mrutt4t@istockphoto.com,Male,95.220.190.189
175,Darill,Dunford,ddunford4u@google.ru,Male,166.30.87.240
176,Joete,Ratter,jratter4v@senate.gov,Female,229.131.50.225
177,Gillan,Ducker,gducker4w@liveinternet.ru,Female,97.82.240.145
178,Alard,Terrill,aterrill4x@over-blog.com,Male,170.40.187.198
179,Chad,Bougen,cbougen4y@un.org,Male,8.43.124.105
180,Pen,Mathouse,pmathouse4z@bizjournals.com,Female,80.47.57.247
181,Hermon,Haskur,hhaskur50@cbslocal.com,Male,5.160.84.39
182,Marwin,Greet,mgreet51@deviantart.com,Male,205.108.182.3
183,Garey,Westcar,gwestcar52@livejournal.com,Non-binary,52.221.170.210
184,Alyce,Matevosian,amatevosian53@github.io,Female,90.80.196.15
185,Analiese,Brocklesby,abrocklesby54@twitpic.com,Female,20.206.214.242
186,Darill,Halvorsen,dhalvorsen55@indiegogo.com,Male,244.118.58.243
187,Leicester,Neylan,lneylan56@slashdot.org,Male,201.14.81.111
188,Margot,Kitteridge,mkitteridge57@blogspot.com,Female,204.69.132.51
189,Vikky,Stidworthy,vstidworthy58@theatlantic.com,Female,145.183.174.217
190,Ceil,Lundie,clundie59@constantcontact.com,Female,64.238.200.50
191,Elbertine,Huff,ehuff5a@statcounter.com,Agender,166.207.39.219
192,Welsh,Coult,wcoult5b@live.com,Male,43.81.115.227
193,Linnet,Hammand,lhammand5c@ox.ac.uk,Female,212.224.242.66
194,Rollins,Vale,rvale5d@ifeng.com,Male,123.243.179.162
195,Babbette,Craney,bcraney5e@constantcontact.com,Female,64.58.188.129
196,Debi,Patillo,dpatillo5f@multiply.com,Polygender,80.99.110.151
197,Allie,Helmke,ahelmke5g@ifeng.com,Male,141.24.228.48
198,Norry,Zanutti,nzanutti5h@webmd.com,Female,226.34.147.92
199,Arabel,Delmage,adelmage5i@ed.gov,Female,67.102.56.152
200,Robin,Chilcott,rchilcott5j@weibo.com,Male,175.173.122.196
201,Asa,Kief,akief5k@vk.com,Male,193.157.219.73
202,Othilie,Hollindale,ohollindale5l@irs.gov,Female,31.121.155.0
203,Cornelius,Myring,cmyring5m@mozilla.com,Male,225.22.158.32
204,Angelita,Sweetzer,asweetzer5n@reference.com,Female,222.63.10.168
205,Willis,Coneybeare,wconeybeare5o@smh.com.au,Male,181.54.240.96
206,Sydel,Oulet,soulet5p@fc2.com,Female,120.178.167.92
207,Hinda,Cadwell,hcadwell5q@japanpost.jp,Female,121.83.161.86
208,Ricky,Heam,rheam5r@webmd.com,Male,4.132.98.105
209,Beatrisa,De Caroli,bdecaroli5s@163.com,Non-binary,190.165.217.169
210,King,Ferronel,kferronel5t@cam.ac.uk,Male,129.238.37.222
211,Sherry,Bauser,sbauser5u@flavors.me,Female,164.80.211.244
212,Letisha,Halhead,lhalhead5v@technorati.com,Female,61.232.152.99
213,Vaclav,Curragh,vcurragh5w@wufoo.com,Male,80.162.212.181
214,Dalila,Innman,dinnman5x@ask.com,Bigender,136.75.117.157
215,Connie,Setterfield,csetterfield5y@smh.com.au,Female,54.89.150.8
216,Roarke,Ivashov,rivashov5z@sciencedirect.com,Male,38.28.210.19
217,Jeromy,Goulthorp,jgoulthorp60@1und1.de,Male,154.14.9.111
218,Ophelia,Hollier,ohollier61@gizmodo.com,Female,186.209.210.110
219,Grazia,Dyshart,gdyshart62@buzzfeed.com,Female,226.71.42.226
220,Tiphani,O'Day,today63@bloglovin.com,Female,176.217.18.179
221,Natalee,Fold,nfold64@webnode.com,Female,109.72.211.232
222,Joni,Addicott,jaddicott65@typepad.com,Female,12.25.168.104
223,Raffarty,Cutsforth,rcutsforth66@wikimedia.org,Male,129.199.40.228
224,Jacquette,Daudray,jdaudray67@utexas.edu,Female,88.4.238.9
225,George,Godspeede,ggodspeede68@reuters.com,Male,23.52.250.106
226,Elinore,Beacroft,ebeacroft69@example.com,Female,131.204.139.112
227,Win,Cush,wcush6a@cnet.com,Male,249.29.16.206
228,Caitlin,Daspar,cdaspar6b@alexa.com,Female,4.246.11.185
229,Robert,Maundrell,rmaundrell6c@360.cn,Male,213.11.132.112
230,Bobbie,Bullas,bbullas6d@goo.gl,Female,157.108.214.29
231,Xerxes,Danton,xdanton6e@sourceforge.net,Male,87.215.238.86
232,Dorian,Liggons,dliggons6f@reuters.com,Male,189.218.53.59
233,Robyn,Scott,rscott6g@networksolutions.com,Female,6.211.90.127
234,Bradley,Buzin,bbuzin6h@home.pl,Male,73.245.238.122
235,Tonie,Winfindine,twinfindine6i@cbslocal.com,Female,8.227.119.243
236,Lynnett,Cusworth,lcusworth6j@ocn.ne.jp,Female,62.253.240.3
237,Jessamyn,Ginnaly,jginnaly6k@ehow.com,Female,18.240.222.148
238,Leena,Copeman,lcopeman6l@cbc.ca,Female,53.180.163.161
239,Burr,Padfield,bpadfield6m@microsoft.com,Male,101.78.74.185
240,Kesley,Collough,kcollough6n@bandcamp.com,Female,62.148.16.86
241,Lin,Musico,lmusico6o@xinhuanet.com,Male,54.50.221.247
242,Kattie,Klosterman,kklosterman6p@youtube.com,Female,161.167.136.25
243,Ermin,Etchell,eetchell6q@dailymail.co.uk,Male,23.0.175.43
244,Stepha,MacBrearty,smacbrearty6r@surveymonkey.com,Female,11.213.207.74
245,Virginie,Steiner,vsteiner6s@opera.com,Female,228.104.148.223
246,Terrel,Glyne,tglyne6t@topsy.com,Male,188.155.206.88
247,Herculie,Bullough,hbullough6u@statcounter.com,Male,144.244.190.47
248,Domini,Ruperto,druperto6v@latimes.com,Female,123.4.60.249
249,Kissie,Bescoby,kbescoby6w@prnewswire.com,Female,71.121.206.183
250,Erena,Date,edate6x@google.ru,Female,6.212.104.108
251,Ely,Kermit,ekermit6y@soup.io,Male,189.165.5.108
252,Catha,Ebbs,cebbs6z@tinyurl.com,Female,157.91.190.93
253,Philipa,Veitch,pveitch70@uiuc.edu,Female,209.39.217.106
254,Hugo,Ramas,hramas71@si.edu,Male,150.102.20.230
255,Ferdie,Fundell,ffundell72@amazon.com,Male,49.42.2.78
256,Gray,Calderon,gcalderon73@cocolog-nifty.com,Male,26.221.59.11
257,Harrie,Bolitho,hbolitho74@vkontakte.ru,Female,63.242.209.102
258,Frieda,Nigh,fnigh75@businessinsider.com,Female,111.83.123.115
259,Rana,Stevings,rstevings76@oaic.gov.au,Female,63.236.210.130
260,Astrid,Hayen,ahayen77@archive.org,Female,99.104.157.155
261,Kacie,Daniely,kdaniely78@nba.com,Female,206.130.220.13
262,Jeramie,Dosdill,jdosdill79@bravesites.com,Genderqueer,175.169.123.148
263,Dari,Grumley,dgrumley7a@shop-pro.jp,Female,207.180.22.219
264,Lou,Darlow,ldarlow7b@google.ca,Female,212.251.176.137
265,Uriah,Lokier,ulokier7c@alexa.com,Male,119.128.135.167
266,Keven,Budding,kbudding7d@list-manage.com,Male,66.181.219.118
267,Don,Pelling,dpelling7e@rediff.com,Male,232.222.65.142
268,Durant,Voules,dvoules7f@prweb.com,Male,140.253.52.94
269,Abbe,Vanyashin,avanyashin7g@qq.com,Male,166.20.28.236
270,Jill,Linn,jlinn7h@yale.edu,Female,135.114.66.85
271,Emlynn,Imlach,eimlach7i@salon.com,Female,138.33.23.186
272,Major,Saket,msaket7j@statcounter.com,Male,245.236.252.65
273,Frederica,Sheardown,fsheardown7k@angelfire.com,Female,88.99.197.114
274,Shelton,Legonidec,slegonidec7l@myspace.com,Male,69.63.37.77
275,Conan,Lanmeid,clanmeid7m@meetup.com,Male,242.75.40.51
276,Hali,Wipfler,hwipfler7n@latimes.com,Female,8.142.56.146
277,Addy,Jarley,ajarley7o@creativecommons.org,Male,238.209.9.201
278,Lindsey,Tourle,ltourle7p@squarespace.com,Male,186.57.40.240
279,Zitella,Chucks,zchucks7q@oaic.gov.au,Polygender,13.53.63.77
280,Celene,Caldicott,ccaldicott7r@google.nl,Female,98.15.176.169
281,Mercy,Martinot,mmartinot7s@sun.com,Female,123.70.169.197
282,Madelina,Patullo,mpatullo7t@macromedia.com,Female,225.60.19.38
283,Antone,Hurworth,ahurworth7u@cam.ac.uk,Male,149.246.202.6
284,Karita,Bousler,kbousler7v@ucoz.com,Genderfluid,17.150.204.16
285,Paige,Rosenhaus,prosenhaus7w@surveymonkey.com,Male,240.188.183.193
286,Sherwin,Arnli,sarnli7x@digg.com,Male,76.105.238.69
287,Neal,Normanville,nnormanville7y@smugmug.com,Male,98.249.165.3
288,Ronny,Thonason,rthonason7z@unblog.fr,Male,74.74.37.101
289,Ruthann,Sherrard,rsherrard80@sphinn.com,Female,137.130.205.55
290,Katlin,Lelliott,klelliott81@xing.com,Female,233.151.148.115
291,Edwin,Trewhitt,etrewhitt82@pinterest.com,Male,226.214.148.14
292,Torie,Risebarer,trisebarer83@networkadvertising.org,Female,195.217.235.75
293,Terrell,Gosdin,tgosdin84@miibeian.gov.cn,Male,149.5.219.183
294,Horten,Chaldecott,hchaldecott85@weebly.com,Male,139.33.202.23
295,Claybourne,de Tocqueville,cdetocqueville86@wp.com,Male,199.9.125.106
296,Antons,Eisikowitch,aeisikowitch87@nhs.uk,Male,253.244.71.149
297,Wilhelmine,Ingon,wingon88@squidoo.com,Female,20.213.176.111
298,Colette,Randerson,cranderson89@yahoo.com,Genderfluid,192.59.84.239
299,Kelsi,Lawrance,klawrance8a@feedburner.com,Female,135.92.198.89
300,Car,Shinner,cshinner8b@prweb.com,Male,89.229.233.7
301,Marybeth,Fatharly,mfatharly8c@telegraph.co.uk,Female,20.113.251.239
302,Noah,Stanbridge,nstanbridge8d@nih.gov,Male,191.206.34.140
303,Alyse,Honnicott,ahonnicott8e@hhs.gov,Female,110.204.122.44
304,Filmore,Casaccio,fcasaccio8f@plala.or.jp,Male,163.66.55.171
305,Cecil,Prewett,cprewett8g@google.co.uk,Female,97.32.199.189
306,Kennedy,Karolczyk,kkarolczyk8h@senate.gov,Agender,209.254.99.145
307,Maurizia,Kubicki,mkubicki8i@china.com.cn,Female,122.152.205.162
308,Gottfried,Barclay,gbarclay8j@deviantart.com,Male,143.105.171.101
309,Clevie,Jest,cjest8k@chron.com,Male,67.164.154.169
310,Thedric,Balf,tbalf8l@wikipedia.org,Male,250.232.92.149
311,Baxter,Filippo,bfilippo8m@apple.com,Genderfluid,234.236.160.219
312,Kip,Warwicker,kwarwicker8n@un.org,Male,198.122.151.119
313,Annette,Causley,acausley8o@hexun.com,Female,61.177.160.29
314,Angie,Kemish,akemish8p@goo.ne.jp,Female,110.131.2.227
315,Christiane,Pashen,cpashen8q@tamu.edu,Bigender,124.188.7.53
316,Kaye,Mintoft,kmintoft8r@icq.com,Female,209.174.33.112
317,Ardenia,Klus,aklus8s@posterous.com,Female,235.116.93.100
318,Bartram,Dunne,bdunne8t@indiatimes.com,Male,222.68.10.236
319,Morgen,Crouch,mcrouch8u@ustream.tv,Female,34.220.125.63
320,Lian,Brissenden,lbrissenden8v@zdnet.com,Female,250.139.130.225
321,Arnuad,Huton,ahuton8w@edublogs.org,Male,105.5.204.128
322,Greta,Szimoni,gszimoni8x@foxnews.com,Female,231.25.185.216
323,Joli,Trulock,jtrulock8y@ycombinator.com,Female,80.27.162.36
324,Paula,Jandel,pjandel8z@cnbc.com,Female,62.192.49.15
325,Kikelia,Kiddie,kkiddie90@businesswire.com,Female,58.53.235.148
326,Marijo,Teers,mteers91@ask.com,Female,9.193.232.88
327,Norry,McConville,nmcconville92@ebay.co.uk,Male,114.251.162.60
328,Taylor,Ferrarese,tferrarese93@discovery.com,Genderfluid,134.203.27.103
329,Pepito,Tilne,ptilne94@weibo.com,Male,58.181.83.231
330,Hugh,Sweetnam,hsweetnam95@oaic.gov.au,Male,120.254.98.96
331,Cozmo,Freeberne,cfreeberne96@whitehouse.gov,Male,56.187.114.167
332,Colene,Bytheway,cbytheway97@nyu.edu,Female,25.29.122.115
333,Pierre,Klassmann,pklassmann98@soup.io,Male,12.197.128.142
334,Erinn,McLugaish,emclugaish99@blogs.com,Female,14.236.157.6
335,Nickie,Burr,nburr9a@bing.com,Female,120.140.173.158
336,Cecilla,Dowsey,cdowsey9b@free.fr,Female,53.64.22.150
337,Terence,Sherrett,tsherrett9c@gmpg.org,Male,233.89.211.93
338,Ame,Bromige,abromige9d@noaa.gov,Female,133.244.12.65
339,Odell,Weldrick,oweldrick9e@buzzfeed.com,Male,56.216.217.238
340,Lorrin,Migheli,lmigheli9f@hostgator.com,Female,176.34.144.255
341,Hamlen,Morehall,hmorehall9g@jigsy.com,Male,15.247.235.39
342,Nydia,Mullender,nmullender9h@fc2.com,Female,71.51.123.95
343,Pascale,Kelwaybamber,pkelwaybamber9i@oracle.com,Male,105.101.144.223
344,Westley,Albery,walbery9j@indiegogo.com,Male,18.183.17.100
345,Orella,Edden,oedden9k@wordpress.com,Female,84.132.145.68
346,Randene,Sedgebeer,rsedgebeer9l@diigo.com,Female,52.246.240.40
347,Rhodie,Todari,rtodari9m@seattletimes.com,Female,225.214.96.222
348,Jayme,Rustman,jrustman9n@elpais.com,Male,99.161.37.128
349,Jordana,Siggs,jsiggs9o@virginia.edu,Female,241.125.61.66
350,Wyn,Gwilliams,wgwilliams9p@macromedia.com,Male,203.170.96.158
351,Coleen,Royden,croyden9q@scientificamerican.com,Female,171.160.19.156
352,Clea,Mathonnet,cmathonnet9r@irs.gov,Female,89.73.26.217
353,Eli,Hantusch,ehantusch9s@fotki.com,Male,108.211.73.45
354,Fletch,Linwood,flinwood9t@go.com,Male,168.42.222.116
355,Tye,Curless,tcurless9u@businesswire.com,Male,38.138.170.45
356,Ameline,Thompson,athompson9v@soundcloud.com,Genderqueer,238.115.38.225
357,Cassy,Larrett,clarrett9w@infoseek.co.jp,Female,213.117.150.252
358,Alfonso,Harsum,aharsum9x@xinhuanet.com,Male,224.155.144.66
359,Karolina,Whatman,kwhatman9y@ebay.co.uk,Female,221.101.91.102
360,Stacee,Whittington,swhittington9z@godaddy.com,Female,16.58.34.49
361,Benedicta,Sails,bsailsa0@oaic.gov.au,Female,140.188.254.206
362,Stacee,Queenborough,squeenborougha1@dailymotion.com,Male,64.108.30.24
363,Jory,Burles,jburlesa2@hostgator.com,Male,100.47.252.254
364,Harriot,Childe,hchildea3@ycombinator.com,Non-binary,124.30.190.116
365,Eleanor,Loving,elovinga4@arstechnica.com,Female,123.36.72.38
366,Zabrina,Purchase,zpurchasea5@cnn.com,Female,29.7.10.219
367,Reinhold,McMenemy,rmcmenemya6@foxnews.com,Male,13.102.65.138
368,Terrill,Portlock,tportlocka7@github.io,Male,90.153.160.191
369,Hansiain,Harnett,hharnetta8@plala.or.jp,Male,233.67.254.90
370,Pyotr,Chrispin,pchrispina9@miibeian.gov.cn,Male,246.215.36.102
371,Hedi,Hookes,hhookesaa@washington.edu,Female,191.143.116.68
372,Bertram,Surman,bsurmanab@nymag.com,Male,9.205.246.196
373,Gill,Roland,grolandac@dion.ne.jp,Genderfluid,45.77.108.132
374,Norrie,Moncreiff,nmoncreiffad@typepad.com,Male,251.150.14.235
375,Kay,Wellwood,kwellwoodae@technorati.com,Female,179.58.46.185
376,Charo,Bennetto,cbennettoaf@cam.ac.uk,Female,181.67.158.90
377,Roselle,Brothers,rbrothersag@bbb.org,Agender,178.242.102.79
378,Val,Pawlowicz,vpawlowiczah@moonfruit.com,Male,103.12.247.220
379,Binnie,Razoux,brazouxai@biglobe.ne.jp,Female,251.146.53.30
380,Duky,Chrippes,dchrippesaj@ucla.edu,Male,158.29.194.185
381,Hurleigh,Sebring,hsebringak@nationalgeographic.com,Genderqueer,184.134.24.196
382,Bailey,Scoterbosh,bscoterboshal@bluehost.com,Male,110.33.107.7
383,Brian,O'Lunny,bolunnyam@symantec.com,Male,28.236.113.173
384,Arne,Malyon,amalyonan@trellian.com,Male,42.123.96.192
385,Katlin,Row,krowao@example.com,Female,160.131.1.191
386,Madelaine,Skidmore,mskidmoreap@cocolog-nifty.com,Female,217.8.15.246
387,Reilly,Klossmann,rklossmannaq@t.co,Male,104.224.211.13
388,Misty,Cheyney,mcheyneyar@deviantart.com,Female,122.195.76.2
389,Lewiss,Windmill,lwindmillas@usatoday.com,Male,179.157.152.100
390,Gabi,Peidro,gpeidroat@example.com,Male,15.180.225.64
391,Lincoln,Rosendall,lrosendallau@woothemes.com,Male,78.128.119.106
392,Noel,Worsfold,nworsfoldav@sina.com.cn,Female,23.20.31.68
393,Dyanne,Ennor,dennoraw@i2i.jp,Female,246.138.162.180
394,Venita,Heinke,vheinkeax@vimeo.com,Female,116.180.4.34
395,Calhoun,Leavesley,cleavesleyay@nps.gov,Male,23.249.151.64
396,Aldin,Tellenbrok,atellenbrokaz@mail.ru,Male,209.127.29.69
397,Eddie,Fontelles,efontellesb0@bloglovin.com,Female,24.87.183.98
398,Silvio,Pycock,spycockb1@alexa.com,Agender,57.173.25.148
399,Brigitte,Slack,bslackb2@jimdo.com,Agender,204.135.206.202
400,Rodd,Peterkin,rpeterkinb3@senate.gov,Male,199.233.235.12
401,Leanna,Danbye,ldanbyeb4@pbs.org,Female,168.229.59.26
402,Hermine,Spittall,hspittallb5@weibo.com,Female,184.157.163.26
403,Blancha,Hawkswood,bhawkswoodb6@vk.com,Female,145.248.70.52
404,Fletch,Oloshin,foloshinb7@posterous.com,Male,219.136.14.117
405,Kellia,Wadge,kwadgeb8@cbsnews.com,Bigender,161.80.38.192
406,Jamison,Tenney,jtenneyb9@istockphoto.com,Male,248.133.21.82
407,Becka,Pitcaithley,bpitcaithleyba@wordpress.com,Female,252.29.86.174
408,Rodi,Rummer,rrummerbb@digg.com,Female,39.156.96.84
409,Berton,Pritchard,bpritchardbc@a8.net,Genderfluid,209.75.26.21
410,Rennie,Bellini,rbellinibd@cdc.gov,Female,92.183.116.218
411,Abraham,Hincham,ahinchambe@4shared.com,Male,127.254.121.42
412,Terencio,Crosskell,tcrosskellbf@artisteer.com,Male,7.93.249.246
413,Si,Wilstead,swilsteadbg@aboutads.info,Male,194.20.95.154
414,Obed,Livingston,olivingstonbh@harvard.edu,Male,77.210.216.123
415,Jelene,Starie,jstariebi@free.fr,Female,67.169.32.166
416,Olivero,Mochan,omochanbj@nytimes.com,Male,144.228.136.81
417,Pete,Whewill,pwhewillbk@gmpg.org,Male,155.185.98.73
418,Innis,Cottom,icottombl@house.gov,Male,209.184.48.164
419,Kizzee,MacSharry,kmacsharrybm@reuters.com,Female,242.220.222.204
420,Ellissa,Borkett,eborkettbn@vk.com,Female,247.78.155.3
421,Berkeley,Bumby,bbumbybo@businessweek.com,Male,196.237.220.218
422,Elias,Rew,erewbp@sbwire.com,Male,18.119.158.13
423,Violet,Sevior,vseviorbq@weather.com,Female,33.27.80.5
424,Marjorie,O'Carmody,mocarmodybr@un.org,Female,238.21.245.251
425,Flem,Wilkin,fwilkinbs@yellowbook.com,Male,162.189.67.14
426,Gabriell,Aspole,gaspolebt@webmd.com,Female,79.103.240.106
427,Jaime,Quinnelly,jquinnellybu@woothemes.com,Male,190.171.39.45
428,Johnny,Bentzen,jbentzenbv@youtu.be,Male,134.189.53.117
429,Lotty,Gander,lganderbw@dmoz.org,Female,109.135.16.149
430,Sigmund,Blenkin,sblenkinbx@cbsnews.com,Polygender,150.145.255.2
431,Mollee,McNeillie,mmcneillieby@wikipedia.org,Genderqueer,221.71.123.86
432,Vinson,Le Brum,vlebrumbz@cnbc.com,Male,215.197.234.81
433,Dino,Fridlington,dfridlingtonc0@sogou.com,Male,27.114.109.108
434,Mareah,Chadwick,mchadwickc1@google.com,Female,134.44.6.95
435,Glen,Bernth,gbernthc2@theguardian.com,Male,113.19.5.51
436,Dagny,Boodell,dboodellc3@china.com.cn,Male,233.62.214.93
437,Berthe,Weagener,bweagenerc4@cnbc.com,Female,140.68.124.204
438,Valeda,Fortesquieu,vfortesquieuc5@disqus.com,Female,243.37.205.224
439,Amalle,Aloshkin,aaloshkinc6@psu.edu,Female,205.62.216.119
440,Knox,Road,kroadc7@loc.gov,Male,148.236.55.148
441,Lucina,Vanyakin,lvanyakinc8@homestead.com,Female,254.28.192.146
442,Charmion,Asif,casifc9@dailymotion.com,Female,254.24.7.210
443,Tremaine,Newborn,tnewbornca@naver.com,Male,65.28.73.224
444,Viki,Leverage,vleveragecb@smh.com.au,Female,89.156.196.237
445,Roxanne,Bothen,rbothencc@qq.com,Female,62.1.170.115
446,Toinette,Parnby,tparnbycd@army.mil,Female,216.127.182.33
447,Ferris,Cypler,fcyplerce@berkeley.edu,Male,100.6.3.184
448,Paddy,Mollin,pmollincf@cloudflare.com,Male,162.165.34.27
449,Astrix,Cathenod,acathenodcg@netlog.com,Female,147.169.178.41
450,Valery,Baker,vbakerch@histats.com,Female,174.197.213.214
451,Petronilla,Einchcombe,peinchcombeci@nih.gov,Female,58.187.23.93
452,Amalia,Ironside,aironsidecj@e-recht24.de,Female,147.161.146.192
453,Elwin,Alastair,ealastairck@skyrock.com,Male,240.24.96.83
454,Bamby,Mulbery,bmulberycl@stanford.edu,Female,137.41.130.157
455,Judas,Pendry,jpendrycm@spiegel.de,Male,77.58.202.180
456,Swen,Rozec,srozeccn@intel.com,Male,248.226.251.47
457,Ange,Drover,adroverco@nature.com,Female,184.58.216.30
458,Jason,Elacoate,jelacoatecp@zimbio.com,Male,177.200.172.83
459,Farand,Weathers,fweatherscq@fc2.com,Female,20.115.77.111
460,Jude,Mitchelson,jmitchelsoncr@mapy.cz,Bigender,69.17.245.220
461,Janene,Hamby,jhambycs@smh.com.au,Female,250.211.130.1
462,Burk,Capelin,bcapelinct@tumblr.com,Bigender,6.138.161.177
463,Malvin,Pietasch,mpietaschcu@goo.gl,Agender,185.19.202.61
464,Reggi,Levitt,rlevittcv@weibo.com,Female,68.81.186.118
465,Florida,Penwell,fpenwellcw@arizona.edu,Female,240.45.218.81
466,Walker,Grigoire,wgrigoirecx@cam.ac.uk,Male,61.22.135.134
467,Paco,Longhorne,plonghornecy@imdb.com,Male,181.213.37.203
468,Johnny,Prudence,jprudencecz@cbsnews.com,Male,26.17.93.251
469,Rosalind,Giacobilio,rgiacobiliod0@barnesandnoble.com,Female,58.199.73.142
470,Gabbie,Toderi,gtoderid1@biblegateway.com,Male,48.216.133.11
471,Mario,Penella,mpenellad2@etsy.com,Male,119.124.253.157
472,Vivian,Filipczak,vfilipczakd3@fema.gov,Female,22.78.131.245
473,Georas,Dunford,gdunfordd4@google.nl,Male,146.42.246.209
474,Saraann,Oakenfield,soakenfieldd5@typepad.com,Female,244.18.178.174
475,Margy,Mc Grath,mmcgrathd6@prnewswire.com,Genderfluid,55.24.155.234
476,Sybil,Yakubovics,syakubovicsd7@cnbc.com,Female,106.3.83.125
477,Nickolai,Kalkhoven,nkalkhovend8@csmonitor.com,Male,47.237.187.202
478,Cassie,Bowdery,cbowderyd9@vimeo.com,Male,147.33.152.95
479,Lacey,Sooper,lsooperda@flickr.com,Female,187.240.114.85
480,Katleen,Brownbill,kbrownbilldb@amazon.co.jp,Female,47.116.139.5
481,Farrand,Filippi,ffilippidc@sun.com,Female,147.53.214.75
482,Huntley,Jewis,hjewisdd@ihg.com,Male,54.191.115.135
483,Anthea,Ganny,agannyde@yahoo.co.jp,Female,195.94.190.64
484,Corney,Bartalucci,cbartaluccidf@addtoany.com,Male,46.163.245.7
485,Timoteo,Swetenham,tswetenhamdg@phpbb.com,Male,43.215.144.39
486,Darsie,Mendoza,dmendozadh@1688.com,Female,128.2.45.115
487,Jerald,Chicken,jchickendi@gmpg.org,Male,0.125.150.234
488,Henrietta,Ambage,hambagedj@g.co,Female,156.17.155.25
489,Victor,Burnett,vburnettdk@scribd.com,Male,89.176.32.190
490,Halsy,Darth,hdarthdl@paypal.com,Male,76.160.205.33
491,Garik,Sives,gsivesdm@mayoclinic.com,Male,192.183.90.179
492,Lothaire,Garretts,lgarrettsdn@yandex.ru,Male,96.221.181.188
493,Michelle,Wiper,mwiperdo@gmpg.org,Female,25.151.103.182
494,Abrahan,Giovannazzi,agiovannazzidp@pcworld.com,Male,118.161.135.56
495,Amalee,Francom,afrancomdq@buzzfeed.com,Female,53.148.52.124
496,Evelin,Hovell,ehovelldr@themeforest.net,Male,129.78.174.65
497,Mendie,Melan,mmelands@angelfire.com,Male,5.226.27.122
498,Kimmy,Aubert,kaubertdt@bloglovin.com,Female,51.121.59.36
499,Judah,Manuello,jmanuellodu@mozilla.org,Male,206.164.48.13
500,Karie,Mahaddie,kmahaddiedv@ucoz.ru,Female,114.148.22.32
501,Murry,Sales,msalesdw@ebay.com,Male,96.77.54.153
502,Tam,Whilde,twhildedx@fda.gov,Male,100.34.162.194
503,Nevile,Start,nstartdy@nba.com,Male,251.217.224.229
504,Henry,Boobier,hboobierdz@cnbc.com,Male,185.252.174.49
505,Izabel,Yaakov,iyaakove0@a8.net,Polygender,34.98.13.138
506,Merrili,Mebius,mmebiuse1@dropbox.com,Female,198.117.157.247
507,Dorise,McLarnon,dmclarnone2@utexas.edu,Female,214.53.218.125
508,Eric,Harmant,eharmante3@yelp.com,Male,144.158.73.97
509,Wallace,Hasser,whassere4@reverbnation.com,Male,162.209.208.128
510,Elisha,Brodway,ebrodwaye5@youtube.com,Female,232.136.90.136
511,Roda,Van Schafflaer,rvanschafflaere6@jalbum.net,Female,72.242.154.189
512,Pen,Wabersich,pwabersiche7@dagondesign.com,Male,113.179.8.44
513,Linea,Heinreich,lheinreiche8@mediafire.com,Polygender,139.134.200.8
514,Amalie,Slader,asladere9@examiner.com,Female,157.244.142.192
515,Ignacio,Noble,inobleea@fastcompany.com,Male,159.193.104.136
516,Tammara,Sandiford,tsandifordeb@yahoo.com,Female,14.163.234.198
517,Quintin,Nevill,qnevillec@google.fr,Male,44.53.216.52
518,Eileen,Olenin,eolenined@yahoo.co.jp,Polygender,140.240.117.241
519,Frederic,Degli Antoni,fdegliantoniee@youku.com,Male,43.11.13.79
520,Ruthanne,Olsen,rolsenef@sun.com,Female,12.133.213.30
521,Maribelle,Largan,mlarganeg@fema.gov,Female,166.45.13.190
522,Raffarty,Wanless,rwanlesseh@nbcnews.com,Male,81.164.20.194
523,Jakie,Jorez,jjorezei@thetimes.co.uk,Genderfluid,37.155.170.174
524,Penelope,Tonbye,ptonbyeej@cpanel.net,Female,49.82.135.69
525,Kikelia,Buckbee,kbuckbeeek@surveymonkey.com,Female,225.120.170.92
526,Sayers,McColm,smccolmel@over-blog.com,Male,220.13.43.245
527,Derrick,Bryant,dbryantem@scientificamerican.com,Male,75.125.68.104
528,Bernardo,Sutterfield,bsutterfielden@ehow.com,Male,43.167.208.109
529,Mercy,Breukelman,mbreukelmaneo@gov.uk,Female,27.210.37.13
530,Koren,Toovey,ktooveyep@xrea.com,Female,210.208.24.131
531,Pepita,Edwick,pedwickeq@rediff.com,Female,108.45.169.218
532,Donnell,Clapton,dclaptoner@unesco.org,Male,193.146.174.207
533,Valentine,Conboy,vconboyes@vk.com,Male,238.175.72.41
534,Jeanne,Hunnywell,jhunnywellet@telegraph.co.uk,Female,50.143.238.213
535,Lonnard,Gabbidon,lgabbidoneu@fc2.com,Male,45.96.188.177
536,Jemie,Foskew,jfoskewev@tmall.com,Female,153.111.209.124
537,Bernard,Filchagin,bfilchaginew@ask.com,Male,230.100.216.7
538,Etienne,Benezet,ebenezetex@usatoday.com,Male,222.168.248.29
539,Mendy,Arthy,marthyey@pen.io,Male,27.81.113.101
540,Stephine,Eglington,seglingtonez@phoca.cz,Agender,191.0.106.45
541,Shurlocke,Basezzi,sbasezzif0@jigsy.com,Male,114.64.122.110
542,Zacharia,Bullimore,zbullimoref1@wikimedia.org,Male,210.131.192.169
543,Michal,Stansby,mstansbyf2@un.org,Male,23.4.205.40
544,Emmery,Persich,epersichf3@acquirethisname.com,Male,195.30.60.143
545,Gerhardine,Callington,gcallingtonf4@wired.com,Female,86.44.27.57
546,Netta,MacKim,nmackimf5@telegraph.co.uk,Female,154.78.40.85
547,Ruy,Navaro,rnavarof6@businesswire.com,Male,56.6.90.47
548,Pippa,Sousa,psousaf7@ning.com,Female,114.194.48.196
549,Janek,Scoyles,jscoylesf8@aboutads.info,Male,181.250.28.148
550,Leonora,Gooddie,lgooddief9@washington.edu,Female,86.50.14.36
551,Imelda,Handmore,ihandmorefa@amazon.co.jp,Female,65.174.55.181
552,Dulcinea,Wagstaffe,dwagstaffefb@spotify.com,Female,30.238.149.141
553,Zelda,Woodburne,zwoodburnefc@canalblog.com,Female,83.198.124.169
554,Abbie,Shobbrook,ashobbrookfd@alexa.com,Male,177.51.32.59
555,Phyllis,Westover,pwestoverfe@weibo.com,Female,255.199.110.238
556,Boycie,Hayers,bhayersff@mlb.com,Male,204.249.30.230
557,Andres,Plumtree,aplumtreefg@pcworld.com,Male,30.194.37.215
558,Asia,Garman,agarmanfh@bandcamp.com,Non-binary,251.231.151.143
559,Hieronymus,Osichev,hosichevfi@g.co,Male,22.196.170.23
560,Elizabet,Dunlap,edunlapfj@blinklist.com,Female,17.220.113.25
561,Zaccaria,Ellor,zellorfk@mac.com,Male,16.225.123.121
562,Bidget,Sweedland,bsweedlandfl@cbsnews.com,Female,101.3.210.217
563,Archambault,Potapczuk,apotapczukfm@weather.com,Male,127.113.51.99
564,Efren,Oldred,eoldredfn@redcross.org,Male,167.178.39.160
565,Hermine,Cockburn,hcockburnfo@github.com,Female,151.19.23.3
566,Scotti,Wand,swandfp@paypal.com,Male,146.210.134.69
567,Hedwig,Innman,hinnmanfq@mozilla.org,Female,246.184.8.159
568,Leon,Speere,lspeerefr@mapy.cz,Male,25.175.177.204
569,Efren,Congram,econgramfs@hibu.com,Male,211.65.2.131
570,Godfrey,Laird,glairdft@wordpress.org,Male,202.32.2.178
571,Shanna,Ellor,sellorfu@blinklist.com,Female,32.166.68.149
572,Florian,Note,fnotefv@digg.com,Male,71.161.93.62
573,Devonna,Bamb,dbambfw@mediafire.com,Female,169.126.175.155
574,Logan,Bottlestone,lbottlestonefx@cpanel.net,Male,75.150.173.73
575,Ted,Bowles,tbowlesfy@msu.edu,Male,113.131.169.32
576,Marianne,Trytsman,mtrytsmanfz@whitehouse.gov,Female,150.74.49.233
577,Piotr,Peracco,pperaccog0@spiegel.de,Male,246.225.57.195
578,Troy,Ciotti,tciottig1@mayoclinic.com,Male,64.29.50.115
579,Ricki,Loughney,rloughneyg2@usda.gov,Male,30.140.65.172
580,Kaycee,Crummey,kcrummeyg3@reuters.com,Female,76.101.133.79
581,Kelley,Old,koldg4@liveinternet.ru,Female,42.237.191.74
582,Krishna,Casetta,kcasettag5@canalblog.com,Male,86.232.152.10
583,Allard,Schoffler,aschofflerg6@wordpress.com,Genderqueer,211.187.48.85
584,Sloan,Bartoleyn,sbartoleyng7@businesswire.com,Male,181.236.118.160
585,Byrann,Kincaid,bkincaidg8@squidoo.com,Male,155.65.187.154
586,Elliott,De Bischop,edebischopg9@scientificamerican.com,Male,116.234.205.130
587,Pammi,Sineath,psineathga@gnu.org,Female,138.109.244.198
588,Aharon,Beak,abeakgb@taobao.com,Male,1.101.194.118
589,Patty,Pardi,ppardigc@kickstarter.com,Female,216.141.238.156
590,Moss,Dearth,mdearthgd@nationalgeographic.com,Male,140.187.84.112
591,Carrissa,Barwood,cbarwoodge@thetimes.co.uk,Female,76.172.232.167
592,Cassi,Venables,cvenablesgf@dedecms.com,Female,208.186.254.218
593,Shem,Vonasek,svonasekgg@webs.com,Male,76.196.235.75
594,Lewie,Norfolk,lnorfolkgh@sciencedaily.com,Male,182.219.242.160
595,Flossy,Slafford,fslaffordgi@cdbaby.com,Female,79.248.121.123
596,Lacy,Haskell,lhaskellgj@who.int,Female,19.42.5.215
597,Skyler,Towell,stowellgk@nifty.com,Male,63.54.242.63
598,Base,Edwinson,bedwinsongl@psu.edu,Male,57.244.179.63
599,Leora,Lowndesbrough,llowndesbroughgm@ibm.com,Female,166.189.104.239
600,Grayce,Windmill,gwindmillgn@dedecms.com,Female,5.98.165.29
601,Abrahan,Gellan,agellango@linkedin.com,Male,65.210.10.1
602,Heinrick,Wingrove,hwingrovegp@prweb.com,Male,100.67.213.34
603,Yovonnda,Exton,yextongq@google.it,Female,130.201.114.108
604,Doy,Trelevan,dtrelevangr@bandcamp.com,Male,224.193.150.10
605,Orelee,Smithen,osmithengs@sciencedirect.com,Female,119.53.218.173
606,Jarrett,Landre,jlandregt@stanford.edu,Male,102.186.134.150
607,Caz,Duffus,cduffusgu@go.com,Male,19.175.115.45
608,Yettie,Menelaws,ymenelawsgv@networksolutions.com,Female,75.223.47.117
609,Kip,Topling,ktoplinggw@google.pl,Female,239.198.204.235
610,Melisande,Dorn,mdorngx@bbb.org,Genderqueer,142.228.23.60
611,Andie,Winspear,awinspeargy@admin.ch,Female,110.206.43.195
612,Ham,Rivalant,hrivalantgz@goo.ne.jp,Male,218.195.63.176
613,Garwood,Budik,gbudikh0@freewebs.com,Polygender,30.194.202.67
614,Dru,Kissell,dkissellh1@adobe.com,Female,138.204.115.42
615,Leonhard,Andrusov,landrusovh2@cdc.gov,Male,163.229.62.225
616,Bat,Noods,bnoodsh3@shutterfly.com,Male,147.62.235.224
617,Jeffry,Benneyworth,jbenneyworthh4@businessinsider.com,Male,171.71.173.216
618,Rube,Jorcke,rjorckeh5@time.com,Polygender,121.19.73.242
619,Haroun,Storek,hstorekh6@liveinternet.ru,Male,58.209.74.92
620,Konstance,Abbe,kabbeh7@unc.edu,Female,91.172.226.15
621,Leilah,Hayzer,lhayzerh8@imdb.com,Female,126.21.19.103
622,Sam,Lincke,slinckeh9@businesswire.com,Female,142.72.43.103
623,Ruperto,Patrick,rpatrickha@naver.com,Male,209.224.202.172
624,Lyle,Deverille,ldeverillehb@latimes.com,Male,244.27.209.45
625,Chev,Isakovic,cisakovichc@va.gov,Male,17.236.233.200
626,Hanna,Tomovic,htomovichd@amazon.com,Female,217.50.119.193
627,Dennet,Stains,dstainshe@google.fr,Male,251.44.251.166
628,Boris,Luney,bluneyhf@mail.ru,Male,59.65.154.145
629,Ginnie,Gummow,ggummowhg@angelfire.com,Female,244.70.252.202
630,Jeth,Waller-Bridge,jwallerbridgehh@quantcast.com,Male,190.93.56.216
631,Cesaro,Medforth,cmedforthhi@deliciousdays.com,Male,148.58.235.75
632,Tris,Chapple,tchapplehj@bigcartel.com,Male,224.181.21.216
633,Catharine,Goakes,cgoakeshk@phoca.cz,Female,131.10.181.70
634,Fletcher,Rushbrook,frushbrookhl@i2i.jp,Male,247.44.232.33
635,Bianka,Poon,bpoonhm@360.cn,Female,36.45.29.52
636,Freddy,Purchase,fpurchasehn@gravatar.com,Male,113.154.59.247
637,Waverly,Rome,wromeho@cisco.com,Bigender,129.107.82.172
638,Debra,Heugle,dheuglehp@diigo.com,Female,13.53.81.4
639,Coralie,Tyght,ctyghthq@ebay.co.uk,Bigender,34.111.207.238
640,Diarmid,Worsell,dworsellhr@nbcnews.com,Male,170.209.112.6
641,Missie,Lavielle,mlaviellehs@dell.com,Female,158.200.177.2
642,Granthem,Ebdon,gebdonht@cdc.gov,Male,100.79.177.91
643,Jarib,Musgrave,jmusgravehu@biblegateway.com,Male,183.120.229.56
644,Rickert,Docket,rdockethv@google.com.au,Male,40.166.212.202
645,Janela,Grisewood,jgrisewoodhw@economist.com,Female,241.196.206.242
646,Martha,Bedle,mbedlehx@harvard.edu,Female,57.111.183.96
647,Rabbi,Kuhnwald,rkuhnwaldhy@uiuc.edu,Male,111.206.230.119
648,Julie,Dewes,jdeweshz@ftc.gov,Bigender,201.171.121.40
649,Ches,Mannix,cmannixi0@dot.gov,Male,80.107.122.143
650,Gibb,Dudny,gdudnyi1@diigo.com,Male,186.105.25.17
651,Taite,Housen,thouseni2@simplemachines.org,Male,101.195.159.127
652,Royce,Jardein,rjardeini3@hugedomains.com,Male,139.32.80.197
653,Harman,Reynard,hreynardi4@nyu.edu,Male,71.87.245.244
654,Karil,Grimwade,kgrimwadei5@plala.or.jp,Female,174.230.93.123
655,Ariela,Buxsey,abuxseyi6@yellowpages.com,Female,182.90.99.216
656,Linzy,Langrick,llangricki7@discuz.net,Female,225.214.252.104
657,Brad,Jovic,bjovici8@typepad.com,Male,94.61.249.222
658,Lew,Haines,lhainesi9@usda.gov,Agender,60.131.7.116
659,Kalil,Errey,kerreyia@epa.gov,Male,33.158.122.60
660,Nicolis,Gonzalo,ngonzaloib@illinois.edu,Male,132.255.59.108
661,Binni,Deroche,bderocheic@fotki.com,Female,174.240.111.188
662,Leonard,Grotty,lgrottyid@e-recht24.de,Bigender,161.184.180.93
663,Dorry,Mordecai,dmordecaiie@biblegateway.com,Genderqueer,23.212.246.11
664,Sargent,Bland,sblandif@constantcontact.com,Male,37.77.254.52
665,Averill,de Quincey,adequinceyig@businessweek.com,Male,242.201.22.23
666,Valle,Ballister,vballisterih@cafepress.com,Male,121.67.103.176
667,Rancell,Muldownie,rmuldownieii@marketwatch.com,Male,218.174.225.37
668,Patric,Behrens,pbehrensij@wired.com,Male,145.220.165.133
669,Ginelle,Charlotte,gcharlotteik@mayoclinic.com,Female,175.30.45.168
670,Theodor,Ellum,tellumil@house.gov,Agender,203.189.223.240
671,Violette,Gianotti,vgianottiim@wunderground.com,Female,13.54.57.140
672,Issie,Peyton,ipeytonin@spiegel.de,Female,41.126.31.214
673,Sallie,Bloor,sbloorio@drupal.org,Female,6.214.206.113
674,Lucais,Heggison,lheggisonip@ameblo.jp,Male,130.153.73.8
675,Kata,Wapples,kwapplesiq@nps.gov,Bigender,107.235.210.0
676,Paule,Broschke,pbroschkeir@businessweek.com,Female,218.70.221.73
677,Andrus,Flute,afluteis@parallels.com,Male,5.93.198.148
678,Sauveur,Gibbieson,sgibbiesonit@arstechnica.com,Male,161.232.120.1
679,Mart,Fludder,mfludderiu@youtu.be,Male,164.21.103.130
680,Meredithe,Giorgietto,mgiorgiettoiv@is.gd,Female,203.140.163.249
681,Celinka,Greenrod,cgreenrodiw@mozilla.org,Female,212.57.117.165
682,Lorita,Vagges,lvaggesix@vinaora.com,Female,52.176.152.73
683,Kellen,Carp,kcarpiy@icio.us,Female,130.166.35.32
684,Eldon,Metcalfe,emetcalfeiz@exblog.jp,Male,180.20.35.73
685,Udall,Toon,utoonj0@huffingtonpost.com,Male,122.38.53.40
686,Jo,Amiranda,jamirandaj1@engadget.com,Female,199.208.78.187
687,Sandra,Macellar,smacellarj2@hao123.com,Female,48.254.161.19
688,Stanfield,Sarle,ssarlej3@facebook.com,Male,33.34.69.166
689,Reese,Clixby,rclixbyj4@whitehouse.gov,Male,32.79.16.62
690,Desmund,Draco,ddracoj5@tripadvisor.com,Male,36.2.134.164
691,Marleen,Beaglehole,mbeagleholej6@rediff.com,Female,160.9.238.55
692,Renate,Carbert,rcarbertj7@miibeian.gov.cn,Female,224.124.134.16
693,Rick,Ambrogini,rambroginij8@amazon.com,Male,2.66.243.91
694,Everard,Cloutt,eclouttj9@pagesperso-orange.fr,Male,211.249.81.40
695,Lemmy,Cody,lcodyja@lycos.com,Male,142.125.122.56
696,Rudolf,Hailston,rhailstonjb@tinyurl.com,Male,254.60.167.11
697,Edan,Bowfin,ebowfinjc@rediff.com,Male,125.220.51.150
698,Ian,Crusham,icrushamjd@yahoo.com,Male,109.196.148.235
699,Hayes,Dew,hdewje@slashdot.org,Male,187.111.226.150
700,Brnaby,Canavan,bcanavanjf@hc360.com,Male,214.188.176.189
701,Bernardine,Fumagall,bfumagalljg@infoseek.co.jp,Female,61.124.57.233
702,Shandee,Boc,sbocjh@chicagotribune.com,Female,159.225.144.71
703,Kayla,Trinder,ktrinderji@cnet.com,Female,156.226.119.235
704,Derrik,Galton,dgaltonjj@cdbaby.com,Male,132.145.97.204
705,Nikoletta,Avarne,navarnejk@mozilla.com,Genderfluid,2.95.62.120
706,Mei,Bothie,mbothiejl@bizjournals.com,Female,44.54.78.100
707,Morly,Abade,mabadejm@ibm.com,Male,251.62.107.230
708,Lettie,Hoggan,lhogganjn@about.com,Female,226.54.7.247
709,Sondra,Goard,sgoardjo@amazonaws.com,Female,229.114.242.37
710,Ellerey,Hambric,ehambricjp@oracle.com,Male,168.248.12.56
711,Robb,Loreit,rloreitjq@unc.edu,Male,166.191.178.25
712,Miranda,Mitkcov,mmitkcovjr@aol.com,Female,21.193.181.85
713,Hortense,O'Dyvoy,hodyvoyjs@ed.gov,Female,182.208.49.197
714,Jackie,Walden,jwaldenjt@tinypic.com,Female,210.242.136.68
715,Carmencita,Jonson,cjonsonju@vk.com,Female,103.160.200.57
716,Pearle,Bullas,pbullasjv@seesaa.net,Female,162.223.141.249
717,Brad,Mc Carroll,bmccarrolljw@nhs.uk,Male,24.199.87.28
718,Anjela,Cornels,acornelsjx@sina.com.cn,Genderqueer,198.1.85.53
719,Linnell,Baudin,lbaudinjy@miibeian.gov.cn,Female,247.213.222.173
720,Vinnie,Badrick,vbadrickjz@bloglines.com,Male,173.232.100.216
721,Buckie,Siward,bsiwardk0@furl.net,Male,58.145.176.120
722,Theodoric,Beric,tberick1@icq.com,Male,86.222.218.113
723,Marietta,Vannuccinii,mvannucciniik2@diigo.com,Male,82.42.128.150
724,Walsh,Binding,wbindingk3@blinklist.com,Male,49.244.37.134
725,Mirelle,Punter,mpunterk4@nsw.gov.au,Female,83.135.104.194
726,Noemi,Skeel,nskeelk5@mit.edu,Female,180.80.85.213
727,Tod,Gouny,tgounyk6@admin.ch,Male,97.194.4.111
728,Jaye,Cobson,jcobsonk7@abc.net.au,Male,133.191.50.157
729,Mycah,Stanyard,mstanyardk8@dropbox.com,Male,222.70.131.253
730,Mendy,Dinneges,mdinnegesk9@seesaa.net,Male,193.117.41.110
731,Kare,Gentner,kgentnerka@sourceforge.net,Female,54.79.245.130
732,Jarrod,Yushkov,jyushkovkb@virginia.edu,Male,60.231.60.127
733,Goran,O'Cannon,gocannonkc@themeforest.net,Male,34.246.204.132
734,Onfre,Vint,ovintkd@techcrunch.com,Bigender,230.170.139.91
735,Ilyse,Cuffley,icuffleyke@ox.ac.uk,Female,144.246.139.34
736,Freeman,Sidey,fsideykf@buzzfeed.com,Male,99.77.53.242
737,Dacie,Low,dlowkg@cbslocal.com,Genderqueer,106.84.48.249
738,Elia,Doody,edoodykh@amazon.com,Male,247.189.254.196
739,Marita,Sprull,msprullki@buzzfeed.com,Female,6.174.111.42
740,Hayley,Spenton,hspentonkj@about.com,Female,80.67.142.220
741,Bellanca,Prydden,bpryddenkk@cloudflare.com,Female,44.50.92.34
742,Myca,Laister,mlaisterkl@domainmarket.com,Male,111.77.223.141
743,Noland,Frier,nfrierkm@plala.or.jp,Genderqueer,112.49.194.222
744,Keefer,Cordeux,kcordeuxkn@about.com,Genderfluid,57.66.73.98
745,Dede,Langley,dlangleyko@mac.com,Female,239.164.77.26
746,Padget,Rousell,prousellkp@oakley.com,Male,253.140.208.242
747,Allegra,Witterick,awitterickkq@altervista.org,Female,83.88.22.13
748,Rois,Kasperski,rkasperskikr@usda.gov,Genderfluid,210.18.188.221
749,Minny,Sarge,msargeks@columbia.edu,Female,85.237.56.214
750,Clerkclaude,Henriques,chenriqueskt@bloomberg.com,Male,92.56.38.101
751,Evey,Tongs,etongsku@unesco.org,Female,43.236.129.115
752,Minta,Mounch,mmounchkv@techcrunch.com,Genderfluid,187.144.56.47
753,Cherida,Emburey,cembureykw@statcounter.com,Female,225.216.200.35
754,Esme,Maith,emaithkx@latimes.com,Female,203.87.162.106
755,Carine,Cranston,ccranstonky@tripadvisor.com,Agender,96.178.145.117
756,Ally,Havill,ahavillkz@nih.gov,Genderfluid,35.224.13.208
757,Zachery,Gregoraci,zgregoracil0@istockphoto.com,Male,36.215.175.241
758,Saudra,Bentham,sbenthaml1@geocities.jp,Female,205.113.240.218
759,Marleen,Shelmerdine,mshelmerdinel2@buzzfeed.com,Bigender,78.168.127.217
760,Mady,Strotone,mstrotonel3@patch.com,Female,41.153.121.123
761,Davidson,Berrington,dberringtonl4@aboutads.info,Male,55.26.38.167
762,Valerie,Bolsteridge,vbolsteridgel5@ehow.com,Female,215.245.21.179
763,Bryn,Sandercock,bsandercockl6@who.int,Non-binary,196.113.149.141
764,Jilli,Enderlein,jenderleinl7@moonfruit.com,Female,39.247.36.23
765,Neils,Jevons,njevonsl8@whitehouse.gov,Male,232.246.90.165
766,Carlin,Brigdale,cbrigdalel9@state.tx.us,Male,7.224.224.232
767,Rosalyn,Pogosian,rpogosianla@multiply.com,Polygender,156.186.227.3
768,Kelli,Luckin,kluckinlb@elpais.com,Female,132.245.188.55
769,Lucais,O'Crowley,locrowleylc@cyberchimps.com,Male,99.24.219.51
770,Silvan,Warcop,swarcopld@gravatar.com,Male,210.52.34.142
771,Teodora,Castellet,tcastelletle@berkeley.edu,Female,82.40.54.48
772,Judie,Covotti,jcovottilf@xrea.com,Female,210.145.210.236
773,Sella,Ballendine,sballendinelg@imageshack.us,Female,135.83.132.32
774,Shalna,Jiracek,sjiraceklh@epa.gov,Female,55.250.139.139
775,Loretta,Izac,lizacli@usatoday.com,Female,95.96.156.12
776,Rodrick,Deverick,rdevericklj@last.fm,Male,122.90.52.126
777,Marven,Di Biasio,mdibiasiolk@reddit.com,Male,85.73.83.246
778,Cleavland,Forsyth,cforsythll@ftc.gov,Male,32.187.192.254
779,Huberto,Baniard,hbaniardlm@usgs.gov,Male,31.166.220.212
780,Nolly,Tettley,ntettleyln@europa.eu,Male,217.30.114.119
781,Hermie,Tolliday,htollidaylo@hud.gov,Male,178.188.89.246
782,Dynah,Freeborne,dfreebornelp@jimdo.com,Female,152.203.224.119
783,Pris,Grimble,pgrimblelq@ehow.com,Female,97.51.207.115
784,Basile,MacMichael,bmacmichaellr@businessinsider.com,Male,216.248.10.184
785,Kaine,Bibby,kbibbyls@google.cn,Male,192.113.30.132
786,Prissie,Stadden,pstaddenlt@de.vu,Female,140.94.207.49
787,Michelina,Cozby,mcozbylu@posterous.com,Female,171.169.93.206
788,Bobine,Creaser,bcreaserlv@amazon.com,Female,165.154.86.85
789,Sully,Caves,scaveslw@opera.com,Male,141.140.221.17
790,Leilah,McKintosh,lmckintoshlx@howstuffworks.com,Female,67.214.71.27
791,Isidora,McGillreich,imcgillreichly@smugmug.com,Female,165.148.1.119
792,Dorothy,Goldsmith,dgoldsmithlz@marketwatch.com,Female,12.234.85.124
793,Vivien,Johnston,vjohnstonm0@live.com,Female,92.162.43.35
794,Britt,Argrave,bargravem1@kickstarter.com,Male,244.156.121.125
795,Leigh,Aartsen,laartsenm2@dropbox.com,Male,170.106.60.169
796,Myrtle,Revell,mrevellm3@hatena.ne.jp,Female,121.221.248.91
797,Amalea,Andor,aandorm4@linkedin.com,Female,40.78.40.7
798,Ikey,Goldstein,igoldsteinm5@squidoo.com,Male,167.93.137.202
799,Ninette,Yepiskopov,nyepiskopovm6@51.la,Female,52.47.50.219
800,Marlyn,Gierardi,mgierardim7@marriott.com,Female,114.48.14.195
801,Slade,Prodrick,sprodrickm8@domainmarket.com,Agender,190.151.250.50
802,Starlene,Fyers,sfyersm9@histats.com,Female,93.2.47.32
803,Greggory,Winslow,gwinslowma@skyrock.com,Agender,248.247.44.146
804,Henry,Codner,hcodnermb@wufoo.com,Male,167.240.190.84
805,Nichol,Torri,ntorrimc@ucoz.com,Female,191.237.174.1
806,Brinna,Pitherick,bpitherickmd@i2i.jp,Female,68.252.141.124
807,Eveleen,Radband,eradbandme@facebook.com,Female,92.188.106.109
808,Jacklin,Bernette,jbernettemf@chicagotribune.com,Female,71.229.95.101
809,Lydon,Crowcombe,lcrowcombemg@sourceforge.net,Male,169.131.11.129
810,Ber,Saddler,bsaddlermh@youtube.com,Male,114.252.99.136
811,Kleon,Dabner,kdabnermi@ca.gov,Male,28.206.223.192
812,Dal,Lange,dlangemj@hhs.gov,Male,102.234.221.4
813,Fredric,Keenleyside,fkeenleysidemk@merriam-webster.com,Male,174.76.25.242
814,Rand,MacAirt,rmacairtml@springer.com,Non-binary,82.245.87.174
815,Dani,Rotge,drotgemm@ed.gov,Male,226.83.182.240
816,Tori,MacKinnon,tmackinnonmn@wsj.com,Female,125.183.26.14
817,Mathilde,O'Dempsey,modempseymo@prnewswire.com,Female,203.220.236.215
818,Noam,Deely,ndeelymp@youtube.com,Male,39.126.108.53
819,Konstance,Stogill,kstogillmq@spiegel.de,Female,14.205.254.160
820,Alena,Aulds,aauldsmr@t.co,Female,91.129.156.132
821,Christophorus,Handforth,chandforthms@google.nl,Male,216.108.191.4
822,Ulrika,Dymock,udymockmt@icq.com,Female,250.127.86.55
823,Blythe,Arnholz,barnholzmu@redcross.org,Female,85.139.183.97
824,Giselbert,Leamy,gleamymv@linkedin.com,Male,189.240.76.55
825,Tami,Berkely,tberkelymw@cdbaby.com,Female,142.154.169.34
826,Tyrus,Jane,tjanemx@tamu.edu,Genderqueer,102.60.80.72
827,Cob,Storey,cstoreymy@blogger.com,Male,146.68.31.195
828,Sybilla,Joanaud,sjoanaudmz@microsoft.com,Female,194.3.91.135
829,Kenyon,Etchell,ketchelln0@scribd.com,Male,140.178.112.110
830,Olin,Lempenny,olempennyn1@stanford.edu,Male,161.241.94.7
831,Judye,Franken,jfrankenn2@google.it,Genderqueer,190.0.117.197
832,Raddy,Simmonds,rsimmondsn3@tmall.com,Male,58.238.193.75
833,Lottie,Pavlik,lpavlikn4@istockphoto.com,Female,123.63.162.122
834,Darci,Book,dbookn5@quantcast.com,Female,207.127.200.80
835,Budd,O'Halloran,bohallorann6@123-reg.co.uk,Male,58.234.248.236
836,Leighton,Shillitto,lshillitton7@arstechnica.com,Male,218.136.219.35
837,Gilberto,Grunwald,ggrunwaldn8@arstechnica.com,Male,207.70.67.37
838,Vassili,Bennough,vbennoughn9@skyrock.com,Male,189.6.109.17
839,Had,Pillans,hpillansna@wufoo.com,Male,13.181.157.42
840,Rustin,Bawme,rbawmenb@artisteer.com,Male,23.171.140.150
841,Sayres,Lamcken,slamckennc@who.int,Male,187.238.45.207
842,Jania,O'Hagan,johagannd@netlog.com,Female,207.112.183.141
843,Berrie,Gusney,bgusneyne@yolasite.com,Female,90.83.167.193
844,Mariya,Dregan,mdregannf@comcast.net,Female,141.169.76.194
845,Loree,Mawson,lmawsonng@google.com,Agender,251.48.126.186
846,Ryan,Rosi,rrosinh@si.edu,Agender,88.47.56.17
847,Melamie,Manston,mmanstonni@google.it,Female,19.116.130.147
848,Vassily,Batey,vbateynj@soundcloud.com,Male,28.173.195.84
849,Annadiane,Purcell,apurcellnk@jalbum.net,Female,162.73.36.8
850,Evie,Kovnot,ekovnotnl@e-recht24.de,Genderqueer,61.139.44.39
851,Sibeal,Kembley,skembleynm@wikipedia.org,Female,132.42.145.59
852,Alfred,Gomes,agomesnn@businessweek.com,Male,170.212.206.155
853,Forster,Stainburn,fstainburnno@businessweek.com,Genderfluid,235.6.52.192
854,Austina,Leil,aleilnp@time.com,Female,244.104.148.138
855,Berenice,Van Schafflaer,bvanschafflaernq@utexas.edu,Female,161.246.94.23
856,Cherri,McAndie,cmcandienr@mac.com,Female,169.162.14.193
857,Hewie,Onyon,honyonns@cisco.com,Male,162.79.25.63
858,Milly,Rimmer,mrimmernt@livejournal.com,Female,205.213.148.32
859,Lurlene,Alvarez,lalvareznu@archive.org,Female,224.183.86.124
860,Dani,Wildey,dwildeynv@nytimes.com,Male,255.160.158.47
861,Jaye,Abbate,jabbatenw@wp.com,Male,207.113.227.127
862,Geoff,Pfertner,gpfertnernx@yahoo.co.jp,Male,132.77.88.194
863,Mayer,McDermott-Row,mmcdermottrowny@cbslocal.com,Non-binary,154.92.139.131
864,Emiline,McFie,emcfienz@pen.io,Female,175.246.241.145
865,Brandon,Birckmann,bbirckmanno0@php.net,Male,153.182.143.254
866,Quincey,Ancell,qancello1@icq.com,Bigender,249.56.35.151
867,Lizzy,Conry,lconryo2@ezinearticles.com,Female,236.189.74.7
868,Dolf,Mylechreest,dmylechreesto3@amazon.com,Male,12.190.156.84
869,Tristan,Lynas,tlynaso4@bloglines.com,Male,75.232.248.155
870,Cullin,Djorvic,cdjorvico5@statcounter.com,Male,124.74.220.42
871,Lonnie,Kieff,lkieffo6@cyberchimps.com,Male,141.45.252.255
872,Wolfgang,Izkovicz,wizkoviczo7@com.com,Male,114.233.139.110
873,Murdock,Zoppo,mzoppoo8@cbslocal.com,Male,122.26.23.41
874,Addia,Roo,arooo9@sitemeter.com,Female,43.38.18.126
875,Shir,Sandes,ssandesoa@simplemachines.org,Female,116.198.64.72
876,Georgianne,Burrass,gburrassob@reference.com,Female,80.162.81.105
877,Celinda,Coalburn,ccoalburnoc@harvard.edu,Female,0.157.105.227
878,Jeth,Greenmon,jgreenmonod@google.com,Male,128.67.224.172
879,Rebe,Messenbird,rmessenbirdoe@mapy.cz,Bigender,254.203.54.111
880,Gilberto,Broader,gbroaderof@typepad.com,Male,172.131.155.79
881,Worthington,Loosley,wloosleyog@delicious.com,Genderfluid,86.5.64.89
882,Wright,Vigne,wvigneoh@tuttocitta.it,Bigender,246.142.19.100
883,Bernardina,Mabson,bmabsonoi@nba.com,Female,227.64.47.98
884,Heida,Cutridge,hcutridgeoj@nhs.uk,Female,117.169.243.198
885,Edee,Masarrat,emasarratok@odnoklassniki.ru,Female,98.4.199.181
886,Granger,Olczyk,golczykol@springer.com,Agender,118.83.202.166
887,Nevin,Tappin,ntappinom@state.tx.us,Male,127.108.138.179
888,Myranda,Arnson,marnsonon@google.es,Female,172.134.77.85
889,Aggi,Wych,awychoo@comcast.net,Female,62.75.130.178
890,Karna,Doohan,kdoohanop@statcounter.com,Female,104.173.229.207
891,Allix,Mico,amicooq@dagondesign.com,Bigender,213.9.186.121
892,Theodor,Brien,tbrienor@posterous.com,Male,136.159.55.105
893,Ingar,Brewster,ibrewsteros@gmpg.org,Male,6.165.129.147
894,Ado,Bredee,abredeeot@hostgator.com,Male,109.117.127.158
895,Ruthann,Brangan,rbranganou@apple.com,Female,104.235.149.90
896,Sullivan,de Lloyd,sdelloydov@oracle.com,Male,98.214.62.220
897,Cordey,Scholard,cscholardow@cnbc.com,Female,200.73.63.67
898,Katie,Costar,kcostarox@nifty.com,Female,166.83.65.59
899,Brennan,Kelmere,bkelmereoy@psu.edu,Male,29.38.162.238
900,Daniel,Dils,ddilsoz@hostgator.com,Male,248.76.103.211
901,Odelinda,Ridehalgh,oridehalghp0@bing.com,Female,146.101.18.75
902,Bryn,Arch,barchp1@t.co,Bigender,169.156.183.130
903,Muffin,Stallwood,mstallwoodp2@drupal.org,Female,49.163.82.247
904,Marshal,McSparran,mmcsparranp3@trellian.com,Male,233.50.190.206
905,Kira,Tabram,ktabramp4@xinhuanet.com,Female,22.206.176.169
906,Arabella,Albury,aalburyp5@usa.gov,Female,71.209.97.203
907,Christoforo,Mixon,cmixonp6@google.com.hk,Male,91.91.173.174
908,Lulita,Brandom,lbrandomp7@rediff.com,Female,72.24.108.185
909,Micky,Rotchell,mrotchellp8@vistaprint.com,Female,162.205.137.18
910,Yoko,Delaprelle,ydelaprellep9@jigsy.com,Female,248.90.150.1
911,Cassaundra,Esselen,cesselenpa@zimbio.com,Polygender,56.79.42.22
912,Tessa,Ewols,tewolspb@hc360.com,Female,199.67.74.46
913,Kasper,McCurrie,kmccurriepc@mysql.com,Non-binary,250.158.49.26
914,Leyla,Sciusscietto,lsciussciettopd@amazonaws.com,Female,167.46.18.177
915,Thaxter,Buesnel,tbuesnelpe@epa.gov,Male,171.149.171.8
916,Annalee,Creak,acreakpf@time.com,Female,252.240.0.36
917,Patric,Toulamain,ptoulamainpg@google.co.uk,Agender,142.21.237.128
918,Gratiana,Cockshtt,gcockshttph@privacy.gov.au,Genderfluid,167.221.210.19
919,Bill,Scargill,bscargillpi@prlog.org,Male,145.218.140.113
920,Alexandro,Jinkinson,ajinkinsonpj@earthlink.net,Male,220.27.118.129
921,Bertina,Folke,bfolkepk@whitehouse.gov,Female,254.116.149.21
922,Dorthea,Cowle,dcowlepl@usgs.gov,Female,33.49.73.56
923,Adela,Eddow,aeddowpm@rediff.com,Female,163.100.253.182
924,Sibley,Sheldrick,ssheldrickpn@cbslocal.com,Female,177.89.6.10
925,Patrice,Le - Count,plecountpo@amazonaws.com,Genderqueer,8.184.22.104
926,Daisey,Poundsford,dpoundsfordpp@123-reg.co.uk,Female,5.115.230.113
927,Kassey,Sorbie,ksorbiepq@drupal.org,Female,14.184.102.222
928,Pete,McTrustie,pmctrustiepr@cafepress.com,Male,142.200.230.34
929,Sherwin,Eddoes,seddoesps@blog.com,Male,131.8.229.133
930,Michal,O'Nions,monionspt@mayoclinic.com,Male,159.128.11.63
931,Antonie,Goomes,agoomespu@cloudflare.com,Female,38.48.226.166
932,Chic,Longworthy,clongworthypv@dailymail.co.uk,Male,253.118.101.62
933,Horatia,Basler,hbaslerpw@howstuffworks.com,Female,113.78.206.238
934,Brett,Ellins,bellinspx@diigo.com,Bigender,210.88.107.16
935,Heda,Longina,hlonginapy@addtoany.com,Genderqueer,132.153.158.12
936,Christin,Lintott,clintottpz@bloglines.com,Female,52.196.4.151
937,Evangeline,Fedynski,efedynskiq0@miibeian.gov.cn,Bigender,66.158.71.22
938,Craggie,Sitlinton,csitlintonq1@dyndns.org,Male,214.154.21.76
939,Indira,Jaffray,ijaffrayq2@mail.ru,Female,101.79.68.181
940,Sybille,Fynn,sfynnq3@epa.gov,Female,98.91.241.210
941,Courtney,Larkings,clarkingsq4@marriott.com,Male,212.219.108.183
942,Callie,Mirando,cmirandoq5@sbwire.com,Female,180.9.28.223
943,Prentice,Eyres,peyresq6@nationalgeographic.com,Male,15.153.171.36
944,Algernon,Whear,awhearq7@blogger.com,Male,146.132.196.42
945,Guy,Humbatch,ghumbatchq8@illinois.edu,Polygender,149.173.134.127
946,Karel,Addis,kaddisq9@wordpress.org,Male,13.207.36.79
947,Ignacio,Scrooby,iscroobyqa@ucoz.ru,Male,91.228.188.131
948,Dermot,Gouth,dgouthqb@ebay.co.uk,Male,69.24.42.255
949,Karlotta,Abramovitz,kabramovitzqc@vimeo.com,Female,127.21.52.206
950,Chelsie,Vamplew,cvamplewqd@artisteer.com,Female,142.53.28.64
951,Sande,Matthensen,smatthensenqe@reverbnation.com,Bigender,108.169.83.169
952,Yasmeen,Gapper,ygapperqf@google.it,Female,249.53.240.0
953,Dur,Milam,dmilamqg@g.co,Male,122.78.243.247
954,Caria,Arnett,carnettqh@toplist.cz,Female,103.163.87.194
955,Moshe,Ors,morsqi@nsw.gov.au,Male,248.2.46.64
956,Marilee,Ellesworthe,melleswortheqj@npr.org,Female,86.92.114.71
957,Ingunna,Thurlby,ithurlbyqk@examiner.com,Female,38.137.46.215
958,Kakalina,Traves,ktravesql@canalblog.com,Female,125.151.10.242
959,Wesley,Cattermole,wcattermoleqm@samsung.com,Male,248.151.32.162
960,Tony,Kraft,tkraftqn@people.com.cn,Male,26.57.200.9
961,Lawton,Rhoddie,lrhoddieqo@prlog.org,Male,210.189.135.141
962,Xaviera,Kingsley,xkingsleyqp@dailymotion.com,Female,173.224.198.114
963,Birdie,Baglow,bbaglowqq@goo.ne.jp,Female,87.146.106.243
964,Billye,Scrafton,bscraftonqr@omniture.com,Female,228.70.210.70
965,Maggee,Smitten,msmittenqs@scientificamerican.com,Female,38.145.229.251
966,Brennen,Mcwhinney,bmcwhinneyqt@jiathis.com,Male,2.33.161.154
967,Cary,Tutchings,ctutchingsqu@php.net,Male,163.47.148.9
968,Tabbatha,Lalley,tlalleyqv@ihg.com,Female,33.13.100.177
969,Sarene,Tudge,studgeqw@nyu.edu,Female,7.52.211.232
970,Shelbi,Losselyong,slosselyongqx@rambler.ru,Female,153.182.195.51
971,Nickie,Sefton,nseftonqy@canalblog.com,Male,94.161.229.222
972,Odette,Giberd,ogiberdqz@dyndns.org,Female,151.39.205.88
973,Hervey,Fraschetti,hfraschettir0@usa.gov,Male,22.242.102.26
974,Arlee,Thumnel,athumnelr1@csmonitor.com,Female,229.147.137.152
975,Sharleen,Winspare,swinsparer2@google.com.br,Agender,254.46.18.77
976,Abraham,Craigie,acraigier3@studiopress.com,Genderqueer,41.120.246.63
977,Gweneth,Gregan,ggreganr4@youtube.com,Female,115.45.187.132
978,Troy,Demke,tdemker5@spiegel.de,Male,87.206.179.64
979,Aguistin,Tollit,atollitr6@state.tx.us,Male,147.52.167.27
980,Arther,Rigts,arigtsr7@myspace.com,Male,158.36.26.89
981,Noah,Sonley,nsonleyr8@multiply.com,Male,124.140.211.179
982,Abby,Hardern,ahardernr9@goo.gl,Bigender,42.1.231.182
983,Thurston,Conybear,tconybearra@thetimes.co.uk,Male,218.105.64.21
984,Ernst,Serfati,eserfatirb@cpanel.net,Male,102.72.199.180
985,Jordain,Antrag,jantragrc@thetimes.co.uk,Genderqueer,223.168.122.92
986,Rheba,Annes,rannesrd@noaa.gov,Polygender,141.204.165.170
987,Doria,McClinton,dmcclintonre@blog.com,Female,204.130.227.120
988,Hanan,Mountain,hmountainrf@tiny.cc,Male,79.142.20.68
989,Lenee,Colquit,lcolquitrg@ftc.gov,Female,215.66.96.60
990,Earle,Creed,ecreedrh@answers.com,Male,18.217.39.205
991,Yovonnda,Bridgeman,ybridgemanri@paginegialle.it,Female,5.223.53.174
992,Meghann,Ainslie,mainslierj@archive.org,Female,136.222.3.74
993,Yurik,Coonan,ycoonanrk@bandcamp.com,Male,203.25.153.230
994,Creighton,Meek,cmeekrl@pinterest.com,Male,234.164.101.236
995,Grady,Reddington,greddingtonrm@washington.edu,Male,217.29.146.77
996,Viole,Coggan,vcogganrn@princeton.edu,Female,243.209.52.207
997,Durant,Kleiner,dkleinerro@angelfire.com,Male,54.33.116.65
998,Auria,Furley,afurleyrp@senate.gov,Female,65.132.230.225
999,Huntlee,Danielou,hdanielourq@vk.com,Male,103.222.226.86
1000,Farrah,Gadie,fgadierr@barnesandnoble.com,Female,175.132.14.24
